timestamp,load_mw,load_forecast_mw,temperature_2m,relative_humidity_2m,wind_speed_10m,hour,dayofweek,month,is_weekend,is_holiday,load_lag_24h,load_lag_168h,load_rolling_24h_mean
2023-01-01 00:00:00+01:00,38741.0875,42215.4725,14.5,63.911694,28.312117,0,6,1,1,1,,,
2023-01-01 01:00:00+01:00,38156.22,40026.935,15.25,58.654552,30.532158,1,6,1,1,1,,,
2023-01-01 02:00:00+01:00,37307.0,38631.03,15.65,54.676945,30.699368,2,6,1,1,1,,,
2023-01-01 03:00:00+01:00,36290.825,37588.6625,15.7,52.47512,31.259941,3,6,1,1,1,,,
2023-01-01 04:00:00+01:00,35839.7725,37705.735,15.8,50.542103,28.394392,4,6,1,1,1,,,
2023-01-01 05:00:00+01:00,36001.88,36629.479999999996,15.75,49.486946,28.266304,5,6,1,1,1,,,
2023-01-01 06:00:00+01:00,35585.31,34976.3075,14.55,54.958565,27.381308,6,6,1,1,1,,,
2023-01-01 07:00:00+01:00,36532.535,35351.2,14.4,56.267418,28.312117,7,6,1,1,1,,,
2023-01-01 08:00:00+01:00,37193.2475,36933.16,14.4,56.657856,29.533169,8,6,1,1,1,,,
2023-01-01 09:00:00+01:00,39599.0,39560.3875,14.55,56.891987,29.871325,9,6,1,1,1,,,
2023-01-01 10:00:00+01:00,41398.1875,41632.5025,14.65,58.305733,29.01743,10,6,1,1,1,,,
2023-01-01 11:00:00+01:00,44122.03,43585.1175,14.85,59.977367,27.257967,11,6,1,1,1,,,
2023-01-01 12:00:00+01:00,44635.535,43741.0075,15.05,60.02563,25.661207,12,6,1,1,1,,,
2023-01-01 13:00:00+01:00,44046.7425,43088.4675,15.3,61.117855,22.682856,13,6,1,1,1,,,
2023-01-01 14:00:00+01:00,43645.245,42780.0325,15.1,62.330643,21.252197,14,6,1,1,1,,,
2023-01-01 15:00:00+01:00,44102.35,43619.785,14.7,63.09212,20.68356,15,6,1,1,1,,,
2023-01-01 16:00:00+01:00,46088.1625,45459.89,13.4,67.24833,16.1198,16,6,1,1,1,,,
2023-01-01 17:00:00+01:00,49177.1475,48519.8975,12.45,72.04764,11.885453,17,6,1,1,1,,,
2023-01-01 18:00:00+01:00,49337.365,49361.28,10.95,79.81841,10.703569,18,6,1,1,1,,,
2023-01-01 19:00:00+01:00,47920.7475,48628.0925,11.2,79.31223,14.081477,19,6,1,1,1,,,
2023-01-01 20:00:00+01:00,45320.9825,46208.985,11.85,76.75636,13.70839,20,6,1,1,1,,,
2023-01-01 21:00:00+01:00,43643.5275,44881.985,11.4,79.071976,13.397612,21,6,1,1,1,,,
2023-01-01 22:00:00+01:00,42698.9975,44569.7225,11.7,78.04861,13.397612,22,6,1,1,1,,,
2023-01-01 23:00:00+01:00,39491.2,42290.8525,11.7,78.04861,13.217443,23,6,1,1,1,,,
2023-01-02 00:00:00+01:00,37159.350000000006,44428.8675,11.4,80.97447,14.372974,0,0,1,0,0,38741.0875,,41536.46239583333
2023-01-02 01:00:00+01:00,35779.22,42761.21,10.8,86.575645,5.1165614,1,0,1,0,0,38156.22,,41470.556666666664
2023-01-02 02:00:00+01:00,35631.48,42104.0325,10.8,85.411766,7.9932966,2,0,1,0,0,37307.0,,41371.515
2023-01-02 03:00:00+01:00,36405.0425,42433.575,11.3,80.96095,13.37825,3,0,1,0,0,36290.825,,41301.70166666667
2023-01-02 04:00:00+01:00,38153.8675,44063.08,11.8,77.009865,15.5843,4,0,1,0,0,35839.7725,,41306.46072916667
2023-01-02 05:00:00+01:00,41289.2475,46999.8125,12.2,74.499054,18.837322,5,0,1,0,0,36001.88,,41402.88135416667
2023-01-02 06:00:00+01:00,47513.515,52781.134999999995,11.8,75.45238,19.201874,6,0,1,0,0,35585.31,,41623.18833333333
2023-01-02 07:00:00+01:00,52816.245,57660.5,12.0,77.830055,17.610588,7,0,1,0,0,36532.535,,42120.196875
2023-01-02 08:00:00+01:00,56768.5125,60458.7725,12.3,74.7702,19.586119,8,0,1,0,0,37193.2475,,42798.68479166667
2023-01-02 09:00:00+01:00,58001.4225,62260.332500000004,11.75,77.79149,18.847641,9,0,1,0,0,39599.0,,43614.32083333334
2023-01-02 10:00:00+01:00,59814.7475,63475.7575,12.25,75.52791,19.770523,10,0,1,0,0,41398.1875,,44381.0884375
2023-01-02 11:00:00+01:00,61252.955,64564.987499999996,13.0,71.66152,21.9718,11,0,1,0,0,44122.03,,45148.44510416667
2023-01-02 12:00:00+01:00,62174.68,64781.0525,13.8,67.56186,22.771244,12,0,1,0,0,44635.535,,45862.23364583333
2023-01-02 13:00:00+01:00,61038.375,64410.7425,14.25,60.868576,20.380579,13,0,1,0,0,44046.7425,,46593.03135416668
2023-01-02 14:00:00+01:00,59763.2675,63381.835,14.35,60.892403,22.691423,14,0,1,0,0,43645.245,,47301.01604166667
2023-01-02 15:00:00+01:00,59577.582500000004,62944.42,14.2,62.762592,21.710716,15,0,1,0,0,44102.35,,47972.6003125
2023-01-02 16:00:00+01:00,60448.79,63085.435,13.9,64.875656,21.734581,16,0,1,0,0,46088.1625,,48617.401666666665
2023-01-02 17:00:00+01:00,61687.705,64630.97,12.9,70.43341,22.180206,17,0,1,0,0,49177.1475,,49215.761145833334
2023-01-02 18:00:00+01:00,61250.445,64672.380000000005,12.05,70.750755,20.617662,18,0,1,0,0,49337.365,,49737.034374999996
2023-01-02 19:00:00+01:00,60168.9075,63126.5825,11.3,73.32897,19.493261,19,0,1,0,0,47920.7475,,50233.41270833334
2023-01-02 20:00:00+01:00,56544.557499999995,60295.442500000005,10.4,78.116165,16.93531,20,0,1,0,0,45320.9825,,50743.75270833334
2023-01-02 21:00:00+01:00,53658.682499999995,57483.6975,9.55,84.117935,15.546833,21,0,1,0,0,43643.5275,,51211.401666666665
2023-01-02 22:00:00+01:00,50680.455,55084.2375,9.0,86.39617,16.75064,22,0,1,0,0,42698.9975,,51628.69979166667
2023-01-02 23:00:00+01:00,47564.985,52046.6225,8.65,86.06428,18.0036,23,0,1,0,0,39491.2,,51961.26052083333
2023-01-03 00:00:00+01:00,44666.2,46698.85,8.6,85.46845,17.163355,0,1,1,0,0,37159.350000000006,,52297.66822916667
2023-01-03 01:00:00+01:00,42789.9975,45189.415,7.85,90.55174,17.026896,1,1,1,0,0,35779.22,,52610.45364583333
2023-01-03 02:00:00+01:00,42213.25,44341.104999999996,7.4,90.20707,18.374111,2,1,1,0,0,35631.48,,52902.569375
2023-01-03 03:00:00+01:00,42246.7475,44381.17,6.95,91.43231,16.923828,3,1,1,0,0,36405.0425,,53176.80979166667
2023-01-03 04:00:00+01:00,43874.2725,46097.520000000004,6.3,92.34831,15.496736,4,1,1,0,0,38153.8675,,53420.21416666667
2023-01-03 05:00:00+01:00,46297.415,48914.619999999995,5.65,93.282196,14.044615,5,1,1,0,0,41289.2475,,53658.564374999994
2023-01-03 06:00:00+01:00,51336.7975,54403.192500000005,5.25,92.93512,14.404499,6,1,1,0,0,47513.515,,53867.23802083334
2023-01-03 07:00:00+01:00,56433.0725,60094.475,4.9,91.61798,14.417988,7,1,1,0,0,52816.245,,54026.541458333326
2023-01-03 08:00:00+01:00,58947.6475,63353.3925,4.6,91.59851,13.75558,8,1,1,0,0,56768.5125,,54177.24260416667
2023-01-03 09:00:00+01:00,59962.697499999995,64920.6275,4.75,90.00677,14.417988,9,1,1,0,0,58001.4225,,54268.03989583333
2023-01-03 10:00:00+01:00,60673.435,65847.535,4.95,88.13578,15.496736,10,1,1,0,0,59814.7475,,54349.759687499994
2023-01-03 11:00:00+01:00,61595.2625,67002.535,5.35,84.21521,18.057508,11,1,1,0,0,61252.955,,54385.53833333333
2023-01-03 12:00:00+01:00,61321.177500000005,67118.33499999999,5.85,78.79142,18.72,12,1,1,0,0,62174.68,,54399.801145833335
2023-01-03 13:00:00+01:00,59827.8425,66426.8575,6.65,74.564255,18.416384,13,1,1,0,0,61038.375,,54364.23854166666
2023-01-03 14:00:00+01:00,59001.54,65260.2175,6.75,70.954704,15.629971,14,1,1,0,0,59763.2675,,54313.799687499995
2023-01-03 15:00:00+01:00,58647.8475,64550.7725,6.2,74.75063,8.350138,15,1,1,0,0,59577.582500000004,,54282.06104166667
2023-01-03 16:00:00+01:00,59909.94,64732.3675,3.15,88.6049,9.028754,16,1,1,0,0,60448.79,,54243.32208333333
2023-01-03 17:00:00+01:00,62535.92,65807.5025,1.75,91.74056,10.383987,17,1,1,0,0,61687.705,,54220.87
2023-01-03 18:00:00+01:00,62175.2675,65660.365,1.1,93.37559,9.904906,18,1,1,0,0,61250.445,,54256.21229166666
2023-01-03 19:00:00+01:00,60348.31,64279.3075,1.3,95.08786,7.69592,19,1,1,0,0,60168.9075,,54294.7465625
2023-01-03 20:00:00+01:00,57172.23,61523.935,3.1,93.47944,7.208994,20,1,1,0,0,56544.557499999995,,54302.22166666666
2023-01-03 21:00:00+01:00,54196.83,58691.7975,3.85,89.93736,10.086427,21,1,1,0,0,53658.682499999995,,54328.3746875
2023-01-03 22:00:00+01:00,51984.77,56084.2225,3.9,91.228424,10.137692,22,1,1,0,0,50680.455,,54350.79749999999
2023-01-03 23:00:00+01:00,48834.9525,53004.86,3.85,92.85754,11.298495,23,1,1,0,0,47564.985,,54405.143958333334
2023-01-04 00:00:00+01:00,46623.53,48672.4125,3.2,93.81785,11.27553,0,2,1,0,0,44666.2,,54458.05927083333
2023-01-04 01:00:00+01:00,45179.1975,47260.1175,3.35,92.170975,12.864649,1,2,1,0,0,42789.9975,,54539.6146875
2023-01-04 02:00:00+01:00,44685.03,46634.45,3.35,92.49973,14.118243,2,2,1,0,0,42213.25,,54639.16468749999
2023-01-04 03:00:00+01:00,45568.9825,46960.945,3.45,92.177086,14.934577,3,2,1,0,0,42246.7475,,54742.15552083333
2023-01-04 04:00:00+01:00,47353.5175,48358.08,3.45,92.177086,16.24394,4,2,1,0,0,43874.2725,,54880.58197916666
2023-01-04 05:00:00+01:00,50225.325,50882.9775,3.5,92.18013,17.227419,5,2,1,0,0,46297.415,,55025.55052083333
2023-01-04 06:00:00+01:00,56213.5175,55864.7025,3.85,91.22502,19.13426,6,2,1,0,0,51336.7975,,55189.213437499995
2023-01-04 07:00:00+01:00,60653.4275,61241.66,4.35,88.08153,20.620806,7,2,1,0,0,56433.0725,,55392.410104166665
2023-01-04 08:00:00+01:00,63757.7975,64134.9525,5.15,82.12436,22.26477,8,2,1,0,0,58947.6475,,55568.25822916667
2023-01-04 09:00:00+01:00,64806.9075,65604.41,5.7,84.85297,23.667091,9,2,1,0,0,59962.697499999995,,55768.68114583334
2023-01-04 10:00:00+01:00,66201.58499999999,66806.245,6.3,87.94848,26.302181,10,2,1,0,0,60673.435,,55970.52322916667
2023-01-04 11:00:00+01:00,67550.8825,67971.8325,6.85,88.61292,27.362368,11,2,1,0,0,61595.2625,,56200.8628125
2023-01-04 12:00:00+01:00,67756.66,68403.35,7.6,88.371056,29.784426,12,2,1,0,0,61321.177500000005,,56449.013645833336
2023-01-04 13:00:00+01:00,66578.875,67451.01000000001,7.7,89.609085,29.328403,13,2,1,0,0,59827.8425,,56717.15875
2023-01-04 14:00:00+01:00,65635.8275,65976.5275,8.3,87.22278,30.827856,14,2,1,0,0,59001.54,,56998.45177083334
2023-01-04 15:00:00+01:00,65033.96,65271.4875,8.45,89.0546,29.131096,15,2,1,0,0,58647.8475,,57274.88041666666
2023-01-04 16:00:00+01:00,65238.255,65352.405,8.85,86.38106,27.267473,16,2,1,0,0,59909.94,,57540.96843750001
2023-01-04 17:00:00+01:00,67248.84,67029.3175,9.05,84.93124,29.328403,17,2,1,0,0,62535.92,,57762.9815625
2023-01-04 18:00:00+01:00,66791.045,66766.8225,9.3,85.83667,31.542658,18,2,1,0,0,62175.2675,,57959.35322916667
2023-01-04 19:00:00+01:00,64627.92,65274.2175,9.75,85.59092,31.542658,19,2,1,0,0,60348.31,,58151.67729166666
2023-01-04 20:00:00+01:00,60942.1175,61791.6,9.8,87.66234,31.614477,20,2,1,0,0,57172.23,,58329.994375
2023-01-04 21:00:00+01:00,57781.805,58733.495,10.25,84.77409,29.620802,21,2,1,0,0,54196.83,,58487.07302083334
2023-01-04 22:00:00+01:00,55106.6975,56229.93,9.5,90.36164,23.73271,22,2,1,0,0,51984.77,,58636.44697916667
2023-01-04 23:00:00+01:00,51927.4425,52646.200000000004,9.55,89.448456,28.883131,23,2,1,0,0,48834.9525,,58766.527291666665
2023-01-05 00:00:00+01:00,47134.6925,50763.9225,9.25,89.72999,29.478264,0,3,1,0,0,46623.53,,58895.38104166667
2023-01-05 01:00:00+01:00,45046.707500000004,49109.8675,9.45,85.2668,28.880886,1,3,1,0,0,45179.1975,,58916.67947916667
2023-01-05 02:00:00+01:00,45086.7425,48452.21,8.9,86.68308,28.664682,2,3,1,0,0,44685.03,,58911.1590625
2023-01-05 03:00:00+01:00,45467.3375,48662.3575,8.95,87.284485,29.17777,3,3,1,0,0,45568.9825,,58927.89708333334
2023-01-05 04:00:00+01:00,46604.3,50390.085,9.0,86.10029,31.338614,4,3,1,0,0,47353.5175,,58923.66187499999
2023-01-05 05:00:00+01:00,48731.0275,53495.4075,8.25,90.580414,26.67889,5,3,1,0,0,50225.325,,58892.44447916667
2023-01-05 06:00:00+01:00,53624.465,59305.3225,8.35,87.83013,28.19285,6,3,1,0,0,56213.5175,,58830.18208333334
2023-01-05 07:00:00+01:00,59668.5275,62502.7075,7.95,91.49763,25.099514,7,3,1,0,0,60653.4275,,58722.30489583333
2023-01-05 08:00:00+01:00,62032.4225,64845.9525,7.9,91.809296,24.162945,8,3,1,0,0,63757.7975,,58681.26739583333
2023-01-05 09:00:00+01:00,62738.375,66398.8625,7.6,91.79046,24.482647,9,3,1,0,0,64806.9075,,58609.37677083333
2023-01-05 10:00:00+01:00,63161.655,67429.72750000001,7.85,89.93023,25.223133,10,3,1,0,0,66201.58499999999,,58523.18791666667
2023-01-05 11:00:00+01:00,64600.715,68364.2625,8.3,86.02813,26.282465,11,3,1,0,0,67550.8825,,58396.52416666667
2023-01-05 12:00:00+01:00,64881.9475,68623.445,8.55,82.56214,34.03095,12,3,1,0,0,67756.66,,58273.60052083333
2023-01-05 13:00:00+01:00,63092.1725,67691.47,8.95,72.13819,30.659237,13,3,1,0,0,66578.875,,58153.82083333333
2023-01-05 14:00:00+01:00,61536.0575,66468.905,9.0,69.17111,28.348713,14,3,1,0,0,65635.8275,,58008.5415625
2023-01-05 15:00:00+01:00,60520.16,65813.7775,8.35,71.7714,22.127556,15,3,1,0,0,65033.96,,57837.7178125
2023-01-05 16:00:00+01:00,60722.755000000005,66199.2525,7.1,77.60166,19.694992,16,3,1,0,0,65238.255,,57649.6428125
2023-01-05 17:00:00+01:00,62917.7975,67922.67,6.35,79.1468,19.174856,17,3,1,0,0,67248.84,,57461.496979166666
2023-01-05 18:00:00+01:00,62608.97,68003.1925,6.15,78.55788,18.79255,18,3,1,0,0,66791.045,,57281.036875
2023-01-05 19:00:00+01:00,60369.25,66478.9075,6.0,79.09439,15.575981,19,3,1,0,0,64627.92,,57106.78375
2023-01-05 20:00:00+01:00,57029.1425,62936.515,5.85,79.918564,11.966954,20,3,1,0,0,60942.1175,,56929.33916666667
2023-01-05 21:00:00+01:00,53328.83,59985.03,5.7,79.61343,10.685391,21,3,1,0,0,57781.805,,56766.298541666656
2023-01-05 22:00:00+01:00,50499.11,57379.354999999996,5.25,79.547165,8.557102,22,3,1,0,0,55106.6975,,56580.75791666666
2023-01-05 23:00:00+01:00,47079.537500000006,53698.759999999995,4.6,79.45092,6.830519,23,3,1,0,0,51927.4425,,56388.77510416667
2023-01-06 00:00:00+01:00,44422.5,51251.4775,4.0,80.80292,4.3498964,0,4,1,0,0,47134.6925,,56186.7790625
2023-01-06 01:00:00+01:00,42535.185,49492.520000000004,4.35,77.4383,5.8048253,1,4,1,0,0,45046.707500000004,,56073.77104166666
2023-01-06 02:00:00+01:00,42008.715000000004,48616.9225,3.95,78.78366,6.9153743,2,4,1,0,0,45086.7425,,55969.12427083333
2023-01-06 03:00:00+01:00,42716.835,48667.71,4.2,77.69386,9.290511,3,4,1,0,0,45467.3375,,55840.873125000006
2023-01-06 04:00:00+01:00,44134.2225,49335.5775,4.35,77.71781,12.218805,4,4,1,0,0,46604.3,,55726.26885416667
2023-01-06 05:00:00+01:00,46373.1875,51257.89,4.5,78.30291,13.755579,5,4,1,0,0,48731.0275,,55623.348958333336
2023-01-06 06:00:00+01:00,50477.5125,55435.9225,4.85,80.6331,16.055355,6,4,1,0,0,53624.465,,55525.105625
2023-01-06 07:00:00+01:00,54347.17,59625.53,5.15,83.00482,18.79255,7,4,1,0,0,59668.5275,,55393.98260416667
2023-01-06 08:00:00+01:00,57104.07,61633.465,5.4,86.63596,17.555307,8,4,1,0,0,62032.4225,,55172.259375
2023-01-06 09:00:00+01:00,58811.36,62756.16,6.2,88.24762,15.937878,9,4,1,0,0,62738.375,,54966.91135416667
2023-01-06 10:00:00+01:00,60609.4025,63813.8675,7.05,89.86889,15.905319,10,4,1,0,0,63161.655,,54803.285729166666
2023-01-06 11:00:00+01:00,61951.155,64976.3975,7.9,90.86739,14.618837,11,4,1,0,0,64600.715,,54696.941875
2023-01-06 12:00:00+01:00,61839.41,64896.8825,9.0,90.01743,15.876775,12,4,1,0,0,64881.9475,,54586.54354166667
2023-01-06 13:00:00+01:00,60190.07,63716.4825,9.55,87.6394,17.057314,13,4,1,0,0,63092.1725,,54459.771145833336
2023-01-06 14:00:00+01:00,59050.3625,62283.325,9.75,86.177,18.671474,14,4,1,0,0,61536.0575,,54338.85020833334
2023-01-06 15:00:00+01:00,57969.7675,61966.435,10.0,83.02757,20.991426,15,4,1,0,0,60520.16,,54235.27958333333
2023-01-06 16:00:00+01:00,58580.845,62910.42,9.35,86.43134,22.314194,16,4,1,0,0,60722.755000000005,,54129.01322916666
2023-01-06 17:00:00+01:00,60542.5725,65652.0925,8.65,89.07107,18.782204,17,4,1,0,0,62917.7975,,54039.76697916666
2023-01-06 18:00:00+01:00,61160.2675,65250.802500000005,8.15,89.95309,16.56,18,4,1,0,0,62608.97,,53940.799270833326
2023-01-06 19:00:00+01:00,58723.9425,63352.744999999995,7.55,90.53014,12.605142,19,4,1,0,0,60369.25,,53880.43666666667
2023-01-06 20:00:00+01:00,55298.1925,60411.955,7.2,90.19217,11.542478,20,4,1,0,0,57029.1425,,53811.88218749999
2023-01-06 21:00:00+01:00,52942.9,57647.835,6.35,92.99519,9.227524,21,4,1,0,0,53328.83,,53739.75927083334
2023-01-06 22:00:00+01:00,50645.63,55476.7575,5.8,95.59179,9.178235,22,4,1,0,0,50499.11,,53723.67885416667
2023-01-06 23:00:00+01:00,47113.2575,52753.6875,5.65,95.58657,9.511088,23,4,1,0,0,47079.537500000006,,53729.783854166664
2023-01-07 00:00:00+01:00,43658.9525,48794.9625,5.5,95.58136,9.585739,0,5,1,1,0,44422.5,,53731.18885416666
2023-01-07 01:00:00+01:00,41618.6425,47083.6425,5.8,94.59924,9.178235,1,5,1,1,0,42535.185,,53699.37437500001
2023-01-07 02:00:00+01:00,40582.21,45854.765,5.25,95.57264,8.161764,2,5,1,1,0,42008.715000000004,,53661.185104166674
2023-01-07 03:00:00+01:00,40191.8125,45436.12,4.2,96.890205,7.7879906,3,5,1,1,0,42716.835,,53601.747395833336
2023-01-07 04:00:00+01:00,40534.5625,45703.62,4.8,96.228874,9.957108,4,5,1,1,0,44134.2225,,53496.538125
2023-01-07 05:00:00+01:00,41324.2125,45914.095,4.85,96.567795,9.290511,5,5,1,1,0,46373.1875,,53346.552291666674
2023-01-07 06:00:00+01:00,42158.75,47127.0325,4.65,96.90134,8.427383,6,5,1,1,0,50477.5125,,53136.17833333334
2023-01-07 07:00:00+01:00,44960.4375,50106.9475,6.25,95.27663,10.739833,7,5,1,1,0,54347.17,,52789.56322916667
2023-01-07 08:00:00+01:00,47850.957500000004,53586.05,7.05,94.65171,11.620809,8,5,1,1,0,57104.07,,52398.449375
2023-01-07 09:00:00+01:00,50736.805,56414.457500000004,7.3,94.33701,11.770403,9,5,1,1,0,58811.36,,52012.90302083333
2023-01-07 10:00:00+01:00,52437.8375,57877.145,7.9,92.75981,12.768586,10,5,1,1,0,60609.4025,,51676.463229166664
2023-01-07 11:00:00+01:00,54184.9,58695.875,8.7,92.17325,10.483357,11,5,1,1,0,61951.155,,51335.981354166666
2023-01-07 12:00:00+01:00,54245.057499999995,58228.69,9.55,89.448456,11.269782,12,5,1,1,0,61839.41,,51012.38739583333
2023-01-07 13:00:00+01:00,52844.1925,56937.705,9.6,90.0625,10.105681,13,5,1,1,0,60190.07,,50695.95604166667
2023-01-07 14:00:00+01:00,50798.295,56071.875,10.15,87.397255,10.823973,14,5,1,1,0,59050.3625,,50389.877812499995
2023-01-07 15:00:00+01:00,51165.7675,56013.68,9.65,87.64859,11.525623,15,5,1,1,0,57969.7675,,50046.041666666664
2023-01-07 16:00:00+01:00,52663.2025,57198.105,8.1,91.19384,10.086427,16,5,1,1,0,58580.845,,49762.541666666664
2023-01-07 17:00:00+01:00,55922.5025,59459.64,7.05,92.39244,9.746631,17,5,1,1,0,60542.5725,,49515.97322916667
2023-01-07 18:00:00+01:00,56675.9275,59923.2725,6.7,92.692535,10.8955765,18,5,1,1,0,61160.2675,,49323.4703125
2023-01-07 19:00:00+01:00,55086.765,58524.735,6.3,93.31605,10.239453,19,5,1,1,0,58723.9425,,49136.6228125
2023-01-07 20:00:00+01:00,52261.465,55704.36,5.9,94.60346,11.269782,20,5,1,1,0,55298.1925,,48985.07375
2023-01-07 21:00:00+01:00,49986.2525,53391.18,6.35,93.6431,14.20062,21,5,1,1,0,52942.9,,48858.5434375
2023-01-07 22:00:00+01:00,48368.76,52084.1275,6.45,91.39937,16.09969,22,5,1,1,0,50645.63,,48735.34979166667
2023-01-07 23:00:00+01:00,45216.6625,49739.6725,6.25,91.70489,16.394829,23,5,1,1,0,47113.2575,,48640.48020833333
2023-01-08 00:00:00+01:00,42938.445,45985.625,5.5,92.62433,15.893093,0,6,1,1,0,43658.9525,38741.0875,48561.45541666667
2023-01-08 01:00:00+01:00,41120.7,45012.2675,5.9,90.72671,16.676977,1,6,1,1,0,41618.6425,38156.22,48531.43427083333
2023-01-08 02:00:00+01:00,40229.6225,44124.2325,5.65,91.027084,15.463244,2,6,1,1,0,40582.21,37307.0,48510.68666666667
2023-01-08 03:00:00+01:00,40455.73,42955.7025,5.3,91.643875,13.979871,3,6,1,1,0,40191.8125,36290.825,48495.99552083333
2023-01-08 04:00:00+01:00,40541.86,43382.685,4.95,91.299416,13.910169,4,6,1,1,0,40534.5625,35839.7725,48506.99208333334
2023-01-08 05:00:00+01:00,40421.2325,43230.917499999996,5.65,88.50899,14.417988,5,6,1,1,0,41324.2125,36001.88,48507.29614583333
2023-01-08 06:00:00+01:00,40330.235,43255.67,6.9,82.06331,14.764389,6,6,1,1,0,42158.75,35585.31,48469.67197916666
2023-01-08 07:00:00+01:00,41472.88,45350.990000000005,7.4,78.7482,15.4800005,7,6,1,1,0,44960.4375,36532.535,48393.48385416667
2023-01-08 08:00:00+01:00,44150.270000000004,47756.515,7.4,80.141365,15.856356,8,6,1,1,0,47850.957500000004,37193.2475,48248.16895833333
2023-01-08 09:00:00+01:00,47602.425,50147.085,7.3,82.403,15.629972,9,6,1,1,0,50736.805,39599.0,48093.97364583333
2023-01-08 10:00:00+01:00,49961.034999999996,52313.1875,7.55,82.72299,13.039754,10,6,1,1,0,52437.8375,41398.1875,47963.37447916667
2023-01-08 11:00:00+01:00,52560.5225,54432.86,7.9,83.925224,16.65754,11,6,1,1,0,54184.9,44122.03,47860.174375
2023-01-08 12:00:00+01:00,52310.6875,54428.525,7.75,87.77534,16.24394,12,6,1,1,0,54245.057499999995,44635.535,47792.49197916667
2023-01-08 13:00:00+01:00,50749.6825,53414.0275,7.45,89.28011,14.799459,13,6,1,1,0,52844.1925,44046.7425,47711.893229166664
2023-01-08 14:00:00+01:00,49127.4025,52342.7275,8.1,89.02572,16.09969,14,6,1,1,0,50798.295,43645.245,47624.621979166666
2023-01-08 15:00:00+01:00,48925.935,51991.26,8.25,88.42772,15.188415,15,6,1,1,0,51165.7675,44102.35,47555.00145833334
2023-01-08 16:00:00+01:00,50798.3475,52940.1025,8.0,89.63265,14.440443,16,6,1,1,0,52663.2025,46088.1625,47461.67510416667
2023-01-08 17:00:00+01:00,54667.4,55757.74,7.7,90.229385,14.264361,17,6,1,1,0,55922.5025,49177.1475,47383.9728125
2023-01-08 18:00:00+01:00,55982.895,56833.4975,7.3,90.825516,13.397612,18,6,1,1,0,56675.9275,49337.365,47331.676875
2023-01-08 19:00:00+01:00,54399.4325,55867.52,7.15,90.188446,15.84409,19,6,1,1,0,55086.765,47920.7475,47302.80052083333
2023-01-08 20:00:00+01:00,51978.385,53639.4925,6.55,90.77279,14.764389,20,6,1,1,0,52261.465,45320.9825,47274.161666666674
2023-01-08 21:00:00+01:00,49683.7,51785.3775,6.25,91.70489,14.764389,21,6,1,1,0,49986.2525,43643.5275,47262.36666666667
2023-01-08 22:00:00+01:00,48434.775,50927.0,5.75,92.6386,14.044615,22,6,1,1,0,48368.76,42698.9975,47249.7603125
2023-01-08 23:00:00+01:00,45615.9475,48494.6075,5.45,93.27173,14.044615,23,6,1,1,0,45216.6625,39491.2,47252.510937499996
2023-01-09 00:00:00+01:00,43907.31,46522.9175,5.4,93.26912,13.797912,0,0,1,0,0,42938.445,37159.350000000006,47269.14781249999
2023-01-09 01:00:00+01:00,42851.354999999996,45282.74,5.25,92.60999,15.124284,1,0,1,0,0,41120.7,35779.22,47309.5171875
2023-01-09 02:00:00+01:00,42560.93,44503.71,5.05,92.5985,12.783802,2,0,1,0,0,40229.6225,35631.48,47381.627812499995
2023-01-09 03:00:00+01:00,42823.315,44814.49,4.9,93.24283,12.864649,3,0,1,0,0,40455.73,36405.0425,47478.765625
2023-01-09 04:00:00+01:00,44215.255,46863.0125,4.8,92.91031,11.726277,4,0,1,0,0,40541.86,38153.8675,47577.41500000001
2023-01-09 05:00:00+01:00,47636.604999999996,50165.457500000004,4.95,92.2679,12.879752,5,0,1,0,0,40421.2325,41289.2475,47730.473125
2023-01-09 06:00:00+01:00,56510.6225,56708.5125,5.55,90.384315,14.039999,6,0,1,0,0,40330.235,47513.515,48031.113645833335
2023-01-09 07:00:00+01:00,62542.2875,61892.0625,5.8,90.40273,14.578888,7,0,1,0,0,41472.88,52816.245,48705.29645833333
2023-01-09 08:00:00+01:00,66180.435,64678.35,5.9,91.68249,13.708391,8,0,1,0,0,44150.270000000004,56768.5125,49583.18843750001
2023-01-09 09:00:00+01:00,66761.565,66316.24,6.05,92.33351,15.778518,9,0,1,0,0,47602.425,58001.4225,50501.111979166664
2023-01-09 10:00:00+01:00,66914.475,67420.6525,6.05,90.73737,15.379206,10,0,1,0,0,49961.034999999996,59814.7475,51299.40947916667
2023-01-09 11:00:00+01:00,67506.35,68630.72,6.3,90.12465,15.546833,11,0,1,0,0,52560.5225,61252.955,52005.80281249999
2023-01-09 12:00:00+01:00,67147.605,68891.03,7.15,89.87659,15.349684,12,0,1,0,0,52310.6875,62174.68,52628.545625
2023-01-09 13:00:00+01:00,66739.1375,67940.9675,8.0,84.52109,19.70815,13,0,1,0,0,50749.6825,61038.375,53246.75052083333
2023-01-09 14:00:00+01:00,65063.7475,66614.2925,7.95,81.629555,16.343367,14,0,1,0,0,49127.4025,59763.2675,53912.9778125
2023-01-09 15:00:00+01:00,63755.225,65898.58,7.5,83.005684,11.966954,15,0,1,0,0,48925.935,59577.582500000004,54576.9921875
2023-01-09 16:00:00+01:00,63989.53,65844.9275,5.35,89.73672,7.24486,16,0,1,0,0,50798.3475,60448.79,55194.87927083333
2023-01-09 17:00:00+01:00,66709.64499999999,67530.12,4.25,91.900185,7.8625183,17,0,1,0,0,54667.4,61687.705,55744.511875
2023-01-09 18:00:00+01:00,66615.06,67300.665,4.55,90.629944,10.594036,18,0,1,0,0,55982.895,61250.445,56246.27208333334
2023-01-09 19:00:00+01:00,64948.0575,65988.9075,4.55,89.99141,12.57426,19,0,1,0,0,54399.4325,60168.9075,56689.278958333336
2023-01-09 20:00:00+01:00,61196.955,62868.11,4.5,89.669685,13.608762,20,0,1,0,0,51978.385,56544.557499999995,57128.80499999999
2023-01-09 21:00:00+01:00,57965.7725,59732.595,4.35,90.29525,12.984975,21,0,1,0,0,49683.7,53658.682499999995,57512.91208333333
2023-01-09 22:00:00+01:00,54905.2675,57218.07,4.05,90.27279,13.246826,22,0,1,0,0,48434.775,50680.455,57857.9984375
2023-01-09 23:00:00+01:00,51409.045,53698.07,3.85,90.90159,14.277983,23,0,1,0,0,45615.9475,47564.985,58127.60229166667
2023-01-10 00:00:00+01:00,48488.1125,50920.354999999996,4.4,89.97987,15.0038395,0,1,1,0,0,43907.31,44666.2,58368.981354166666
2023-01-10 01:00:00+01:00,46384.93,49458.307499999995,5.15,88.777725,15.2947035,1,1,1,0,0,42851.354999999996,42789.9975,58559.848125
2023-01-10 02:00:00+01:00,45899.465,48918.505,5.25,89.41368,17.698677,2,1,1,0,0,42560.93,42213.25,58707.080416666664
2023-01-10 03:00:00+01:00,46461.3325,49222.11,4.6,92.899254,15.496736,3,1,1,0,0,42823.315,42246.7475,58846.18604166667
2023-01-10 04:00:00+01:00,47919.03,50755.75,4.25,94.53311,13.397612,4,1,1,0,0,44215.255,43874.2725,58997.770104166666
2023-01-10 05:00:00+01:00,51484.165,53713.145000000004,4.5,94.876976,13.722565,5,1,1,0,0,47636.604999999996,46297.415,59152.0940625
2023-01-10 06:00:00+01:00,58223.057499999995,60092.7775,5.2,93.25862,15.484185,6,1,1,0,0,56510.6225,51336.7975,59312.4090625
2023-01-10 07:00:00+01:00,64264.5675,63704.43,5.25,92.93512,14.764389,7,1,1,0,0,62542.2875,56433.0725,59383.76052083333
2023-01-10 08:00:00+01:00,66976.79000000001,65924.25,5.3,92.93786,14.04,8,1,1,0,0,66180.435,58947.6475,59455.5221875
2023-01-10 09:00:00+01:00,67546.895,67322.7175,5.4,91.97209,13.684735,9,1,1,0,0,66761.565,59962.697499999995,59488.70364583333
2023-01-10 10:00:00+01:00,68095.505,68428.7175,5.85,88.83732,15.84,10,1,1,0,0,66914.475,60673.435,59521.42572916666
2023-01-10 11:00:00+01:00,68309.8625,69800.815,6.35,86.12551,16.215992,11,1,1,0,0,67506.35,61595.2625,59570.6353125
2023-01-10 12:00:00+01:00,67725.1775,69986.8475,6.65,83.19123,18.751125,12,1,1,0,0,67147.605,61321.177500000005,59604.115
2023-01-10 13:00:00+01:00,66946.39,68824.6875,7.4,80.704704,18.511143,13,1,1,0,0,66739.1375,59827.8425,59628.18052083333
2023-01-10 14:00:00+01:00,65506.8425,67174.95999999999,7.4,79.0251,19.211996,14,1,1,0,0,65063.7475,59001.54,59636.816041666665
2023-01-10 15:00:00+01:00,64710.28,66351.41,7.1,80.66294,13.905509,15,1,1,0,0,63755.225,58647.8475,59655.27833333333
2023-01-10 16:00:00+01:00,65681.1825,66349.9525,5.65,86.0527,10.514218,16,1,1,0,0,63989.53,59909.94,59695.07229166667
2023-01-10 17:00:00+01:00,68632.6525,68228.0875,4.55,89.99141,10.464797,17,1,1,0,0,66709.64499999999,62535.92,59765.557812499996
2023-01-10 18:00:00+01:00,68686.845,67865.89749999999,4.15,91.24541,10.1887,18,1,1,0,0,66615.06,62175.2675,59845.683125
2023-01-10 19:00:00+01:00,67469.0275,66405.1825,3.4,92.17403,10.495713,19,1,1,0,0,64948.0575,60348.31,59932.0075
2023-01-10 20:00:00+01:00,64202.4275,63182.36,3.45,91.52317,12.181625,20,1,1,0,0,61196.955,57172.23,60037.04791666667
2023-01-10 21:00:00+01:00,60837.2325,59960.7825,3.3,91.187485,14.689589,21,1,1,0,0,57965.7725,54196.83,60162.2759375
2023-01-10 22:00:00+01:00,57623.495,57427.177500000005,3.1,90.52434,16.171976,22,1,1,0,0,54905.2675,51984.77,60281.92010416667
2023-01-10 23:00:00+01:00,54544.707500000004,54148.2,3.1,87.96737,17.227419,23,1,1,0,0,51409.045,48834.9525,60395.17958333334
2023-01-11 00:00:00+01:00,51137.615,53025.595,3.25,83.966545,18.888851,0,2,1,0,0,48488.1125,46623.53,60525.832187500004
2023-01-11 01:00:00+01:00,49114.05,51634.165,3.5,83.39446,19.45333,1,2,1,0,0,46384.93,45179.1975,60636.228125
2023-01-11 02:00:00+01:00,48262.86,50925.5925,4.05,79.65532,20.5484,2,2,1,0,0,45899.465,44685.03,60749.941458333335
2023-01-11 03:00:00+01:00,48478.3525,51231.09,4.45,78.29512,21.24305,3,2,1,0,0,46461.3325,45568.9825,60848.41625
2023-01-11 04:00:00+01:00,49536.5,52783.1275,4.35,80.56246,21.602999,4,2,1,0,0,47919.03,47353.5175,60932.45875
2023-01-11 05:00:00+01:00,52940.405,55514.205,4.85,80.92165,22.007162,5,2,1,0,0,51484.165,50225.325,60999.85333333333
2023-01-11 06:00:00+01:00,60322.06,61382.455,5.0,82.691315,21.897945,6,2,1,0,0,58223.057499999995,56213.5175,61060.53
2023-01-11 07:00:00+01:00,66525.405,66805.1,5.25,83.60856,21.188072,7,2,1,0,0,64264.5675,60653.4275,61147.988437500004
2023-01-11 08:00:00+01:00,69103.98,69419.99,5.75,82.49417,20.898611,8,2,1,0,0,66976.79000000001,63757.7975,61242.189999999995
2023-01-11 09:00:00+01:00,68739.4475,70132.3725,6.1,83.12323,20.265795,9,2,1,0,0,67546.895,64806.9075,61330.822916666664
2023-01-11 10:00:00+01:00,68850.7625,70910.465,6.25,88.252045,18.782204,10,2,1,0,0,68095.505,66201.58499999999,61380.512604166666
2023-01-11 11:00:00+01:00,69556.2425,71972.2325,7.05,85.8979,19.296133,11,2,1,0,0,68309.8625,67550.8825,61411.98166666667
2023-01-11 12:00:00+01:00,68588.9575,72115.62,7.95,84.808876,19.242327,12,2,1,0,0,67725.1775,67756.66,61463.91416666666
2023-01-11 13:00:00+01:00,67357.135,71354.57250000001,7.15,89.87659,15.815435,13,2,1,0,0,66946.39,66578.875,61499.905
2023-01-11 14:00:00+01:00,66636.4075,70170.4725,7.4,91.14667,16.071491,14,2,1,0,0,65506.8425,65635.8275,61517.019375
2023-01-11 15:00:00+01:00,65889.41,69051.565,7.65,91.793594,17.906157,15,2,1,0,0,64710.28,65033.96,61564.08458333334
2023-01-11 16:00:00+01:00,66341.0075,68795.135,7.75,92.11612,16.055355,16,2,1,0,0,65681.1825,65238.255,61613.215
2023-01-11 17:00:00+01:00,69044.245,70704.725,7.8,92.754234,14.982228,17,2,1,0,0,68632.6525,67248.84,61640.707708333335
2023-01-11 18:00:00+01:00,68898.45999999999,70502.3925,7.75,93.39066,12.72283,18,2,1,0,0,68686.845,66791.045,61657.85739583333
2023-01-11 19:00:00+01:00,67216.6575,68957.4175,7.75,93.07057,14.973576,19,2,1,0,0,67469.0275,64627.92,61666.6746875
2023-01-11 20:00:00+01:00,63647.72,65429.9825,7.85,94.684906,16.167967,20,2,1,0,0,64202.4275,60942.1175,61656.159270833334
2023-01-11 21:00:00+01:00,60330.1725,62215.1625,7.25,92.72349,17.114204,21,2,1,0,0,60837.2325,57781.805,61633.04645833333
2023-01-11 22:00:00+01:00,57260.825,59487.0075,6.6,91.0923,17.114204,22,2,1,0,0,57623.495,55106.6975,61611.91895833333
2023-01-11 23:00:00+01:00,54527.4425,56151.225,6.0,90.73382,17.551615,23,2,1,0,0,54544.707500000004,51927.4425,61596.807708333334
2023-01-12 00:00:00+01:00,51715.802500000005,54629.725000000006,5.5,90.06407,15.815435,0,3,1,0,0,51137.615,47134.6925,61596.088333333326
2023-01-12 01:00:00+01:00,49925.885,52369.9625,5.6,89.128525,20.3774,1,3,1,0,0,49114.05,45046.707500000004,61620.17947916666
2023-01-12 02:00:00+01:00,49126.692500000005,51631.4375,5.7,88.20307,23.219301,2,3,1,0,0,48262.86,45086.7425,61654.005937500006
2023-01-12 03:00:00+01:00,49142.585,52464.822499999995,5.6,87.268394,25.600533,3,3,1,0,0,48478.3525,45467.3375,61689.99895833334
2023-01-12 04:00:00+01:00,50130.405,54112.02,6.3,86.72594,27.908709,4,3,1,0,0,49536.5,46604.3,61717.6753125
2023-01-12 05:00:00+01:00,53520.5925,56877.774999999994,6.75,82.91225,27.871534,5,3,1,0,0,52940.405,48731.0275,61742.42135416667
2023-01-12 06:00:00+01:00,61677.5475,63344.81,6.65,84.36635,25.071098,6,3,1,0,0,60322.06,53624.465,61766.595833333326
2023-01-12 07:00:00+01:00,67284.18,67774.7975,7.05,83.532074,24.66197,7,3,1,0,0,66525.405,59668.5275,61823.07447916666
2023-01-12 08:00:00+01:00,70192.5825,70280.8225,7.2,83.25885,24.079666,8,3,1,0,0,69103.98,62032.4225,61854.690104166664
2023-01-12 09:00:00+01:00,70912.6925,71249.205,7.25,84.14144,24.633049,9,3,1,0,0,68739.4475,62738.375,61900.04854166667
2023-01-12 10:00:00+01:00,71497.685,72129.33,7.8,82.75443,26.729847,10,3,1,0,0,68850.7625,63161.655,61990.600416666675
2023-01-12 11:00:00+01:00,72436.4725,73282.02,8.15,81.37273,28.33957,11,3,1,0,0,69556.2425,64600.715,62100.88885416666
2023-01-12 12:00:00+01:00,71522.7075,73449.4625,8.55,81.14457,31.259941,12,3,1,0,0,68588.9575,64881.9475,62220.8984375
2023-01-12 13:00:00+01:00,70538.885,72499.98,8.3,81.959915,30.154163,13,3,1,0,0,67357.135,63092.1725,62343.138020833336
2023-01-12 14:00:00+01:00,69101.1175,71396.91,8.95,78.43487,29.74306,14,3,1,0,0,66636.4075,61536.0575,62475.7109375
2023-01-12 15:00:00+01:00,68277.39749999999,70924.8025,9.5,75.84685,28.1169,15,3,1,0,0,65889.41,60520.16,62578.4071875
2023-01-12 16:00:00+01:00,67996.675,70691.345,9.6,75.07841,27.80403,16,3,1,0,0,66341.0075,60722.755000000005,62677.90666666667
2023-01-12 17:00:00+01:00,69929.9075,72318.795,9.4,77.15645,26.518099,17,3,1,0,0,69044.245,62917.7975,62746.8928125
2023-01-12 18:00:00+01:00,69766.68,71983.5275,9.8,76.160034,25.96995,18,3,1,0,0,68898.45999999999,62608.97,62783.79541666667
2023-01-12 19:00:00+01:00,68219.485,70185.5075,9.75,77.47941,24.184391,19,3,1,0,0,67216.6575,60369.25,62819.971249999995
2023-01-12 20:00:00+01:00,64386.835,66939.58499999999,9.6,79.89938,25.741888,20,3,1,0,0,63647.72,57029.1425,62861.75572916667
2023-01-12 21:00:00+01:00,60687.455,63837.380000000005,9.4,82.66917,25.96995,21,3,1,0,0,60330.1725,53328.83,62892.5521875
2023-01-12 22:00:00+01:00,57704.2125,61029.854999999996,8.85,89.08749,23.78453,22,3,1,0,0,57260.825,50499.11,62907.43895833334
2023-01-12 23:00:00+01:00,54270.985,57804.2375,8.9,89.09158,24.627789,23,3,1,0,0,54527.4425,47079.537500000006,62925.91343749999
2023-01-13 00:00:00+01:00,50825.1775,55511.7,8.9,88.78733,25.772078,0,4,1,0,0,51715.802500000005,44422.5,62915.22770833334
2023-01-13 01:00:00+01:00,49289.7875,53660.0925,9.15,88.20363,27.295977,1,4,1,0,0,49925.885,42535.185,62878.11833333334
2023-01-13 02:00:00+01:00,48638.1575,52620.3475,9.25,87.611786,25.35637,2,4,1,0,0,49126.692500000005,42008.715000000004,62851.61427083333
2023-01-13 03:00:00+01:00,48673.3675,52891.1625,9.0,88.190384,22.218153,3,4,1,0,0,49142.585,42716.835,62831.258645833324
2023-01-13 04:00:00+01:00,49860.8,54278.6175,8.9,88.483986,22.26477,4,4,1,0,0,50130.405,44134.2225,62811.707916666666
2023-01-13 05:00:00+01:00,53044.7475,57014.67,8.8,87.870995,22.039528,5,4,1,0,0,53520.5925,46373.1875,62800.47437499999
2023-01-13 06:00:00+01:00,59670.9525,62739.03,8.8,87.870995,21.710716,6,4,1,0,0,61677.5475,50477.5125,62780.6475
2023-01-13 07:00:00+01:00,65722.9025,67312.64,8.8,87.57018,22.42427,7,4,1,0,0,67284.18,54347.17,62697.039375
2023-01-13 08:00:00+01:00,68494.9425,69366.2675,8.55,89.06284,19.174856,8,4,1,0,0,70192.5825,57104.07,62631.98614583333
2023-01-13 09:00:00+01:00,69008.4,70053.955,8.45,90.28481,17.81909,9,4,1,0,0,70912.6925,58811.36,62561.25114583334
2023-01-13 10:00:00+01:00,69366.4325,70967.2125,9.0,86.39617,18.11841,10,4,1,0,0,71497.685,60609.4025,62481.90562499999
2023-01-13 11:00:00+01:00,69621.0175,71793.1575,9.25,81.51968,20.12461,11,4,1,0,0,72436.4725,61951.155,62393.10343750001
2023-01-13 12:00:00+01:00,69523.685,71791.3375,10.05,77.25993,23.675303,12,4,1,0,0,71522.7075,61839.41,62275.792812499996
2023-01-13 13:00:00+01:00,68479.7675,71043.8925,9.3,72.204155,26.562046,13,4,1,0,0,70538.885,60190.07,62192.50020833333
2023-01-13 14:00:00+01:00,66574.8025,69898.4925,9.5,65.25241,23.617756,14,4,1,0,0,69101.1175,59050.3625,62106.70364583333
2023-01-13 15:00:00+01:00,66047.07250000001,69408.7875,9.2,59.42743,23.838959,15,4,1,0,0,68277.39749999999,57969.7675,62001.440520833334
2023-01-13 16:00:00+01:00,66861.41500000001,69635.4725,8.3,59.845394,20.88,16,4,1,0,0,67996.675,58580.845,61908.5103125
2023-01-13 17:00:00+01:00,69264.2775,71400.9025,7.7,61.666878,21.915691,17,4,1,0,0,69929.9075,60542.5725,61861.207812500004
2023-01-13 18:00:00+01:00,68615.3375,71354.74,6.75,71.46311,23.199759,18,4,1,0,0,69766.68,61160.2675,61833.473229166666
2023-01-13 19:00:00+01:00,65022.8025,69678.85,6.8,79.21389,22.915916,19,4,1,0,0,68219.485,58723.9425,61785.50062500001
2023-01-13 20:00:00+01:00,61460.16,66038.89,7.25,75.73299,27.66384,20,4,1,0,0,64386.835,55298.1925,61652.30552083333
2023-01-13 21:00:00+01:00,57907.13,62812.065,6.95,76.489456,25.762016,21,4,1,0,0,60687.455,52942.9,61530.36072916666
2023-01-13 22:00:00+01:00,54821.9825,60327.315,7.15,75.71603,26.302181,22,4,1,0,0,57704.2125,50645.63,61414.51385416667
2023-01-13 23:00:00+01:00,51608.09,57176.2275,7.35,74.42408,27.553524,23,4,1,0,0,54270.985,47113.2575,61294.4209375
2023-01-14 00:00:00+01:00,49948.5225,51594.6325,7.3,74.15245,25.762016,0,5,1,1,0,50825.1775,43658.9525,61183.46697916667
2023-01-14 01:00:00+01:00,47487.245,49677.88,7.05,72.28868,25.455843,1,5,1,1,0,49289.7875,41618.6425,61146.9396875
2023-01-14 02:00:00+01:00,46231.130000000005,48582.3175,7.0,72.795006,26.242987,2,5,1,1,0,48638.1575,40582.21,61071.83375
2023-01-14 03:00:00+01:00,46042.06,48120.85,6.5,77.781265,24.40046,3,5,1,1,0,48673.3675,40191.8125,60971.54093750001
2023-01-14 04:00:00+01:00,46440.9925,48432.0125,6.7,78.364685,22.930048,4,5,1,1,0,49860.8,40534.5625,60861.90312499999
2023-01-14 05:00:00+01:00,46337.215,49000.3225,6.95,77.30449,22.930048,5,5,1,1,0,53044.7475,41324.2125,60719.41114583334
2023-01-14 06:00:00+01:00,46812.817500000005,50180.89,6.9,77.02386,21.749481,6,5,1,1,0,59670.9525,42158.75,60439.930625
2023-01-14 07:00:00+01:00,49280.17,52676.38,6.65,77.80491,20.991426,7,5,1,1,0,65722.9025,44960.4375,59904.174999999996
2023-01-14 08:00:00+01:00,52655.0075,55476.665,6.45,78.603775,19.586119,8,5,1,1,0,68494.9425,47850.957500000004,59219.06114583334
2023-01-14 09:00:00+01:00,55486.682499999995,58054.192500000005,6.55,77.78915,18.668005,9,5,1,1,0,69008.4,50736.805,58559.06385416666
2023-01-14 10:00:00+01:00,57558.0625,59811.64,7.05,75.165276,19.914215,10,5,1,1,0,69366.4325,52437.8375,57995.65895833333
2023-01-14 11:00:00+01:00,59154.185,61374.6425,7.3,73.36907,19.67195,11,5,1,1,0,69621.0175,54184.9,57503.64354166666
2023-01-14 12:00:00+01:00,59338.2875,61163.1925,7.35,72.86021,21.09305,12,5,1,1,0,69523.685,54245.057499999995,57067.52552083333
2023-01-14 13:00:00+01:00,58447.24,59627.045,8.0,68.721375,25.14852,13,5,1,1,0,68479.7675,52844.1925,56643.13395833334
2023-01-14 14:00:00+01:00,57201.48,58314.7375,7.85,68.2035,22.608458,14,5,1,1,0,66574.8025,50798.295,56225.111979166664
2023-01-14 15:00:00+01:00,57251.67,58127.88,7.5,70.09864,23.535301,15,5,1,1,0,66047.07250000001,51165.7675,55834.556875
2023-01-14 16:00:00+01:00,58715.295,58864.505000000005,7.2,79.27328,26.437336,16,5,1,1,0,66861.41500000001,52663.2025,55468.08177083333
2023-01-14 17:00:00+01:00,61242.595,61993.6275,6.9,86.78543,26.836306,17,5,1,1,0,69264.2775,55922.5025,55128.66010416666
2023-01-14 18:00:00+01:00,61546.475,62836.8425,6.9,87.392265,26.987997,18,5,1,1,0,68615.3375,56675.9275,54794.42333333334
2023-01-14 19:00:00+01:00,59187.75,61375.604999999996,7.15,86.508606,29.301876,19,5,1,1,0,65022.8025,55086.765,54499.88739583333
2023-01-14 20:00:00+01:00,55676.745,58351.4025,7.4,87.13661,30.124065,20,5,1,1,0,61460.16,52261.465,54256.760208333326
2023-01-14 21:00:00+01:00,53010.325,56068.75,7.6,87.45827,30.563978,21,5,1,1,0,57907.13,49986.2525,54015.784583333334
2023-01-14 22:00:00+01:00,51474.5075,54461.369999999995,7.8,87.779915,30.659237,22,5,1,1,0,54821.9825,48368.76,53811.75104166666
2023-01-14 23:00:00+01:00,48803.145000000004,51781.4825,8.2,87.816475,30.085318,23,5,1,1,0,51608.09,45216.6625,53672.27291666667
2023-01-15 00:00:00+01:00,45929.182499999995,48983.667499999996,8.85,84.90909,30.432245,0,6,1,1,0,49948.5225,42938.445,53555.40020833333
2023-01-15 01:00:00+01:00,44196.825,47160.2625,8.65,87.55627,28.220419,1,6,1,1,0,47487.245,41120.7,53387.92770833333
2023-01-15 02:00:00+01:00,43261.8175,45869.6225,9.1,86.11056,27.698954,2,6,1,1,0,46231.130000000005,40229.6225,53250.826875
2023-01-15 03:00:00+01:00,43146.0525,45454.3975,9.05,86.697876,26.260265,3,6,1,1,0,46042.06,40455.73,53127.105520833335
2023-01-15 04:00:00+01:00,43232.854999999996,45550.265,9.0,89.40473,24.696102,4,6,1,1,0,46440.9925,40541.86,53006.43854166667
2023-01-15 05:00:00+01:00,43200.4075,45706.135,8.9,92.81519,23.587555,5,6,1,1,0,46337.215,40421.2325,52872.76614583333
2023-01-15 06:00:00+01:00,42987.2175,46425.3975,7.5,85.64698,19.803272,6,6,1,1,0,46812.817500000005,40330.235,52742.065833333334
2023-01-15 07:00:00+01:00,44411.9875,48551.765,6.8,82.91849,18.532133,7,6,1,1,0,49280.17,41472.88,52582.66583333333
2023-01-15 08:00:00+01:00,47865.0075,51232.76,6.45,83.45935,17.447933,8,6,1,1,0,52655.0075,44150.270000000004,52379.824895833335
2023-01-15 09:00:00+01:00,51804.9025,54188.4325,6.25,85.51306,16.78156,9,6,1,1,0,55486.682499999995,47602.425,52180.24156249999
2023-01-15 10:00:00+01:00,54733.2875,56524.277500000004,6.35,84.03591,19.513195,10,6,1,1,0,57558.0625,49961.034999999996,52026.834062500006
2023-01-15 11:00:00+01:00,57440.1775,58741.1475,6.35,77.48234,21.889065,11,6,1,1,0,59154.185,52560.5225,51909.13510416667
2023-01-15 12:00:00+01:00,57899.44,59131.7275,6.8,72.499054,22.493519,12,6,1,1,0,59338.2875,52310.6875,51837.71812500001
2023-01-15 13:00:00+01:00,56803.5925,57702.61,7.05,72.28868,24.693481,13,6,1,1,0,58447.24,50749.6825,51777.76614583333
2023-01-15 14:00:00+01:00,55424.9025,56550.9225,7.25,72.32652,24.993437,14,6,1,1,0,57201.48,49127.4025,51709.28083333333
2023-01-15 15:00:00+01:00,54834.7375,56139.2625,7.05,66.826324,27.026386,15,6,1,1,0,57251.67,48925.935,51635.25677083333
2023-01-15 16:00:00+01:00,55937.0875,56999.6225,6.2,64.504654,28.820242,16,6,1,1,0,58715.295,50798.3475,51534.55125
2023-01-15 17:00:00+01:00,59045.315,60349.275,5.65,66.27829,28.266304,17,6,1,1,0,61242.595,54667.4,51418.79260416667
2023-01-15 18:00:00+01:00,59864.385,61484.175,5.45,65.039276,30.551254,18,6,1,1,0,61546.475,55982.895,51327.23927083333
2023-01-15 19:00:00+01:00,58515.92,60098.405,5.5,63.410713,31.63087,19,6,1,1,0,59187.75,54399.4325,51257.1521875
2023-01-15 20:00:00+01:00,55873.71,57809.0175,5.6,62.743027,31.037344,20,6,1,1,0,55676.745,51978.385,51229.159270833334
2023-01-15 21:00:00+01:00,54125.01,56019.955,5.55,63.191273,29.74306,21,6,1,1,0,53010.325,49683.7,51237.36614583333
2023-01-15 22:00:00+01:00,53227.6025,55241.307499999995,5.35,63.840458,28.1169,22,6,1,1,0,51474.5075,48434.775,51283.81135416666
2023-01-15 23:00:00+01:00,50308.3925,52585.005000000005,5.05,65.424355,25.741888,23,6,1,1,0,48803.145000000004,45615.9475,51356.85697916666
2023-01-16 00:00:00+01:00,47779.4675,50391.315,4.8,67.30694,22.932877,0,0,1,0,0,45929.182499999995,43907.31,51419.575625
2023-01-16 01:00:00+01:00,46014.3625,48687.795,5.35,67.671555,23.000591,1,0,1,0,0,44196.825,42851.354999999996,51496.67083333334
2023-01-16 02:00:00+01:00,44764.8175,48181.207500000004,4.75,70.55721,22.691423,2,0,1,0,0,43261.8175,42560.93,51572.401562499996
2023-01-16 03:00:00+01:00,44621.3125,48512.735,4.1,73.304855,20.421871,3,0,1,0,0,43146.0525,42823.315,51635.026562499996
2023-01-16 04:00:00+01:00,46118.9275,50542.93,3.25,77.25993,16.676977,4,0,1,0,0,43232.854999999996,44215.255,51696.495729166665
2023-01-16 05:00:00+01:00,50251.8,54004.095,2.55,81.48219,14.408997,5,0,1,0,0,43200.4075,47636.604999999996,51816.74875
2023-01-16 06:00:00+01:00,58687.015,61546.03,1.95,85.03827,15.188415,6,0,1,0,0,42987.2175,56510.6225,52110.55677083333
2023-01-16 07:00:00+01:00,64960.0775,67372.66,2.1,84.74691,16.203999,7,0,1,0,0,44411.9875,62542.2875,52764.715
2023-01-16 08:00:00+01:00,67721.925,70036.47750000001,1.75,85.94874,16.215992,8,0,1,0,0,47865.0075,66180.435,53620.885416666664
2023-01-16 09:00:00+01:00,68131.61,70526.15,2.3,81.745125,15.905319,9,0,1,0,0,51804.9025,66761.565,54448.25697916667
2023-01-16 10:00:00+01:00,68688.0425,71175.6225,3.4,77.847565,13.896187,10,0,1,0,0,54733.2875,66914.475,55128.536458333336
2023-01-16 11:00:00+01:00,69436.53,71995.88,4.6,72.08022,15.379206,11,0,1,0,0,57440.1775,67506.35,55709.98458333333
2023-01-16 12:00:00+01:00,68824.21,72202.26000000001,5.45,68.43328,16.279802,12,0,1,0,0,57899.44,67147.605,56209.832604166666
2023-01-16 13:00:00+01:00,67865.2375,71484.38500000001,6.4,65.96619,15.617529,13,0,1,0,0,56803.5925,66739.1375,56665.03135416666
2023-01-16 14:00:00+01:00,67177.93,70526.82,6.7,64.61932,16.870138,14,0,1,0,0,55424.9025,65063.7475,57125.933229166665
2023-01-16 15:00:00+01:00,67282.495,69576.0525,6.2,66.640366,19.881649,15,0,1,0,0,54834.7375,63755.225,57615.64270833333
2023-01-16 16:00:00+01:00,67944.11,69382.105,5.25,69.13916,20.12461,16,0,1,0,0,55937.0875,63989.53,58134.29927083334
2023-01-16 17:00:00+01:00,70311.8975,71266.83,4.5,69.2348,20.523157,17,0,1,0,0,59045.315,66709.64499999999,58634.59187499999
2023-01-16 18:00:00+01:00,70355.36,71490.155,4.3,68.189095,21.767351,18,0,1,0,0,59864.385,66615.06,59104.032812499994
2023-01-16 19:00:00+01:00,68707.1725,70065.88,4.05,68.13568,21.385939,19,0,1,0,0,58515.92,64948.0575,59541.15677083333
2023-01-16 20:00:00+01:00,64391.064999999995,66570.885,4.4,65.99943,24.063513,20,0,1,0,0,55873.71,61196.955,59965.79229166667
2023-01-16 21:00:00+01:00,61516.1375,63418.015,3.95,68.11427,23.933908,21,0,1,0,0,54125.01,57965.7725,60320.68208333334
2023-01-16 22:00:00+01:00,58483.2775,60564.21,3.85,68.59443,22.66857,22,0,1,0,0,53227.6025,54905.2675,60628.64572916667
2023-01-16 23:00:00+01:00,55248.585,57309.5075,3.65,69.82172,22.148046,23,0,1,0,0,50308.3925,51409.045,60847.63218750001
2023-01-17 00:00:00+01:00,52106.134999999995,54457.6075,3.35,71.83828,22.42427,0,1,1,0,0,47779.4675,48488.1125,61053.473541666666
2023-01-17 01:00:00+01:00,50084.035,52560.7175,3.5,74.26899,21.817902,1,1,1,0,0,46014.3625,46384.93,61233.75135416666
2023-01-17 02:00:00+01:00,50160.6975,51774.965,3.7,73.230354,21.413193,2,1,1,0,0,44764.8175,45899.465,61403.32104166667
2023-01-17 03:00:00+01:00,50220.1625,52311.465000000004,3.7,70.34553,19.839235,3,1,1,0,0,44621.3125,46461.3325,61628.149375
2023-01-17 04:00:00+01:00,51551.45,53802.3425,3.85,65.63341,20.211363,4,1,1,0,0,46118.9275,47919.03,61861.43479166667
2023-01-17 05:00:00+01:00,54892.6275,56999.9025,3.65,67.80012,18.844202,5,1,1,0,0,50251.8,51484.165,62087.78989583333
2023-01-17 06:00:00+01:00,62342.6175,63610.4725,4.15,75.19918,19.969458,6,1,1,0,0,58687.015,58223.057499999995,62281.15770833333
2023-01-17 07:00:00+01:00,67986.0175,68975.92,4.15,80.24517,23.47741,7,1,1,0,0,64960.0775,64264.5675,62433.47447916667
2023-01-17 08:00:00+01:00,70215.975,71436.495,3.4,83.38211,18.161278,8,1,1,0,0,67721.925,66976.79000000001,62559.55531249999
2023-01-17 09:00:00+01:00,70179.95,71860.41,4.2,77.13522,24.248611,9,1,1,0,0,68131.61,67546.895,62663.474062500005
2023-01-17 10:00:00+01:00,70083.315,72291.715,4.0,77.38177,25.570139,10,1,1,0,0,68688.0425,68095.505,62748.8215625
2023-01-17 11:00:00+01:00,70397.535,73113.6125,3.95,77.09438,27.210379,11,1,1,0,0,69436.53,68309.8625,62806.957916666666
2023-01-17 12:00:00+01:00,69706.44,73156.67749999999,3.45,81.31065,23.400002,12,1,1,0,0,68824.21,67725.1775,62846.99979166666
2023-01-17 13:00:00+01:00,68248.445,72228.2,4.1,79.949875,21.175835,13,1,1,0,0,67865.2375,66946.39,62883.759375
2023-01-17 14:00:00+01:00,67325.60250000001,71106.545,4.0,76.5468,21.933426,14,1,1,0,0,67177.93,65506.8425,62899.72635416666
2023-01-17 15:00:00+01:00,65757.045,70152.785,3.75,79.32406,16.992609,15,1,1,0,0,67282.495,64710.28,62905.879375
2023-01-17 16:00:00+01:00,65644.4,69973.7825,2.8,83.609634,12.475961,16,1,1,0,0,67944.11,65681.1825,62842.31895833334
2023-01-17 17:00:00+01:00,68864.3175,71757.4725,1.4,90.071014,9.504272,17,1,1,0,0,70311.8975,68632.6525,62746.497708333336
2023-01-17 18:00:00+01:00,68886.4725,71794.4975,0.5,91.659004,9.19939,18,1,1,0,0,70355.36,68686.845,62686.18187500001
2023-01-17 19:00:00+01:00,67329.4725,70482.4825,-0.5,91.93026,7.7879906,19,1,1,0,0,68707.1725,67469.0275,62624.97822916667
2023-01-17 20:00:00+01:00,64005.957500000004,67000.205,-1.85,92.52831,8.557102,20,1,1,0,0,64391.064999999995,64202.4275,62567.574062499996
2023-01-17 21:00:00+01:00,60160.74,63758.042499999996,-2.3,92.1571,9.339208,21,1,1,0,0,61516.1375,60837.2325,62551.527916666666
2023-01-17 22:00:00+01:00,56924.524999999994,60973.6725,-0.15,88.636765,6.9153743,22,1,1,0,0,58483.2775,57623.495,62495.05302083333
2023-01-17 23:00:00+01:00,53510.912500000006,57705.985,-0.05,88.64559,5.692099,23,1,1,0,0,55248.585,54544.707500000004,62430.105
2023-01-18 00:00:00+01:00,51136.22,55841.932499999995,-2.7,94.57356,6.9247384,0,2,1,0,0,52106.134999999995,51137.615,62357.70197916666
2023-01-18 01:00:00+01:00,49494.195,54171.525,-1.95,94.95776,1.1384199,1,2,1,0,0,50084.035,49114.05,62317.28885416666
2023-01-18 02:00:00+01:00,49096.71,53622.73,-4.1,95.94826,6.12,2,2,1,0,0,50160.6975,48262.86,62292.7121875
2023-01-18 03:00:00+01:00,48587.7175,53870.7575,-3.7,97.0483,6.28713,3,2,1,0,0,50220.1625,48478.3525,62248.379375
2023-01-18 04:00:00+01:00,49594.47,54973.7975,-2.3,95.29695,6.489992,4,2,1,0,0,51551.45,49536.5,62180.36083333333
2023-01-18 05:00:00+01:00,53093.9475,57779.385,-2.35,93.190605,6.28713,5,2,1,0,0,54892.6275,52940.405,62098.82
2023-01-18 06:00:00+01:00,59423.24,63859.745,-2.3,90.79134,6.3690495,6,2,1,0,0,62342.6175,60322.06,62023.875
2023-01-18 07:00:00+01:00,65305.712499999994,68810.135,-1.6,89.50157,7.42159,7,2,1,0,0,67986.0175,66525.405,61902.23427083334
2023-01-18 08:00:00+01:00,68016.2675,70885.3,-1.15,88.87706,8.373386,8,2,1,0,0,70215.975,69103.98,61790.55489583334
2023-01-18 09:00:00+01:00,68903.525,71678.79250000001,-0.6,87.29634,8.534353,9,2,1,0,0,70179.95,68739.4475,61698.900416666664
2023-01-18 10:00:00+01:00,69037.46250000001,72574.625,0.45,83.6261,7.10031,10,2,1,0,0,70083.315,68850.7625,61645.71604166667
2023-01-18 11:00:00+01:00,68970.0475,73498.76,1.25,82.8091,7.6367526,11,2,1,0,0,70397.535,69556.2425,61602.13885416667
2023-01-18 12:00:00+01:00,68538.955,73604.435,1.55,84.06755,9.360001,12,2,1,0,0,69706.44,68588.9575,61542.66020833334
2023-01-18 13:00:00+01:00,67569.875,73039.585,1.75,86.890915,7.42159,13,2,1,0,0,68248.445,67357.135,61494.01499999999
2023-01-18 14:00:00+01:00,66687.01,71885.275,1.6,86.87589,10.163227,14,2,1,0,0,67325.60250000001,66636.4075,61465.74125
2023-01-18 15:00:00+01:00,65886.1925,71029.4375,1.2,85.576584,8.287822,15,2,1,0,0,65757.045,65889.41,61439.13322916667
2023-01-18 16:00:00+01:00,66164.7225,70769.79000000001,0.3,87.70574,5.04,16,2,1,0,0,65644.4,66341.0075,61444.514375
2023-01-18 17:00:00+01:00,68662.6775,72452.85,-1.5,90.51294,8.161764,17,2,1,0,0,68864.3175,69044.245,61466.19447916667
2023-01-18 18:00:00+01:00,68809.2075,72253.05,-1.4,91.532745,6.9527545,18,2,1,0,0,68886.4725,68898.45999999999,61457.7928125
2023-01-18 19:00:00+01:00,67450.8075,70941.9725,-2.1,92.16962,7.9526596,19,2,1,0,0,67329.4725,67216.6575,61454.573437499996
2023-01-18 20:00:00+01:00,64466.37,67589.6,-2.75,92.82091,7.6367526,20,2,1,0,0,64005.957500000004,63647.72,61459.629062500004
2023-01-18 21:00:00+01:00,61960.2325,64203.435,-2.9,92.81224,7.289444,21,2,1,0,0,60160.74,60330.1725,61478.81291666667
2023-01-18 22:00:00+01:00,59333.4725,61421.1025,-4.1,93.09385,9.585739,22,2,1,0,0,56924.524999999994,57260.825,61553.79177083333
2023-01-18 23:00:00+01:00,55947.5,58253.8125,-3.75,93.11337,7.491114,23,2,1,0,0,53510.912500000006,54527.4425,61654.16458333333
2023-01-19 00:00:00+01:00,53300.895000000004,55819.175,-3.85,91.71181,7.7043357,0,3,1,0,0,51136.22,51715.802500000005,61755.6890625
2023-01-19 01:00:00+01:00,51770.2725,54123.207500000004,-2.75,92.128815,7.4128532,1,3,1,0,0,49494.195,49925.885,61845.88385416667
2023-01-19 02:00:00+01:00,51474.417499999996,53182.49,-3.45,90.70674,7.968939,2,3,1,0,0,49096.71,49126.692500000005,61940.72041666667
2023-01-19 03:00:00+01:00,51552.95,53332.305,-3.35,89.693634,8.825508,3,3,1,0,0,48587.7175,49142.585,62039.7915625
2023-01-19 04:00:00+01:00,52483.582500000004,54607.715,-3.35,89.35574,9.885262,4,3,1,0,0,49594.47,50130.405,62163.34291666667
2023-01-19 05:00:00+01:00,55405.4225,57609.0625,-3.4,89.35154,11.013882,5,3,1,0,0,53093.9475,53520.5925,62283.722604166665
2023-01-19 06:00:00+01:00,62476.61,64008.462499999994,-3.55,89.67729,10.948973,6,3,1,0,0,59423.24,61677.5475,62380.0340625
2023-01-19 07:00:00+01:00,67475.13500000001,69841.4725,-3.5,89.68138,11.720751,7,3,1,0,0,65305.712499999994,67284.18,62507.2578125
2023-01-19 08:00:00+01:00,69822.85250000001,72234.26000000001,-3.4,89.68956,11.631956,8,3,1,0,0,68016.2675,70192.5825,62597.650416666664
2023-01-19 09:00:00+01:00,70121.42,72770.0275,-2.7,88.74109,14.05845,9,3,1,0,0,68903.525,70912.6925,62672.92479166667
2023-01-19 10:00:00+01:00,70766.81,73144.305,-1.45,86.2423,13.363711,10,3,1,0,0,69037.46250000001,71497.685,62723.67041666666
2023-01-19 11:00:00+01:00,71346.245,73802.4125,-0.2,81.40283,13.32,11,3,1,0,0,68970.0475,72436.4725,62795.7265625
2023-01-19 12:00:00+01:00,70693.985,73274.125,0.95,77.73953,14.168641,12,3,1,0,0,68538.955,71522.7075,62894.73479166667
2023-01-19 13:00:00+01:00,70468.545,72145.435,1.7,69.93649,16.485485,13,3,1,0,0,67569.875,70538.885,62984.527708333335
2023-01-19 14:00:00+01:00,68390.04000000001,71026.08,2.0,69.99834,17.906157,14,3,1,0,0,66687.01,69101.1175,63105.30562500001
2023-01-19 15:00:00+01:00,67685.22,70293.70749999999,1.9,71.55399,15.2947035,15,3,1,0,0,65886.1925,68277.39749999999,63176.26520833333
2023-01-19 16:00:00+01:00,67880.82,70139.85,1.3,75.80889,12.015589,16,3,1,0,0,66164.7225,67996.675,63251.224687500006
2023-01-19 17:00:00+01:00,70346.23999999999,72359.505,1.1,76.90549,13.009903,17,3,1,0,0,68662.6775,69929.9075,63322.72875
2023-01-19 18:00:00+01:00,70188.1275,72209.115,1.0,77.460396,13.854155,18,3,1,0,0,68809.2075,69766.68,63392.8771875
2023-01-19 19:00:00+01:00,68630.95999999999,70647.17749999999,1.0,77.747604,12.55879,19,3,1,0,0,67450.8075,68219.485,63450.332187500004
2023-01-19 20:00:00+01:00,64625.384999999995,67380.485,0.7,80.629166,10.144082,20,3,1,0,0,64466.37,64386.835,63499.505208333336
2023-01-19 21:00:00+01:00,60873.380000000005,64218.195,-0.5,88.60578,8.587338,21,3,1,0,0,61960.2325,60687.455,63506.130833333336
2023-01-19 22:00:00+01:00,57767.89750000001,61537.8375,-0.95,90.55401,7.491114,22,3,1,0,0,59333.4725,57704.2125,63460.8453125
2023-01-19 23:00:00+01:00,54136.9375,58393.182499999995,-0.85,92.58767,7.386582,23,3,1,0,0,55947.5,54270.985,63395.61302083333
2023-01-20 00:00:00+01:00,51933.8375,55293.93,-0.55,92.94615,7.386582,0,4,1,0,0,53300.895000000004,50825.1775,63320.17291666666
2023-01-20 01:00:00+01:00,50080.625,53387.6325,-1.9,93.21517,7.491114,1,4,1,0,0,51770.2725,49289.7875,63263.2121875
2023-01-20 02:00:00+01:00,49249.605,52626.4,-2.7,94.92702,6.725354,2,4,1,0,0,51474.417499999996,48638.1575,63192.810208333336
2023-01-20 03:00:00+01:00,49396.2275,52998.1325,-3.55,96.68891,7.8625183,3,4,1,0,0,51552.95,48673.3675,63100.1096875
2023-01-20 04:00:00+01:00,50380.595,53790.7325,-4.0,96.67664,9.511088,4,4,1,0,0,52483.582500000004,49860.8,63010.246250000004
2023-01-20 05:00:00+01:00,53564.5675,56375.9,-3.6,97.4151,7.7043357,5,4,1,0,0,55405.4225,53044.7475,62922.621770833335
2023-01-20 06:00:00+01:00,59638.6625,62228.91,-3.45,97.05437,7.5685663,6,4,1,0,0,62476.61,59670.9525,62845.91947916666
2023-01-20 07:00:00+01:00,65285.465,67224.2025,-3.75,96.68347,8.373386,7,4,1,0,0,67475.13500000001,65722.9025,62727.67166666667
2023-01-20 08:00:00+01:00,68113.69499999999,69348.05,-4.1,96.6739,9.983106,8,4,1,0,0,69822.85250000001,68494.9425,62636.43541666667
2023-01-20 09:00:00+01:00,68265.175,69881.8325,-2.35,97.44156,4.5536795,9,4,1,0,0,70121.42,69008.4,62565.22052083333
2023-01-20 10:00:00+01:00,68795.445,70625.575,-0.5,91.93026,4.5536795,10,4,1,0,0,70766.81,69366.4325,62487.87697916667
2023-01-20 11:00:00+01:00,69081.6875,71048.895,1.0,84.31004,5.04,11,4,1,0,0,71346.245,69621.0175,62405.73677083334
2023-01-20 12:00:00+01:00,68358.315,70670.61,1.85,79.61815,4.0249224,12,4,1,0,0,70693.985,69523.685,62311.380208333336
2023-01-20 13:00:00+01:00,66977.395,69534.2325,1.3,84.345535,4.452954,13,4,1,0,0,70468.545,68479.7675,62214.060625000006
2023-01-20 14:00:00+01:00,65483.095,67955.55,1.55,82.24354,2.5959969,14,4,1,0,0,68390.04000000001,66574.8025,62068.596041666664
2023-01-20 15:00:00+01:00,64495.15,67137.2775,1.4,81.62295,2.1897945,15,4,1,0,0,67685.22,66047.07250000001,61947.473333333335
2023-01-20 16:00:00+01:00,64632.067500000005,67066.1775,0.55,87.40857,3.319036,16,4,1,0,0,67880.82,66861.41500000001,61814.55374999999
2023-01-20 17:00:00+01:00,66801.53,68695.0675,-1.35,90.52416,5.495161,17,4,1,0,0,70346.23999999999,69264.2775,61679.1890625
2023-01-20 18:00:00+01:00,66778.2525,68709.2025,-2.65,92.82667,6.9153743,18,4,1,0,0,70188.1275,68615.3375,61531.49281250001
2023-01-20 19:00:00+01:00,64878.635,67461.6075,-3.2,94.19783,7.2,19,4,1,0,0,68630.95999999999,65022.8025,61389.41468749999
2023-01-20 20:00:00+01:00,61142.365000000005,64153.417499999996,-3.85,94.87932,8.39657,20,4,1,0,0,64625.384999999995,61460.16,61233.0678125
2023-01-20 21:00:00+01:00,57582.785,61415.895000000004,-3.95,94.875145,7.289445,21,4,1,0,0,60873.380000000005,57907.13,61087.941979166666
2023-01-20 22:00:00+01:00,54948.8275,59132.11,-3.5,94.89391,6.489992,22,4,1,0,0,57767.89750000001,54821.9825,60950.83385416667
2023-01-20 23:00:00+01:00,52458.4975,56015.4225,-3.25,94.90428,6.489992,23,4,1,0,0,54136.9375,51608.09,60833.372604166674
2023-01-21 00:00:00+01:00,50222.4525,53926.4875,-1.65,93.92182,7.9932966,0,5,1,1,0,51933.8375,49948.5225,60763.43760416668
2023-01-21 01:00:00+01:00,48157.77,52198.7675,-1.35,90.52416,11.177405,1,5,1,1,0,50080.625,47487.245,60692.12989583333
2023-01-21 02:00:00+01:00,46992.7,50706.6,-1.35,91.19768,12.181625,2,5,1,1,0,49249.605,46231.130000000005,60612.010937499996
2023-01-21 03:00:00+01:00,46826.3875,50566.53,-1.3,90.19293,16.746773,3,5,1,1,0,49396.2275,46042.06,60517.973229166666
2023-01-21 04:00:00+01:00,46747.21,50301.4325,-1.1,89.2115,14.512064,4,5,1,1,0,50380.595,46440.9925,60410.89656249999
2023-01-21 05:00:00+01:00,46738.5925,50340.875,-0.8,88.57913,12.144331,5,5,1,1,0,53564.5675,46337.215,60259.50552083333
2023-01-21 06:00:00+01:00,47912.6425,50869.36,-0.1,86.703705,14.869351,6,5,1,1,0,59638.6625,46812.817500000005,59975.089895833335
2023-01-21 07:00:00+01:00,50806.39,53477.4825,-0.25,87.65337,16.516901,7,5,1,1,0,65285.465,49280.17,59486.50572916667
2023-01-21 08:00:00+01:00,54891.975,56431.9075,-0.8,91.2359,17.917007,8,5,1,1,0,68113.69499999999,52655.0075,58883.2109375
2023-01-21 09:00:00+01:00,58500.85,59156.3675,-0.25,87.33065,17.873554,9,5,1,1,0,68265.175,55486.682499999995,58332.3059375
2023-01-21 10:00:00+01:00,60510.9375,61103.13,1.3,78.372154,21.518847,10,5,1,1,0,68795.445,57558.0625,57925.459062500006
2023-01-21 11:00:00+01:00,61487.595,62096.317500000005,2.15,74.29665,19.559633,11,5,1,1,0,69081.6875,59154.185,57580.27125
2023-01-21 12:00:00+01:00,61318.6325,61931.6725,2.55,72.74629,21.611998,12,5,1,1,0,68358.315,59338.2875,57263.85072916667
2023-01-21 13:00:00+01:00,60243.042499999996,60396.8775,2.45,76.006935,23.623243,13,5,1,1,0,66977.395,58447.24,56970.53062499999
2023-01-21 14:00:00+01:00,59168.1275,59117.2575,3.05,71.254265,25.2924,14,5,1,1,0,65483.095,57201.48,56689.93260416667
2023-01-21 15:00:00+01:00,58319.785,59026.575,2.75,71.98562,28.19285,15,5,1,1,0,64495.15,57251.67,56426.808958333335
2023-01-21 16:00:00+01:00,59252.3425,59748.399999999994,2.1,75.113174,28.802248,16,5,1,1,0,64632.067500000005,58715.295,56169.50208333333
2023-01-21 17:00:00+01:00,61738.385,62086.885,1.7,81.06812,28.71437,17,5,1,1,0,66801.53,61242.595,55945.346874999996
2023-01-21 18:00:00+01:00,62037.45,62670.85,1.45,87.49538,28.385262,18,5,1,1,0,66778.2525,61546.475,55734.3825
2023-01-21 19:00:00+01:00,60120.667499999996,61349.3125,1.45,89.42377,27.609911,19,5,1,1,0,64878.635,59187.75,55536.8490625
2023-01-21 20:00:00+01:00,55710.61,58338.8575,1.35,92.04727,25.992397,20,5,1,1,0,61142.365000000005,55676.745,55338.60041666666
2023-01-21 21:00:00+01:00,53051.95,56259.3875,1.15,94.397194,24.363249,21,5,1,1,0,57582.785,53010.325,55112.277291666665
2023-01-21 22:00:00+01:00,51980.8925,55242.8775,1.05,94.392715,23.185787,22,5,1,1,0,54948.8275,51474.5075,54923.4925
2023-01-21 23:00:00+01:00,49209.335,52616.7725,0.95,94.388245,22.45315,23,5,1,1,0,52458.4975,48803.145000000004,54799.82854166667
2023-01-22 00:00:00+01:00,47474.292499999996,50399.135,0.9,94.386,20.898613,0,6,1,1,0,50222.4525,45929.182499999995,54664.44677083333
2023-01-22 01:00:00+01:00,45855.5375,48699.4575,0.75,94.7222,18.775303,1,6,1,1,0,48157.77,44196.825,54549.940104166664
2023-01-22 02:00:00+01:00,45127.0625,47357.9175,0.8,94.38153,18.35647,2,6,1,1,0,46992.7,43261.8175,54454.013750000006
2023-01-22 03:00:00+01:00,44475.5725,47325.4675,0.8,94.38153,17.309975,3,6,1,1,0,46826.3875,43146.0525,54376.278854166674
2023-01-22 04:00:00+01:00,44451.9875,47075.8125,0.8,94.72431,16.800856,4,6,1,1,0,46747.21,43232.854999999996,54278.32822916666
2023-01-22 05:00:00+01:00,43938.5225,47124.7875,0.75,94.03748,15.30741,5,6,1,1,0,46738.5925,43200.4075,54182.69395833334
2023-01-22 06:00:00+01:00,44053.5,46959.72,0.85,93.70178,15.349684,6,6,1,1,0,47912.6425,42987.2175,54066.024375
2023-01-22 07:00:00+01:00,45525.3475,48811.345,0.9,93.36506,15.349684,7,6,1,1,0,50806.39,44411.9875,53905.22677083333
2023-01-22 08:00:00+01:00,48345.675,51663.68,0.9,93.36506,14.186923,8,6,1,1,0,54891.975,47865.0075,53685.18333333334
2023-01-22 09:00:00+01:00,52049.6275,54879.6925,1.0,93.032455,14.113652,9,6,1,1,0,58500.85,51804.9025,53412.42083333334
2023-01-22 10:00:00+01:00,55260.9725,57297.845,1.15,92.704315,14.291592,10,6,1,1,0,60510.9375,54733.2875,53143.61989583333
2023-01-22 11:00:00+01:00,57603.9225,59418.43,1.3,92.71295,14.799459,11,6,1,1,0,61487.595,57440.1775,52924.87135416666
2023-01-22 12:00:00+01:00,57529.572499999995,59705.655,1.55,90.737434,15.9134655,12,6,1,1,0,61318.6325,57899.44,52763.051666666666
2023-01-22 13:00:00+01:00,55878.915,58384.399999999994,1.4,89.74482,14.4,13,6,1,1,0,60243.042499999996,56803.5925,52605.174166666664
2023-01-22 14:00:00+01:00,54332.6375,56816.3275,1.6,88.789825,14.264361,14,6,1,1,0,59168.1275,55424.9025,52423.33552083333
2023-01-22 15:00:00+01:00,53866.685,56310.125,1.75,87.84225,13.551501,15,6,1,1,0,58319.785,54834.7375,52221.856770833336
2023-01-22 16:00:00+01:00,54062.3,57030.5875,1.8,88.48603,10.233123,16,6,1,1,0,59252.3425,55937.0875,52036.310937500006
2023-01-22 17:00:00+01:00,56980.245,59744.7725,1.6,89.76074,9.504272,17,6,1,1,0,61738.385,59045.315,51820.059166666666
2023-01-22 18:00:00+01:00,57970.54,60766.12,1.45,89.748795,11.480557,18,6,1,1,0,62037.45,59864.385,51621.80333333334
2023-01-22 19:00:00+01:00,56168.425,59716.035,1.25,89.73285,12.768586,19,6,1,1,0,60120.667499999996,58515.92,51452.348750000005
2023-01-22 20:00:00+01:00,54118.0,57322.47,1.2,89.72886,11.983188,20,6,1,1,0,55710.61,55873.71,51287.67197916668
2023-01-22 21:00:00+01:00,52081.7975,55782.34,1.05,90.37202,11.525623,21,6,1,1,0,53051.95,54125.01,51221.31322916667
2023-01-22 22:00:00+01:00,51538.5925,55491.7275,1.05,90.043915,11.200571,22,6,1,1,0,51980.8925,53227.6025,51180.89020833333
2023-01-22 23:00:00+01:00,49482.5625,53048.1775,0.95,90.036156,10.296251,23,6,1,1,0,49209.335,50308.3925,51162.46104166666
2023-01-23 00:00:00+01:00,47605.8725,50961.7425,0.95,89.70886,9.511088,0,0,1,0,0,47474.292499999996,47779.4675,51173.84552083333
2023-01-23 01:00:00+01:00,46202.1575,49170.8225,0.85,92.68699,9.339208,1,0,1,0,0,45855.5375,46014.3625,51179.32802083334
2023-01-23 02:00:00+01:00,45464.1825,48428.06,0.85,92.68699,10.685391,2,0,1,0,0,45127.0625,44764.8175,51193.77052083333
2023-01-23 03:00:00+01:00,45781.0525,48995.645000000004,0.85,92.68699,9.504273,3,0,1,0,0,44475.5725,44621.3125,51207.81718749999
2023-01-23 04:00:00+01:00,47077.41,50235.8175,0.85,93.02417,9.387651,4,0,1,0,0,44451.9875,46118.9275,51262.2121875
2023-01-23 05:00:00+01:00,50007.2025,53524.3025,0.6,94.37255,8.287822,5,0,1,0,0,43938.5225,50251.8,51371.60479166667
2023-01-23 06:00:00+01:00,57329.385,60359.31,0.4,95.052345,8.217153,6,0,1,0,0,44053.5,58687.015,51624.466458333336
2023-01-23 07:00:00+01:00,63610.917499999996,65798.38,0.25,94.701035,8.534353,7,0,1,0,0,45525.3475,64960.0775,52177.628333333334
2023-01-23 08:00:00+01:00,66792.55,67921.4025,-0.6,94.66476,8.854829,8,0,1,0,0,48345.675,67721.925,52931.19375
2023-01-23 09:00:00+01:00,68091.1,68746.7975,-0.35,94.32961,8.427383,9,0,1,0,0,52049.6275,68131.61,53699.81354166666
2023-01-23 10:00:00+01:00,68945.11,69889.97499999999,0.95,87.76721,11.177405,10,0,1,0,0,55260.9725,68688.0425,54368.20822916667
2023-01-23 11:00:00+01:00,69469.305,71047.4625,1.85,84.10346,11.304229,11,0,1,0,0,57603.9225,69436.53,54938.380625
2023-01-23 12:00:00+01:00,69440.8225,71319.44499999999,2.55,81.186485,10.308831,12,0,1,0,0,57529.572499999995,68824.21,55432.771562500006
2023-01-23 13:00:00+01:00,69034.0875,70503.5325,2.1,84.43961,10.383987,13,0,1,0,0,55878.915,67865.2375,55929.073645833334
2023-01-23 14:00:00+01:00,67813.17,69321.19750000001,2.5,82.069824,11.246759,14,0,1,0,0,54332.6375,67177.93,56477.20583333333
2023-01-23 15:00:00+01:00,67074.7,68381.7775,2.45,82.06318,11.720751,15,0,1,0,0,53866.685,67282.495,57038.8946875
2023-01-23 16:00:00+01:00,66550.245,67894.08,2.0,83.81585,9.686609,16,0,1,0,0,54062.3,67944.11,57589.228645833326
2023-01-23 17:00:00+01:00,68234.035,69370.88500000001,1.3,86.84574,8.404285,17,0,1,0,0,56980.245,70311.8975,58109.559687500005
2023-01-23 18:00:00+01:00,67802.68,69480.4475,0.85,88.401276,7.7879906,18,0,1,0,0,57970.54,70355.36,58578.46760416666
2023-01-23 19:00:00+01:00,66429.01999999999,68308.515,0.1,90.964264,7.289445,19,0,1,0,0,56168.425,68707.1725,58988.14010416666
2023-01-23 20:00:00+01:00,62808.067500000005,65304.71,-0.55,91.92706,7.491114,20,0,1,0,0,54118.0,64391.064999999995,59415.664895833324
2023-01-23 21:00:00+01:00,59221.729999999996,62408.0725,-0.8,92.93208,6.989936,21,0,1,0,0,52081.7975,61516.1375,59777.75104166666
2023-01-23 22:00:00+01:00,56804.1275,59994.4575,-0.75,92.25336,7.9932966,22,0,1,0,0,51538.5925,58483.2775,60075.24822916667
2023-01-23 23:00:00+01:00,53501.725,56992.9025,-0.7,90.907166,8.4963045,23,0,1,0,0,49482.5625,55248.585,60294.64552083333
2023-01-24 00:00:00+01:00,49201.53,53038.935,-0.8,90.56516,8.39657,0,1,1,0,0,47605.8725,52106.134999999995,60462.110625
2023-01-24 01:00:00+01:00,47343.29,51304.8075,-2.65,92.48031,8.209263,1,1,1,0,0,46202.1575,50084.035,60528.596354166664
2023-01-24 02:00:00+01:00,46669.792499999996,50441.222499999996,-3.05,93.152145,7.289445,2,1,1,0,0,45464.1825,50160.6975,60576.14354166666
2023-01-24 03:00:00+01:00,47140.7325,50977.715,-2.6,92.829544,8.287822,3,1,1,0,0,45781.0525,50220.1625,60626.37729166667
2023-01-24 04:00:00+01:00,48691.13,52242.315,-2.4,92.84105,9.290511,4,1,1,0,0,47077.41,51551.45,60683.03062500001
2023-01-24 05:00:00+01:00,51501.585,55282.32,-2.15,92.16649,8.942214,5,1,1,0,0,50007.2025,54892.6275,60750.26895833333
2023-01-24 06:00:00+01:00,58050.8475,61585.5625,-1.85,90.824135,7.2,6,1,1,0,0,57329.385,62342.6175,60812.53489583333
2023-01-24 07:00:00+01:00,63611.744999999995,67002.145,-1.7,90.16196,5.95906,7,1,1,0,0,63610.917499999996,67986.0175,60842.59583333333
2023-01-24 08:00:00+01:00,66169.8125,68813.9975,-1.5,89.50981,5.1165614,8,1,1,0,0,66792.55,70215.975,60842.6303125
2023-01-24 09:00:00+01:00,67197.41,69431.0875,-1.2,88.54345,6.439876,9,1,1,0,0,68091.1,70179.95,60816.682916666665
2023-01-24 10:00:00+01:00,68196.85,70358.3275,-0.35,85.089554,7.10031,10,1,1,0,0,68945.11,70083.315,60779.44583333333
2023-01-24 11:00:00+01:00,68987.3075,71488.535,0.5,82.71227,7.7879906,11,1,1,0,0,69469.305,70397.535,60748.26833333333
2023-01-24 12:00:00+01:00,68912.3725,71573.895,1.35,80.425896,7.289445,12,1,1,0,0,69440.8225,69706.44,60728.18510416666
2023-01-24 13:00:00+01:00,68340.695,70622.08499999999,1.8,80.19639,8.435069,13,1,1,0,0,69034.0875,68248.445,60706.16635416667
2023-01-24 14:00:00+01:00,66993.66,69378.7025,2.0,79.64051,7.8954163,14,1,1,0,0,67813.17,67325.60250000001,60677.274999999994
2023-01-24 15:00:00+01:00,65980.965,68427.785,2.0,79.05935,6.696387,15,1,1,0,0,67074.7,65757.045,60643.12875
2023-01-24 16:00:00+01:00,65167.74,67967.64749999999,1.35,82.51902,6.489992,16,1,1,0,0,66550.245,65644.4,60597.55645833333
2023-01-24 17:00:00+01:00,67055.80500000001,69292.3175,0.1,88.98496,4.8433046,17,1,1,0,0,68234.035,68864.3175,60539.95208333333
2023-01-24 18:00:00+01:00,67182.3375,69366.84,-0.1,89.29549,5.1165614,18,1,1,0,0,67802.68,68886.4725,60490.85916666667
2023-01-24 19:00:00+01:00,65762.14,68233.225,-0.05,88.64559,5.3999996,19,1,1,0,0,66429.01999999999,67329.4725,60465.011562499996
2023-01-24 20:00:00+01:00,62509.13,65295.965,-0.1,88.31562,5.3999996,20,1,1,0,0,62808.067500000005,64005.957500000004,60437.224895833344
2023-01-24 21:00:00+01:00,59110.277500000004,62277.7275,0.2,85.46634,4.8965297,21,1,1,0,0,59221.729999999996,60160.74,60424.769166666665
2023-01-24 22:00:00+01:00,56432.225,59794.505000000005,0.15,87.048935,4.5820518,22,1,1,0,0,56804.1275,56924.524999999994,60420.1253125
2023-01-24 23:00:00+01:00,53079.425,56693.5075,0.2,86.73432,4.6102495,23,1,1,0,0,53501.725,53510.912500000006,60404.629375
2023-01-25 00:00:00+01:00,49984.1325,53879.7825,0.0,88.65,5.3999996,0,2,1,0,0,49201.53,51136.22,60387.033541666664
2023-01-25 01:00:00+01:00,47778.6775,51849.1125,0.05,87.03896,5.315336,1,2,1,0,0,47343.29,49494.195,60419.64197916666
2023-01-25 02:00:00+01:00,46688.425,50862.192500000005,0.1,87.36482,2.9024127,2,2,1,0,0,46669.792499999996,49096.71,60437.78312500001
2023-01-25 03:00:00+01:00,46919.7575,51288.19,0.15,87.6915,2.968636,3,2,1,0,0,47140.7325,48587.7175,60438.559479166666
2023-01-25 04:00:00+01:00,48170.18,52464.0875,0.1,88.65882,3.671294,4,2,1,0,0,48691.13,49594.47,60429.35218749999
2023-01-25 05:00:00+01:00,51685.73,55248.98,0.15,88.66322,2.1897945,5,2,1,0,0,51501.585,53093.9475,60407.645937500005
2023-01-25 06:00:00+01:00,59013.3275,61361.255,0.1,89.31217,0.8049845,6,2,1,0,0,58050.8475,59423.24,60415.31864583333
2023-01-25 07:00:00+01:00,64504.6375,66207.8775,0.15,89.97371,2.2768397,7,2,1,0,0,63611.744999999995,65305.712499999994,60455.42197916666
2023-01-25 08:00:00+01:00,66923.6225,68492.75,0.3,90.978455,2.968636,8,2,1,0,0,66169.8125,68016.2675,60492.62583333333
2023-01-25 09:00:00+01:00,68039.88500000001,69326.85,0.6,91.66558,3.319036,9,2,1,0,0,67197.41,68903.525,60524.034583333334
2023-01-25 10:00:00+01:00,69187.7225,70339.4175,1.0,91.027885,4.1046314,10,2,1,0,0,68196.85,69037.46250000001,60559.13770833333
2023-01-25 11:00:00+01:00,69772.45000000001,71112.185,1.5,89.427864,4.32,11,2,1,0,0,68987.3075,68970.0475,60600.42406250001
2023-01-25 12:00:00+01:00,70031.195,71025.9225,1.65,89.11664,8.587338,12,2,1,0,0,68912.3725,68538.955,60633.138333333336
2023-01-25 13:00:00+01:00,69824.9525,69809.04250000001,1.15,90.379524,6.9153743,13,2,1,0,0,68340.695,67569.875,60679.755937500006
2023-01-25 14:00:00+01:00,68607.515,68579.6625,1.35,87.80482,7.9932966,14,2,1,0,0,66993.66,66687.01,60741.600000000006
2023-01-25 15:00:00+01:00,67710.6925,67889.07,1.35,86.534805,7.9932966,15,2,1,0,0,65980.965,65886.1925,60808.84395833333
2023-01-25 16:00:00+01:00,66915.95,67383.3675,1.15,86.51421,8.287822,16,2,1,0,0,65167.74,66164.7225,60880.91593750001
2023-01-25 17:00:00+01:00,68461.2125,68859.6775,0.95,87.76721,6.489992,17,2,1,0,0,67055.80500000001,68662.6775,60953.75802083334
2023-01-25 18:00:00+01:00,68000.7775,69353.205,0.9,88.72896,6.4096174,18,2,1,0,0,67182.3375,68809.2075,61012.31666666666
2023-01-25 19:00:00+01:00,66849.78,68122.1625,0.8,89.37025,8.404285,19,2,1,0,0,65762.14,67450.8075,61046.418333333335
2023-01-25 20:00:00+01:00,63641.415,64861.425,0.6,89.68077,7.145796,20,2,1,0,0,62509.13,64466.37,61091.736666666664
2023-01-25 21:00:00+01:00,59985.1125,61890.14,0.55,90.005,8.435069,21,2,1,0,0,59110.277500000004,61960.2325,61138.91520833334
2023-01-25 22:00:00+01:00,56876.979999999996,59462.8875,0.35,89.989365,7.928177,22,2,1,0,0,56432.225,59333.4725,61175.36666666667
2023-01-25 23:00:00+01:00,53472.665,56247.895000000004,0.25,88.67202,8.049845,23,2,1,0,0,53079.425,55947.5,61193.89812500001
2023-01-26 00:00:00+01:00,51656.7125,54013.77,0.2,88.01898,7.8625183,0,3,1,0,0,49984.1325,53300.895000000004,61210.283124999994
2023-01-26 01:00:00+01:00,50129.6475,52205.4875,-0.2,94.68188,4.452954,1,3,1,0,0,47778.6775,51770.2725,61279.973958333336
2023-01-26 02:00:00+01:00,49433.2175,51202.885,-0.4,96.06858,4.2136917,2,3,1,0,0,46688.425,51474.417499999996,61377.93104166666
2023-01-26 03:00:00+01:00,49464.045,51569.86,-0.4,95.36869,3.2599385,3,3,1,0,0,46919.7575,51552.95,61492.29739583333
2023-01-26 04:00:00+01:00,50397.7425,52687.7775,-0.4,92.95457,5.95906,4,3,1,0,0,48170.18,52483.582500000004,61598.309375000004
2023-01-26 05:00:00+01:00,53053.5025,55236.5025,-0.6,92.94333,4.829907,5,3,1,0,0,51685.73,55405.4225,61691.12447916667
2023-01-26 06:00:00+01:00,60072.317500000005,61608.535,-0.55,91.92706,3.7585104,6,3,1,0,0,59013.3275,62476.61,61748.115
2023-01-26 07:00:00+01:00,65700.545,66537.97750000001,-0.55,90.58371,6.28713,7,3,1,0,0,64504.6375,67475.13500000001,61792.239583333336
2023-01-26 08:00:00+01:00,68473.7425,69019.94,-0.6,88.59691,7.10031,8,3,1,0,0,66923.6225,69822.85250000001,61842.069062500006
2023-01-26 09:00:00+01:00,69440.4325,69836.7475,-0.5,86.9839,6.489992,9,3,1,0,0,68039.88500000001,70121.42,61906.65739583334
2023-01-26 10:00:00+01:00,70491.9425,70772.0975,-0.25,85.73278,6.9527545,10,3,1,0,0,69187.7225,70766.81,61965.01354166667
2023-01-26 11:00:00+01:00,71122.91,71676.235,-0.1,85.43303,7.7043357,11,3,1,0,0,69772.45000000001,71346.245,62019.35604166667
2023-01-26 12:00:00+01:00,70712.885,71392.755,-0.2,86.374016,6.9153743,12,3,1,0,0,70031.195,70693.985,62075.62520833333
2023-01-26 13:00:00+01:00,70674.995,70395.4675,-0.5,86.023476,8.891343,13,3,1,0,0,69824.9525,70468.545,62104.028958333336
2023-01-26 14:00:00+01:00,69752.875,69066.8875,-0.25,82.003265,8.707237,14,3,1,0,0,68607.515,68390.04000000001,62139.44739583333
2023-01-26 15:00:00+01:00,68929.105,68241.675,-0.45,81.065506,8.209263,15,3,1,0,0,67710.6925,67685.22,62187.170729166675
2023-01-26 16:00:00+01:00,68396.91500000001,68040.775,-0.6,79.24795,6.989936,16,3,1,0,0,66915.95,67880.82,62237.93791666667
2023-01-26 17:00:00+01:00,70218.205,69475.74,-0.9,79.79793,4.3349743,17,3,1,0,0,68461.2125,70346.23999999999,62299.64479166667
2023-01-26 18:00:00+01:00,70360.1375,69950.4325,-1.15,81.575356,2.9024127,18,3,1,0,0,68000.7775,70188.1275,62372.8528125
2023-01-26 19:00:00+01:00,69072.8575,68743.4275,-0.95,80.99477,3.319036,19,3,1,0,0,66849.78,68630.95999999999,62471.15947916667
2023-01-26 20:00:00+01:00,65643.85250000001,65499.525,-0.85,81.61674,3.4152596,20,3,1,0,0,63641.415,64625.384999999995,62563.78770833334
2023-01-26 21:00:00+01:00,62062.97,62403.78,-0.75,82.85741,5.1165614,21,3,1,0,0,59985.1125,60873.380000000005,62647.222604166665
2023-01-26 22:00:00+01:00,59223.3025,59718.9125,-0.65,85.688995,6.193674,22,3,1,0,0,56876.979999999996,57767.89750000001,62733.799999999996
2023-01-26 23:00:00+01:00,55857.625,56536.6775,-0.6,87.61988,5.315336,23,3,1,0,0,53472.665,54136.9375,62831.5634375
2023-01-27 00:00:00+01:00,52585.0775,54320.6525,-0.6,88.92472,4.0249224,0,4,1,0,0,51656.7125,51933.8375,62930.93677083333
2023-01-27 01:00:00+01:00,50668.55,52319.055,-0.45,89.92649,5.771239,1,4,1,0,0,50129.6475,50080.625,62969.61864583333
2023-01-27 02:00:00+01:00,49959.215,51523.28,-0.4,90.26209,5.771239,2,4,1,0,0,49433.2175,49249.605,62992.072916666664
2023-01-27 03:00:00+01:00,50072.9425,51936.215,-0.35,90.59852,7.5942073,3,4,1,0,0,49464.045,49396.2275,63013.98947916667
2023-01-27 04:00:00+01:00,51738.6625,53004.582500000004,-0.3,91.27044,5.771239,4,4,1,0,0,50397.7425,50380.595,63039.36020833333
2023-01-27 05:00:00+01:00,54422.21,55513.38,-0.25,91.609505,7.928178,5,4,1,0,0,53053.5025,53564.5675,63095.231875
2023-01-27 06:00:00+01:00,60804.8575,61656.8525,-0.15,91.9526,7.5942073,6,4,1,0,0,60072.317500000005,59638.6625,63152.261354166665
2023-01-27 07:00:00+01:00,66565.7425,66675.155,0.05,92.640495,6.2145634,7,4,1,0,0,65700.545,65285.465,63182.783854166664
2023-01-27 08:00:00+01:00,69333.725,69461.5175,0.25,94.701035,6.2145634,8,4,1,0,0,68473.7425,68113.69499999999,63218.83374999999
2023-01-27 09:00:00+01:00,69814.4125,70405.655,0.85,96.108025,10.365251,9,4,1,0,0,69440.4325,68265.175,63254.666354166664
2023-01-27 10:00:00+01:00,70352.075,71186.1875,1.95,93.42002,14.973577,10,4,1,0,0,70491.9425,68795.445,63270.248854166675
2023-01-27 11:00:00+01:00,70639.185,71732.9875,2.5,89.187874,17.414474,11,4,1,0,0,71122.91,69081.6875,63264.42104166667
2023-01-27 12:00:00+01:00,70036.3225,70670.51,2.7,87.29953,17.873556,12,4,1,0,0,70712.885,68358.315,63244.26583333334
2023-01-27 13:00:00+01:00,68775.5375,69655.8125,2.35,89.497215,17.555307,13,4,1,0,0,70674.995,66977.395,63216.075729166674
2023-01-27 14:00:00+01:00,66989.2,68010.9825,2.8,86.06022,20.073025,14,4,1,0,0,69752.875,65483.095,63136.931666666664
2023-01-27 15:00:00+01:00,65904.8,66851.88,3.05,83.64019,19.272614,15,4,1,0,0,68929.105,64495.15,63021.77854166666
2023-01-27 16:00:00+01:00,65409.5875,66476.5925,2.8,83.91254,16.610792,16,4,1,0,0,68396.91500000001,64632.067500000005,62895.76583333333
2023-01-27 17:00:00+01:00,67346.455,67800.485,2.45,82.36195,15.94601,17,4,1,0,0,70218.205,66801.53,62771.293854166666
2023-01-27 18:00:00+01:00,67491.52,68357.7575,2.15,79.66283,15.990646,18,4,1,0,0,70360.1375,66778.2525,62651.637604166666
2023-01-27 19:00:00+01:00,65621.67,67092.81,1.85,75.62465,15.575981,19,4,1,0,0,69072.8575,64878.635,62532.111875
2023-01-27 20:00:00+01:00,61360.6375,63766.2375,1.15,75.50247,15.277749,20,4,1,0,0,65643.85250000001,61142.365000000005,62388.31239583334
2023-01-27 21:00:00+01:00,57948.990000000005,60521.7775,-0.35,82.60159,13.779114,21,4,1,0,0,62062.97,57582.785,62209.84510416666
2023-01-27 22:00:00+01:00,55013.555,57898.0575,-1.9,89.47679,11.681987,22,4,1,0,0,59223.3025,54948.8275,62038.42927083333
2023-01-27 23:00:00+01:00,51916.935,54795.86,-2.5,90.09959,10.587918,23,4,1,0,0,55857.625,52458.4975,61863.023125
2023-01-28 00:00:00+01:00,49318.3975,52257.44,-2.85,90.411,9.449572,0,5,1,1,0,52585.0775,50222.4525,61698.82770833333
2023-01-28 01:00:00+01:00,47148.865,50037.74,-2.8,90.414795,8.699793,1,5,1,1,0,50668.55,48157.77,61562.71604166667
2023-01-28 02:00:00+01:00,46167.315,48884.5875,-1.85,87.82674,7.10031,2,5,1,1,0,49959.215,46992.7,61416.0625
2023-01-28 03:00:00+01:00,45588.1425,48827.6625,-1.6,87.19757,6.0347,3,5,1,1,0,50072.9425,46826.3875,61258.06666666666
2023-01-28 04:00:00+01:00,45041.8675,48840.3,-1.3,86.58018,5.4119864,4,5,1,1,0,51738.6625,46747.21,61071.200000000004
2023-01-28 05:00:00+01:00,44890.99,48902.1975,-1.45,88.521065,5.5887027,5,5,1,1,0,54422.21,46738.5925,60792.166874999995
2023-01-28 06:00:00+01:00,46361.744999999995,49855.7675,-0.9,85.980484,4.802999,6,5,1,1,0,60804.8575,47912.6425,60395.03270833333
2023-01-28 07:00:00+01:00,49216.6425,52243.59,-1.45,90.18133,4.39436,7,5,1,1,0,66565.7425,50806.39,59793.23635416667
2023-01-28 08:00:00+01:00,52668.3475,55172.7675,-1.3,90.5279,3.4152596,8,5,1,1,0,69333.725,54891.975,59070.35718750001
2023-01-28 09:00:00+01:00,56059.2975,57740.335,-0.5,86.023476,6.12,9,5,1,1,0,69814.4125,58500.85,58375.966458333336
2023-01-28 10:00:00+01:00,58063.4225,59171.5625,0.3,82.381256,6.8399997,10,5,1,1,0,70352.075,60510.9375,57802.83666666666
2023-01-28 11:00:00+01:00,59105.215,60055.9025,0.95,82.77047,7.8625183,11,5,1,1,0,70639.185,61487.595,57290.809479166666
2023-01-28 12:00:00+01:00,59105.74,59620.865,1.65,75.58983,9.957108,12,5,1,1,0,70036.3225,61318.6325,56810.22739583333
2023-01-28 13:00:00+01:00,57903.8075,58217.555,1.8,59.304012,8.427383,13,5,1,1,0,68775.5375,60243.042499999996,56354.786458333336
2023-01-28 14:00:00+01:00,56945.8925,56798.7625,1.8,60.666092,7.9932966,14,5,1,1,0,66989.2,59168.1275,55901.79770833333
2023-01-28 15:00:00+01:00,56403.905,56229.515,1.65,65.13,6.151683,15,5,1,1,0,65904.8,58319.785,55483.326562500006
2023-01-28 16:00:00+01:00,56417.36,56880.7675,1.3,69.33356,7.2805495,16,5,1,1,0,65409.5875,59252.3425,55087.4559375
2023-01-28 17:00:00+01:00,59609.99,59487.7825,0.7,73.75581,7.2359104,17,5,1,1,0,67346.455,61738.385,54712.77979166666
2023-01-28 18:00:00+01:00,60750.5725,60645.585,0.45,74.54021,9.028754,18,5,1,1,0,67491.52,62037.45,54390.427083333336
2023-01-28 19:00:00+01:00,58907.725,59370.275,-0.2,74.98263,10.446206,19,5,1,1,0,65621.67,60120.667499999996,54109.55427083333
2023-01-28 20:00:00+01:00,55303.98,56821.057499999995,-1.7,81.49915,9.255571,20,5,1,1,0,61360.6375,55710.61,53829.806562499994
2023-01-28 21:00:00+01:00,53011.01,54766.32,-2.45,84.21049,10.182337,21,5,1,1,0,57948.990000000005,53051.95,53577.44583333333
2023-01-28 22:00:00+01:00,52044.39,53807.68,-2.85,85.12243,10.483357,22,5,1,1,0,55013.555,51980.8925,53371.69666666666
2023-01-28 23:00:00+01:00,49728.4225,51576.332500000004,-2.2,81.73766,11.770403,23,5,1,1,0,51916.935,49209.335,53247.98145833333
2023-01-29 00:00:00+01:00,46988.465,49958.8425,-1.4,78.53107,13.479583,0,6,1,1,0,49318.3975,47474.292499999996,53156.7934375
2023-01-29 01:00:00+01:00,45100.555,48450.98,-0.9,76.280975,13.363711,1,6,1,1,0,47148.865,45855.5375,53059.71291666667
2023-01-29 02:00:00+01:00,43874.4075,47557.8375,-0.35,75.804596,14.578888,2,6,1,1,0,46167.315,45127.0625,52974.36666666667
2023-01-29 03:00:00+01:00,43233.457500000004,47285.479999999996,-0.05,77.287994,14.84318,3,6,1,1,0,45588.1425,44475.5725,52878.82885416667
2023-01-29 04:00:00+01:00,43621.82,47253.55,0.15,78.48165,15.256526,4,6,1,1,0,45041.8675,44451.9875,52780.71697916667
2023-01-29 05:00:00+01:00,43280.545,47087.1475,0.35,80.28087,15.937878,5,6,1,1,0,44890.99,43938.5225,52721.54833333334
2023-01-29 06:00:00+01:00,44395.165,46967.49,0.5,82.71227,16.071491,6,6,1,1,0,46361.744999999995,44053.5,52654.44645833334
2023-01-29 07:00:00+01:00,45638.737499999996,48456.18,0.7,85.2083,15.542662,7,6,1,1,0,49216.6425,45525.3475,52572.505625
2023-01-29 08:00:00+01:00,48486.705,50778.545,0.85,87.11845,15.379206,8,6,1,1,0,52668.3475,48345.675,52423.42625
2023-01-29 09:00:00+01:00,52466.9125,53652.545,1.0,88.41473,17.25373,9,6,1,1,0,56059.2975,52049.6275,52249.19114583333
2023-01-29 10:00:00+01:00,54999.4825,55682.0575,1.45,86.86083,17.193533,10,6,1,1,0,58063.4225,55260.9725,52099.50843750001
2023-01-29 11:00:00+01:00,57013.5975,57509.240000000005,2.35,82.9497,20.620806,11,6,1,1,0,59105.215,57603.9225,51971.84427083333
2023-01-29 12:00:00+01:00,56523.155,57392.6575,2.45,80.58368,18.58451,12,6,1,1,0,59105.74,57529.572499999995,51884.69354166667
2023-01-29 13:00:00+01:00,55130.729999999996,55908.0375,1.9,81.98986,16.434305,13,6,1,1,0,57903.8075,55878.915,51777.08583333332
2023-01-29 14:00:00+01:00,54175.375,54394.815,2.3,79.10507,18.998316,14,6,1,1,0,56945.8925,54332.6375,51661.54093750001
2023-01-29 15:00:00+01:00,53101.604999999996,53828.682499999995,2.2,79.670265,18.86139,15,6,1,1,0,56403.905,53866.685,51546.10270833334
2023-01-29 16:00:00+01:00,53433.7,54539.1825,1.85,81.38615,18.998316,16,6,1,1,0,56417.36,54062.3,51408.506875
2023-01-29 17:00:00+01:00,57376.1775,57543.869999999995,1.75,81.07511,19.164717,17,6,1,1,0,59609.99,56980.245,51284.18770833334
2023-01-29 18:00:00+01:00,59314.185,59152.4925,1.8,79.61069,20.570463,18,6,1,1,0,60750.5725,57970.54,51191.1121875
2023-01-29 19:00:00+01:00,57757.6025,58047.835,1.6,78.99817,21.767351,19,6,1,1,0,58907.725,56168.425,51131.26270833334
2023-01-29 20:00:00+01:00,55984.08,56171.565,1.55,77.83619,21.794127,20,6,1,1,0,55303.98,54118.0,51083.3409375
2023-01-29 21:00:00+01:00,55121.275,54738.7225,1.45,78.10747,22.90743,21,6,1,1,0,53011.01,52081.7975,51111.6784375
2023-01-29 22:00:00+01:00,54702.6625,54476.270000000004,1.45,77.533714,22.66857,22,6,1,1,0,52044.39,51538.5925,51199.60614583333
2023-01-29 23:00:00+01:00,52048.5,52554.9325,1.55,76.414375,23.469128,23,6,1,1,0,49728.4225,49482.5625,51310.3675
2023-01-30 00:00:00+01:00,51162.5225,51488.42,1.7,75.04231,24.33664,0,0,1,0,0,46988.465,47605.8725,51407.03739583333
2023-01-30 01:00:00+01:00,49395.38,49826.417499999996,1.35,76.663315,25.683926,1,0,1,0,0,45100.555,46202.1575,51580.95645833333
2023-01-30 02:00:00+01:00,49114.725,49155.0575,1.3,79.535866,26.260265,2,0,1,0,0,43874.4075,45464.1825,51759.9075
2023-01-30 03:00:00+01:00,49629.865,49543.3775,1.55,79.57332,27.059933,3,0,1,0,0,43233.457500000004,45781.0525,51978.2540625
2023-01-30 04:00:00+01:00,51331.975,50887.89,2.1,79.364525,27.288855,4,0,1,0,0,43621.82,47077.41,52244.77104166666
2023-01-30 05:00:00+01:00,54481.6425,54146.384999999995,2.0,86.60142,27.553524,5,0,1,0,0,43280.545,50007.2025,52566.0275
2023-01-30 06:00:00+01:00,61289.6725,61068.2275,2.55,87.6003,28.337282,6,0,1,0,0,44395.165,57329.385,53032.739895833336
2023-01-30 07:00:00+01:00,66863.515,66430.9725,2.85,91.48346,28.696312,7,0,1,0,0,45638.737499999996,63610.917499999996,53736.67770833333
2023-01-30 08:00:00+01:00,69840.825,69108.8175,3.35,91.51656,28.73242,8,0,1,0,0,48486.705,66792.55,54621.0434375
2023-01-30 09:00:00+01:00,70146.2225,70186.3375,3.5,92.18013,26.758923,9,0,1,0,0,52466.9125,68091.1,55510.7984375
2023-01-30 10:00:00+01:00,70851.8925,71014.875,3.65,91.8623,28.988384,10,0,1,0,0,54999.4825,68945.11,56247.43635416666
2023-01-30 11:00:00+01:00,71156.2025,71858.16750000001,4.4,89.02851,27.021591,11,0,1,0,0,57013.5975,69469.305,56907.9534375
2023-01-30 12:00:00+01:00,71163.12,71853.315,4.65,88.734886,28.1169,12,0,1,0,0,56523.155,69440.8225,57497.228645833326
2023-01-30 13:00:00+01:00,70708.465,70897.7125,4.5,83.517296,27.74103,13,0,1,0,0,55130.729999999996,69034.0875,58107.22718750001
2023-01-30 14:00:00+01:00,68942.2275,69544.145,4.75,82.659424,29.339449,14,0,1,0,0,54175.375,67813.17,58756.29947916666
2023-01-30 15:00:00+01:00,68589.175,69211.7375,4.55,83.225945,33.510952,15,0,1,0,0,53101.604999999996,67074.7,59371.58499999999
2023-01-30 16:00:00+01:00,67750.48999999999,68840.155,4.0,85.57265,31.435646,16,0,1,0,0,53433.7,66550.245,60016.900416666664
2023-01-30 17:00:00+01:00,69110.64,70358.22750000001,3.45,87.05959,28.001427,17,0,1,0,0,57376.1775,68234.035,60613.43333333333
2023-01-30 18:00:00+01:00,69764.36,71054.9275,3.4,87.05467,28.312117,18,0,1,0,0,59314.185,67802.68,61102.369270833326
2023-01-30 19:00:00+01:00,67951.155,69707.4725,3.5,87.06451,30.173496,19,0,1,0,0,57757.6025,66429.01999999999,61537.79322916666
2023-01-30 20:00:00+01:00,64728.065,66232.3575,3.8,80.19475,31.435646,20,0,1,0,0,55984.08,62808.067500000005,61962.52458333334
2023-01-30 21:00:00+01:00,62245.3025,63035.055,3.5,77.020584,31.435646,21,0,1,0,0,55121.275,59221.729999999996,62326.85729166667
2023-01-30 22:00:00+01:00,58997.6925,60283.275,3.15,76.68318,28.412645,22,0,1,0,0,54702.6625,56804.1275,62623.69177083333
2023-01-30 23:00:00+01:00,56124.5775,56980.71,2.85,74.69643,26.141552,23,0,1,0,0,52048.5,53501.725,62802.65135416667
2023-01-31 00:00:00+01:00,52960.425,54299.785,2.6,72.22202,25.478743,0,1,1,0,0,51162.5225,49201.53,62972.487916666665
2023-01-31 01:00:00+01:00,50822.3125,52125.815,2.3,76.26063,26.208395,1,1,1,0,0,49395.38,47343.29,63047.40052083333
2023-01-31 02:00:00+01:00,50286.125,51140.552500000005,2.35,75.989815,25.729298,2,1,1,0,0,49114.725,46669.792499999996,63106.856041666666
2023-01-31 03:00:00+01:00,50222.4925,51364.0775,2.1,77.35471,24.821732,3,1,1,0,0,49629.865,47140.7325,63155.664375
2023-01-31 04:00:00+01:00,51168.295,52695.3025,2.5,75.73735,24.606731,4,1,1,0,0,51331.975,48691.13,63180.3571875
2023-01-31 05:00:00+01:00,54282.2175,55829.8125,2.1,78.21047,21.746502,5,1,1,0,0,54481.6425,51501.585,63173.537187500006
2023-01-31 06:00:00+01:00,60283.735,62248.9075,1.9,81.393036,21.129883,6,1,1,0,0,61289.6725,58050.8475,63165.227812499994
2023-01-31 07:00:00+01:00,66566.5775,66649.04,1.6,87.19232,18.733839,7,1,1,0,0,66863.515,63611.744999999995,63123.31375
2023-01-31 08:00:00+01:00,68720.2775,68976.34,2.65,85.73429,21.626984,8,1,1,0,0,69840.825,66169.8125,63110.94135416666
2023-01-31 09:00:00+01:00,69102.3425,69896.92499999999,3.3,83.670654,19.602652,9,1,1,0,0,70146.2225,67197.41,63064.251874999994
2023-01-31 10:00:00+01:00,70067.285,70808.87,3.65,83.71319,23.491207,10,1,1,0,0,70851.8925,68196.85,63020.756875
2023-01-31 11:00:00+01:00,71068.945,71716.2825,4.15,80.823944,21.862406,11,1,1,0,0,71156.2025,68987.3075,62988.064895833326
2023-01-31 12:00:00+01:00,71205.2575,71572.3775,4.4,82.61462,23.828083,12,1,1,0,0,71163.12,68912.3725,62984.42916666667
2023-01-31 13:00:00+01:00,70137.69750000001,70563.41,3.9,89.94124,23.675304,13,1,1,0,0,70708.465,68340.695,62986.184895833336
2023-01-31 14:00:00+01:00,69201.1225,69169.715,3.8,91.22162,24.57511,14,1,1,0,0,68942.2275,66993.66,62962.40291666667
2023-01-31 15:00:00+01:00,67925.2475,68553.9475,4.15,90.28028,26.420174,15,1,1,0,0,68589.175,65980.965,62973.19020833333
2023-01-31 16:00:00+01:00,67163.88,68046.11499999999,4.4,90.61909,27.852928,16,1,1,0,0,67750.48999999999,65167.74,62945.526562499996
2023-01-31 17:00:00+01:00,68930.095,69450.1575,4.65,89.9991,27.792374,17,1,1,0,0,69110.64,67055.80500000001,62921.08447916667
2023-01-31 18:00:00+01:00,68897.425,70266.9925,4.85,89.697365,28.291512,18,1,1,0,0,69764.36,67182.3375,62913.56177083334
2023-01-31 19:00:00+01:00,67149.7625,68824.29000000001,5.2,89.409645,29.44307,19,1,1,0,0,67951.155,65762.14,62877.43947916667
2023-01-31 20:00:00+01:00,63875.6425,65229.7675,5.45,88.49153,31.353085,20,1,1,0,0,64728.065,62509.13,62844.048125
2023-01-31 21:00:00+01:00,60449.735,61935.915,4.9,88.44331,33.50128,21,1,1,0,0,62245.3025,59110.277500000004,62808.53052083334
2023-01-31 22:00:00+01:00,57506.3575,59028.1,4.25,88.07246,30.36403,22,1,1,0,0,58997.6925,56432.225,62733.715208333335
2023-01-31 23:00:00+01:00,54349.4,55700.7725,3.2,89.8868,29.627363,23,1,1,0,0,56124.5775,53079.425,62671.57624999999
2023-02-01 00:00:00+01:00,51735.2125,54642.995,3.35,88.93988,28.820242,0,2,2,0,0,52960.425,49984.1325,62597.61052083334
2023-02-01 01:00:00+01:00,49660.54,52650.685,3.6,84.31062,29.195534,1,2,2,0,0,50822.3125,47778.6775,62546.56
2023-02-01 02:00:00+01:00,48500.6125,51949.4725,3.4,82.78355,30.317043,2,2,2,0,0,50286.125,46688.425,62498.1528125
2023-02-01 03:00:00+01:00,48622.645,52098.8875,3.55,80.73963,28.08923,3,2,2,0,0,50222.4925,46919.7575,62423.75645833334
2023-02-01 04:00:00+01:00,50262.49,52850.707500000004,3.55,79.86951,26.642431,4,2,2,0,0,51168.295,48170.18,62357.09614583334
2023-02-01 05:00:00+01:00,53199.635,55886.3575,3.55,80.73963,24.905132,5,2,2,0,0,54282.2175,51685.73,62319.35427083333
2023-02-01 06:00:00+01:00,60608.705,62561.04,4.05,79.08351,25.364037,6,2,2,0,0,60283.735,59013.3275,62274.24666666667
2023-02-01 07:00:00+01:00,65765.3075,68182.9025,4.1,80.527,27.402597,7,2,2,0,0,66566.5775,64504.6375,62287.787083333336
2023-02-01 08:00:00+01:00,68643.005,70963.2825,3.7,84.02031,27.595823,8,2,2,0,0,68720.2775,66923.6225,62254.40083333334
2023-02-01 09:00:00+01:00,69414.9025,72094.63,3.7,86.773346,27.153164,9,2,2,0,0,69102.3425,68039.88500000001,62251.18114583334
2023-02-01 10:00:00+01:00,70392.25,72901.4325,3.8,87.093925,26.836306,10,2,2,0,0,70067.285,69187.7225,62264.20447916666
2023-02-01 11:00:00+01:00,70779.355,74041.825,3.75,88.02693,26.700743,11,2,2,0,0,71068.945,69772.45000000001,62277.7446875
2023-02-01 12:00:00+01:00,70303.8725,73755.155,4.6,86.24836,23.893261,12,2,2,0,0,71205.2575,70031.195,62265.6784375
2023-02-01 13:00:00+01:00,69355.535,72956.875,5.4,83.0361,26.882141,13,2,2,0,0,70137.69750000001,69824.9525,62228.120729166665
2023-02-01 14:00:00+01:00,68117.6775,71315.835,5.5,79.01921,26.700743,14,2,2,0,0,69201.1225,68607.515,62195.53062499999
2023-02-01 15:00:00+01:00,68599.45,70358.78,4.85,80.92165,25.40743,15,2,2,0,0,67925.2475,67710.6925,62150.38708333333
2023-02-01 16:00:00+01:00,68067.405,69595.2825,4.75,82.07182,27.44749,16,2,2,0,0,67163.88,66915.95,62178.47885416667
2023-02-01 17:00:00+01:00,70151.4525,71058.8725,1.9,99.28827,19.242327,17,2,2,0,0,68930.095,68461.2125,62216.12572916666
2023-02-01 18:00:00+01:00,71394.1575,72148.85500000001,2.0,98.582184,22.553936,18,2,2,0,0,68897.425,68000.7775,62267.015625
2023-02-01 19:00:00+01:00,69036.2225,70160.08,3.3,88.935646,28.174456,19,2,2,0,0,67149.7625,66849.78,62371.04614583333
2023-02-01 20:00:00+01:00,65886.7125,66525.1125,3.35,87.04975,27.117346,20,2,2,0,0,63875.6425,63641.415,62449.64864583333
2023-02-01 21:00:00+01:00,62600.7625,63239.792499999996,3.25,86.72816,28.460497,21,2,2,0,0,60449.735,59985.1125,62533.44322916667
2023-02-01 22:00:00+01:00,59178.76,60606.5625,2.95,86.07604,27.0,22,2,2,0,0,57506.3575,56876.979999999996,62623.069375
2023-02-01 23:00:00+01:00,55794.005000000005,57369.22,2.9,84.83848,27.038372,23,2,2,0,0,54349.4,53472.665,62692.7528125
2023-02-02 00:00:00+01:00,53603.745,54800.8925,3.0,81.83933,29.957968,0,3,2,0,0,51735.2125,51656.7125,62752.94468749999
2023-02-02 01:00:00+01:00,52081.825,53043.49,3.2,79.24138,31.452133,1,3,2,0,0,49660.54,50129.6475,62830.800208333334
2023-02-02 02:00:00+01:00,51134.185,52336.0325,3.8,76.79115,34.207577,2,3,2,0,0,48500.6125,49433.2175,62931.68708333333
2023-02-02 03:00:00+01:00,51365.03,52683.1575,4.8,72.64248,34.828953,3,3,2,0,0,48622.645,49464.045,63041.419270833336
2023-02-02 04:00:00+01:00,52746.8675,53729.79,4.95,72.408714,34.763775,4,3,2,0,0,50262.49,50397.7425,63155.6853125
2023-02-02 05:00:00+01:00,55412.6075,56718.085,4.6,75.549736,32.217484,5,3,2,0,0,53199.635,53053.5025,63259.20104166667
2023-02-02 06:00:00+01:00,61983.265,63148.0175,3.95,81.08705,28.512817,6,3,2,0,0,60608.705,60072.317500000005,63351.408229166664
2023-02-02 07:00:00+01:00,66996.525,67831.2425,4.25,82.89154,27.231804,7,3,2,0,0,65765.3075,65700.545,63408.681562499994
2023-02-02 08:00:00+01:00,69232.1375,69928.5875,4.25,83.18866,27.534704,8,3,2,0,0,68643.005,68473.7425,63459.98229166667
2023-02-02 09:00:00+01:00,70043.79000000001,70559.23,4.3,82.60179,26.903828,9,3,2,0,0,69414.9025,69440.4325,63484.52947916666
2023-02-02 10:00:00+01:00,70544.83499999999,71648.925,4.55,80.30257,25.9225,10,3,2,0,0,70392.25,70491.9425,63510.733125
2023-02-02 11:00:00+01:00,71378.6225,72801.1525,4.75,80.044266,24.627789,11,3,2,0,0,70779.355,71122.91,63517.09083333333
2023-02-02 12:00:00+01:00,71402.39,72535.0975,5.15,77.56679,24.693481,12,3,2,0,0,70303.8725,70712.885,63542.0603125
2023-02-02 13:00:00+01:00,70402.735,71580.0825,5.3,78.707596,22.771244,13,3,2,0,0,69355.535,70674.995,63587.831874999996
2023-02-02 14:00:00+01:00,68573.5425,70313.61499999999,5.75,72.30025,22.608458,14,3,2,0,0,68117.6775,69752.875,63631.465208333335
2023-02-02 15:00:00+01:00,67298.7025,69377.91500000001,5.55,68.9516,21.068459,15,3,2,0,0,68599.45,68929.105,63650.45958333334
2023-02-02 16:00:00+01:00,66487.3275,69111.9975,4.55,71.549416,15.315873,16,3,2,0,0,68067.405,68396.91500000001,63596.261770833335
2023-02-02 17:00:00+01:00,67922.0775,70241.7625,2.4,79.12028,9.826088,17,3,2,0,0,70151.4525,70218.205,63530.425208333334
2023-02-02 18:00:00+01:00,68235.925,71089.8275,1.05,86.188286,8.14587,18,3,2,0,0,71394.1575,70360.1375,63437.53458333333
2023-02-02 19:00:00+01:00,66621.735,69534.9375,-0.3,89.60801,8.161764,19,3,2,0,0,69036.2225,69072.8575,63305.9415625
2023-02-02 20:00:00+01:00,63234.3775,66082.48,-1.8,91.16623,10.829958,20,3,2,0,0,65886.7125,65643.85250000001,63205.33791666667
2023-02-02 21:00:00+01:00,60334.9375,62812.4675,-1.45,91.52939,8.427383,21,3,2,0,0,62600.7625,62062.97,63094.82395833333
2023-02-02 22:00:00+01:00,57219.7025,59841.822499999995,-0.55,92.94615,6.638072,22,3,2,0,0,59178.76,59223.3025,63000.41458333333
2023-02-02 23:00:00+01:00,53877.035,56612.630000000005,0.15,92.30846,7.771331,23,3,2,0,0,55794.005000000005,55857.625,62918.787187500006
2023-02-03 00:00:00+01:00,51134.595,53798.3425,1.0,91.69177,10.24578,0,4,2,0,0,53603.745,52585.0775,62838.91343750001
2023-02-03 01:00:00+01:00,49916.6425,51998.3275,1.55,94.415,9.793058,1,4,2,0,0,52081.825,50668.55,62736.0321875
2023-02-03 02:00:00+01:00,49679.1575,51095.5475,2.15,95.12106,15.141414,2,4,2,0,0,51134.185,49959.215,62645.81625
2023-02-03 03:00:00+01:00,50298.935,51665.0925,1.95,96.14225,17.87718,3,4,2,0,0,51365.03,50072.9425,62585.190104166664
2023-02-03 04:00:00+01:00,51543.21,52881.7175,1.15,99.283905,18.692286,4,4,2,0,0,52746.8675,51738.6625,62540.769479166665
2023-02-03 05:00:00+01:00,54225.485,55604.2525,2.25,96.49587,19.652176,5,4,2,0,0,55412.6075,54422.21,62490.61708333334
2023-02-03 06:00:00+01:00,60886.869999999995,62055.99,4.45,94.209496,19.191748,6,4,2,0,0,61983.265,60804.8575,62441.153645833336
2023-02-03 07:00:00+01:00,66690.13,67798.605,6.25,92.02462,27.607563,7,4,2,0,0,66996.525,66565.7425,62395.47052083333
2023-02-03 08:00:00+01:00,69472.6825,70652.61,6.6,92.04611,28.66694,8,4,2,0,0,69232.1375,69333.725,62382.7040625
2023-02-03 09:00:00+01:00,70343.165,71803.2025,6.8,91.42243,24.884306,9,4,2,0,0,70043.79000000001,69814.4125,62392.72677083334
2023-02-03 10:00:00+01:00,70823.75,72674.11,7.2,90.81851,31.072817,10,4,2,0,0,70544.83499999999,70352.075,62405.200729166674
2023-02-03 11:00:00+01:00,71778.915,73435.20999999999,7.7,90.229385,34.966362,11,4,2,0,0,71378.6225,70639.185,62416.82218750001
2023-02-03 12:00:00+01:00,70087.2525,73253.7675,8.05,87.50039,39.658867,12,4,2,0,0,71402.39,70036.3225,62433.50104166666
2023-02-03 13:00:00+01:00,69118.28,72012.4075,6.7,85.56148,33.043606,13,4,2,0,0,70402.735,68775.5375,62378.70364583333
2023-02-03 14:00:00+01:00,67425.85250000001,70135.995,7.6,75.26019,40.25727,14,4,2,0,0,68573.5425,66989.2,62325.184687500005
2023-02-03 15:00:00+01:00,66693.59,69267.8,7.15,74.65245,35.75436,15,4,2,0,0,67298.7025,65904.8,62277.36427083333
2023-02-03 16:00:00+01:00,65964.43000000001,68957.6175,7.1,70.51923,34.47176,16,4,2,0,0,66487.3275,65409.5875,62252.151249999995
2023-02-03 17:00:00+01:00,68026.255,70154.6875,6.45,71.4048,30.21642,17,4,2,0,0,67922.0775,67346.455,62230.363854166666
2023-02-03 18:00:00+01:00,68156.905,70957.645,6.45,71.4048,29.940662,18,4,2,0,0,68235.925,67491.52,62234.70458333334
2023-02-03 19:00:00+01:00,65926.1175,69311.0075,6.3,75.03502,29.957972,19,4,2,0,0,66621.735,65621.67,62231.412083333336
2023-02-03 20:00:00+01:00,62151.53,65452.065,6.05,77.71009,30.633865,20,4,2,0,0,63234.3775,61360.6375,62202.42802083333
2023-02-03 21:00:00+01:00,59313.3125,62056.6125,5.95,78.8066,29.949316,21,4,2,0,0,60334.9375,57948.990000000005,62157.309375000004
2023-02-03 22:00:00+01:00,56746.515,59009.265,5.2,81.548744,34.921856,22,4,2,0,0,57219.7025,55013.555,62114.74166666667
2023-02-03 23:00:00+01:00,53330.975,55862.8,3.6,81.03849,30.385365,23,4,2,0,0,53877.035,51916.935,62095.02552083333
2023-02-04 00:00:00+01:00,50554.435,50716.4875,3.2,80.982765,28.66468,0,5,2,1,0,51134.595,49318.3975,62072.27302083333
2023-02-04 01:00:00+01:00,47974.7525,48800.6875,3.2,76.97119,24.703976,1,5,2,1,0,49916.6425,47148.865,62048.099687500006
2023-02-04 02:00:00+01:00,46479.6725,47735.61,2.8,75.51236,23.675303,2,5,2,1,0,49679.1575,46167.315,61967.18760416666
2023-02-04 03:00:00+01:00,45906.3,47251.457500000004,2.4,77.12073,20.532627,3,5,2,1,0,50298.935,45588.1425,61833.87572916666
2023-02-04 04:00:00+01:00,45692.465,47058.9675,1.15,84.01949,16.039202,4,5,2,1,0,51543.21,45041.8675,61650.84927083333
2023-02-04 05:00:00+01:00,45918.5125,47263.035,0.45,86.75977,14.113653,5,5,2,1,0,54225.485,44890.99,61407.06822916667
2023-02-04 06:00:00+01:00,47072.0525,48118.92,-0.15,88.96349,12.783802,6,5,2,1,0,60886.869999999995,46361.744999999995,61060.944375
2023-02-04 07:00:00+01:00,49615.0975,50404.665,-0.7,90.57259,11.440978,7,5,2,1,0,66690.13,49216.6425,60485.32697916666
2023-02-04 08:00:00+01:00,52534.43,53498.275,-1.05,91.55622,11.177405,8,5,2,1,0,69472.6825,52668.3475,59773.86729166666
2023-02-04 09:00:00+01:00,55269.145000000004,55850.77,0.05,89.308,13.1041975,9,5,2,1,0,70343.165,56059.2975,59068.106770833336
2023-02-04 10:00:00+01:00,56856.7125,57371.805,1.65,81.657,11.901798,10,5,2,1,0,70823.75,58063.4225,58440.02260416667
2023-02-04 11:00:00+01:00,57867.7625,58352.06,2.7,73.85225,15.905319,11,5,2,1,0,71778.915,59105.215,57858.06270833333
2023-02-04 12:00:00+01:00,57465.74,57801.2625,3.25,65.98399,15.905319,12,5,2,1,0,70087.2525,59105.74,57278.43135416667
2023-02-04 13:00:00+01:00,56111.04,56501.27,3.55,67.281044,16.418526,13,5,2,1,0,69118.28,57903.8075,56752.534999999996
2023-02-04 14:00:00+01:00,54269.39,55016.0025,3.65,62.73835,15.827721,14,5,2,1,0,67425.85250000001,56945.8925,56210.56666666667
2023-02-04 15:00:00+01:00,53681.365,54505.832500000004,3.25,62.40921,16.862455,15,5,2,1,0,66693.59,56403.905,55662.380729166674
2023-02-04 16:00:00+01:00,53312.9625,54831.0775,2.55,60.853912,15.815435,16,5,2,1,0,65964.43000000001,56417.36,55120.2046875
2023-02-04 17:00:00+01:00,56376.4025,56996.04,1.85,58.202858,13.797912,17,5,2,1,0,68026.255,59609.99,54593.060208333336
2023-02-04 18:00:00+01:00,58374.8875,58577.275,0.3,63.595867,9.746631,18,5,2,1,0,68156.905,60750.5725,54107.6496875
2023-02-04 19:00:00+01:00,56650.1275,57113.035,-0.95,69.382484,10.1376915,19,5,2,1,0,65926.1175,58907.725,53700.065624999996
2023-02-04 20:00:00+01:00,53437.355,54218.44,-2.45,77.47473,9.693296,20,5,2,1,0,62151.53,55303.98,53313.566041666665
2023-02-04 21:00:00+01:00,51084.4925,51963.55,-3.65,84.3853,8.209263,21,5,2,1,0,59313.3125,53011.01,52950.47541666666
2023-02-04 22:00:00+01:00,49873.2,50675.1275,-4.6,86.894424,7.2,22,5,2,1,0,56746.515,52044.39,52607.60791666666
2023-02-04 23:00:00+01:00,47467.78,48088.105,-5.3,87.49284,9.422101,23,5,2,1,0,53330.975,49728.4225,52321.21979166667
2023-02-05 00:00:00+01:00,44589.682499999995,45880.25,-4.45,83.96601,7.145796,0,6,2,1,0,50554.435,46988.465,52076.920000000006
2023-02-05 01:00:00+01:00,43154.854999999996,44141.2625,-4.75,85.88553,8.759178,1,6,2,1,0,47974.7525,45100.555,51828.38864583333
2023-02-05 02:00:00+01:00,42147.11,43019.2625,-3.2,78.54357,6.151683,2,6,2,1,0,46479.6725,43874.4075,51627.55958333333
2023-02-05 03:00:00+01:00,42059.315,42695.42,-4.6,84.27045,6.6185193,3,6,2,1,0,45906.3,43233.457500000004,51447.03614583334
2023-02-05 04:00:00+01:00,42238.475,43035.6775,-5.45,88.154045,7.628263,4,6,2,1,0,45692.465,43621.82,51286.74510416667
2023-02-05 05:00:00+01:00,42136.8675,43137.962499999994,-5.55,89.16816,8.225035,5,6,2,1,0,45918.5125,43280.545,51142.82885416666
2023-02-05 06:00:00+01:00,42417.215,43651.7725,-5.1,88.52572,7.24486,6,6,2,1,0,47072.0525,44395.165,50985.2603125
2023-02-05 07:00:00+01:00,43835.19,45312.5875,-5.65,89.84824,7.9526596,7,6,2,1,0,49615.0975,45638.737499999996,50791.30875
2023-02-05 08:00:00+01:00,46987.79,48240.7125,-5.0,88.87458,5.692099,8,6,2,1,0,52534.43,48486.705,50550.47927083334
2023-02-05 09:00:00+01:00,50107.8625,51365.9375,-3.15,79.154205,9.885262,9,6,2,1,0,55269.145000000004,52466.9125,50319.369270833326
2023-02-05 10:00:00+01:00,53311.6225,53644.055,-1.15,68.550865,9.726664,10,6,2,1,0,56856.7125,54999.4825,50104.31583333333
2023-02-05 11:00:00+01:00,55833.43,55836.955,0.45,58.72973,10.799999,11,6,2,1,0,57867.7625,57013.5975,49956.60375
2023-02-05 12:00:00+01:00,55985.5275,55385.494999999995,1.1,61.883774,12.4811535,12,6,2,1,0,57465.74,56523.155,49871.839895833335
2023-02-05 13:00:00+01:00,54722.145,53874.5925,0.8,60.875973,11.384198,13,6,2,1,0,56111.04,55130.729999999996,49810.164375
2023-02-05 14:00:00+01:00,53585.9475,52430.64,1.25,54.807316,9.504272,14,6,2,1,0,54269.39,54175.375,49752.293750000004
2023-02-05 15:00:00+01:00,52491.424999999996,51687.6525,1.25,54.807316,7.8954163,15,6,2,1,0,53681.365,53101.604999999996,49723.816979166666
2023-02-05 16:00:00+01:00,52406.2925,52240.1,0.45,60.094814,8.587338,16,6,2,1,0,53312.9625,53433.7,49674.23614583333
2023-02-05 17:00:00+01:00,55174.6075,55251.0175,-3.4,79.115326,9.659814,17,6,2,1,0,56376.4025,57376.1775,49636.45822916667
2023-02-05 18:00:00+01:00,57685.7775,57751.520000000004,-2.9,78.89161,8.913181,18,6,2,1,0,58374.8875,59314.185,49586.38343749999
2023-02-05 19:00:00+01:00,56427.534999999996,57440.525,-4.05,83.694695,7.9036193,19,6,2,1,0,56650.1275,57757.6025,49557.67052083334
2023-02-05 20:00:00+01:00,53914.1575,55658.8375,-4.65,83.29836,9.511088,20,6,2,1,0,53437.355,55984.08,49548.395833333336
2023-02-05 21:00:00+01:00,52273.595,54451.99,-4.95,84.22783,8.891343,21,6,2,1,0,51084.4925,55121.275,49568.262604166666
2023-02-05 22:00:00+01:00,51815.33,53907.5625,-5.2,86.16694,8.534353,22,6,2,1,0,49873.2,54702.6625,49617.808541666665
2023-02-05 23:00:00+01:00,49085.71,51551.7425,-4.6,84.27045,7.208994,23,6,2,1,0,47467.78,52048.5,49698.730625
2023-02-06 00:00:00+01:00,46294.2625,50353.05,-5.8,88.12113,7.9932976,0,0,2,0,0,44589.682499999995,51162.5225,49766.144374999996
2023-02-06 01:00:00+01:00,45304.7675,48686.705,-4.9,89.22409,5.771239,1,0,2,0,0,43154.854999999996,49395.38,49837.168541666666
2023-02-06 02:00:00+01:00,45410.6525,48048.7525,-5.35,89.52842,5.8603754,2,0,2,0,0,42147.11,49114.725,49926.74822916667
2023-02-06 03:00:00+01:00,46319.11,48374.07,-4.2,85.6183,6.9899354,3,0,2,0,0,42059.315,49629.865,50062.729166666664
2023-02-06 04:00:00+01:00,47596.4225,49921.1975,-3.55,82.80501,8.654986,4,0,2,0,0,42238.475,51331.975,50240.220624999994
2023-02-06 05:00:00+01:00,50672.68,53364.5625,-2.95,80.40131,9.0645685,5,0,2,0,0,42136.8675,54481.6425,50463.46843750001
2023-02-06 06:00:00+01:00,58096.854999999996,60371.03,-2.55,79.851494,8.473393,6,0,2,0,0,42417.215,61289.6725,50819.127291666664
2023-02-06 07:00:00+01:00,63684.5925,65675.13,-2.15,79.30866,6.638072,7,0,2,0,0,43835.19,66863.515,51472.445625
2023-02-06 08:00:00+01:00,66506.285,68556.515,-1.75,83.03879,6.297428,8,0,2,0,0,46987.79,69840.825,52299.5040625
2023-02-06 09:00:00+01:00,66901.9925,69725.1,-1.3,86.2582,3.2599385,9,0,2,0,0,50107.8625,70146.2225,53112.7746875
2023-02-06 10:00:00+01:00,67330.98,70632.6775,-0.95,85.656044,2.5455842,10,0,2,0,0,53311.6225,70851.8925,53812.530104166675
2023-02-06 11:00:00+01:00,67737.5175,71485.3625,-0.2,81.705925,9.422101,11,0,2,0,0,55833.43,71156.2025,54396.670000000006
2023-02-06 12:00:00+01:00,67477.5625,71091.0425,0.6,76.53684,13.608762,12,0,2,0,0,55985.5275,71163.12,54892.67364583333
2023-02-06 13:00:00+01:00,66647.99,70436.2825,0.4,79.9912,14.8257065,13,0,2,0,0,54722.145,70708.465,55371.50843749999
2023-02-06 14:00:00+01:00,66141.545,69009.8125,0.35,77.35388,11.435313,14,0,2,0,0,53585.9475,68942.2275,55868.41864583333
2023-02-06 15:00:00+01:00,65034.1725,68018.83,0.7,74.03146,10.086427,15,0,2,0,0,52491.424999999996,68589.175,56391.56854166667
2023-02-06 16:00:00+01:00,64208.4475,67415.5875,0.15,76.17557,7.7043357,16,0,2,0,0,52406.2925,67750.48999999999,56914.18302083333
2023-02-06 17:00:00+01:00,66330.33,68815.025,-3.6,87.65901,10.514218,17,0,2,0,0,55174.6075,69110.64,57405.939479166664
2023-02-06 18:00:00+01:00,67988.8375,70114.04000000001,-4.55,89.59497,10.966713,18,0,2,0,0,57685.7775,69764.36,57870.76125
2023-02-06 19:00:00+01:00,66504.675,68568.635,-5.0,89.90088,10.137692,19,0,2,0,0,56427.534999999996,67951.155,58300.05541666666
2023-02-06 20:00:00+01:00,62633.665,65146.5675,-5.45,90.90486,9.983106,20,0,2,0,0,53914.1575,64728.065,58719.93625
2023-02-06 21:00:00+01:00,58720.1425,61941.2325,-5.45,90.90486,8.654986,21,0,2,0,0,52273.595,62245.3025,59083.2490625
2023-02-06 22:00:00+01:00,56085.292499999996,59309.3925,-5.8,90.87919,9.531505,22,0,2,0,0,51815.33,58997.6925,59351.85520833334
2023-02-06 23:00:00+01:00,53332.125,56054.5625,-5.95,90.51885,9.693296,23,0,2,0,0,49085.71,56124.5775,59529.770312500004
2023-02-07 00:00:00+01:00,50413.619999999995,51061.987499999996,-6.0,90.86448,8.913181,0,1,2,0,0,46294.2625,52960.425,59706.70427083334
2023-02-07 01:00:00+01:00,49111.6125,49333.6225,-5.85,90.178635,8.891344,1,1,2,0,0,45304.7675,50822.3125,59878.34416666667
2023-02-07 02:00:00+01:00,48901.652500000004,48823.5775,-5.6,89.16385,7.208994,2,1,2,0,0,45410.6525,50286.125,60036.96270833333
2023-02-07 03:00:00+01:00,49794.96,49081.765,-4.9,89.22409,5.904439,3,1,2,0,0,46319.11,50222.4925,60182.42104166667
2023-02-07 04:00:00+01:00,50391.479999999996,50458.2225,-5.15,91.62467,4.39436,4,1,2,0,0,47596.4225,51168.295,60327.248125000006
2023-02-07 05:00:00+01:00,53503.605,53446.36,-5.3,93.02631,4.379589,5,1,2,0,0,50672.68,54282.2175,60443.70885416667
2023-02-07 06:00:00+01:00,60510.0175,60097.42,-6.35,95.13842,3.6,6,1,2,0,0,58096.854999999996,60283.735,60561.6640625
2023-02-07 07:00:00+01:00,65519.197499999995,66053.27,-7.35,94.3632,2.0991426,7,1,2,0,0,63684.5925,66566.5775,60662.2125
2023-02-07 08:00:00+01:00,67203.315,68959.1625,-7.8,94.3422,3.319036,8,1,2,0,0,66506.285,68720.2775,60738.654375000006
2023-02-07 09:00:00+01:00,67000.11,69817.9075,-6.1,94.05903,5.7599998,9,1,2,0,0,66901.9925,69102.3425,60767.69729166667
2023-02-07 10:00:00+01:00,67404.5675,70337.2325,-3.5,80.320244,3.96,10,1,2,0,0,67330.98,70067.285,60771.785520833335
2023-02-07 11:00:00+01:00,68023.455,71053.2125,-0.8,62.364635,2.968636,11,1,2,0,0,67737.5175,71068.945,60774.85166666666
2023-02-07 12:00:00+01:00,67982.06,70505.745,0.7,52.583664,2.968636,12,1,2,0,0,67477.5625,71205.2575,60786.76572916668
2023-02-07 13:00:00+01:00,67142.41,69798.39,0.35,63.366302,1.609969,13,1,2,0,0,66647.99,70137.69750000001,60807.786458333336
2023-02-07 14:00:00+01:00,65718.23,68270.0725,1.0,57.98004,2.8799999,14,1,2,0,0,66141.545,69201.1225,60828.38729166667
2023-02-07 15:00:00+01:00,64072.207500000004,67425.5525,1.0,56.881096,3.6179552,15,1,2,0,0,65034.1725,67925.2475,60810.74916666667
2023-02-07 16:00:00+01:00,63385.9675,67030.9225,-0.1,61.82267,4.0249224,16,1,2,0,0,64208.4475,67163.88,60770.66729166667
2023-02-07 17:00:00+01:00,65757.9125,68511.6975,-0.35,63.439674,4.0249224,17,1,2,0,0,66330.33,68930.095,60736.397291666675
2023-02-07 18:00:00+01:00,67839.385,69969.9,-2.65,72.56351,5.4119864,18,1,2,0,0,67988.8375,68897.425,60712.5465625
2023-02-07 19:00:00+01:00,66504.3625,68540.54000000001,-3.9,78.13043,6.638072,19,1,2,0,0,66504.675,67149.7625,60706.319375
2023-02-07 20:00:00+01:00,63224.535,65125.292499999996,-4.35,78.966675,6.792466,20,1,2,0,0,62633.665,63875.6425,60706.30635416667
2023-02-07 21:00:00+01:00,59829.07,61907.195,-5.55,84.48064,9.290511,21,1,2,0,0,58720.1425,60449.735,60730.9259375
2023-02-07 22:00:00+01:00,57247.01,59276.7175,-5.65,84.7962,9.793058,22,1,2,0,0,56085.292499999996,57506.3575,60777.13125
2023-02-07 23:00:00+01:00,53906.925,55920.69,-5.8,86.43541,9.007196,23,1,2,0,0,53332.125,54349.4,60825.53614583333
2023-02-08 00:00:00+01:00,51224.76,52393.8,-6.0,87.76228,9.3669195,0,2,2,0,0,50413.619999999995,51735.2125,60849.48614583333
2023-02-08 01:00:00+01:00,49529.43,50769.565,-4.65,82.65986,5.771239,1,2,2,0,0,49111.6125,49660.54,60883.28364583334
2023-02-08 02:00:00+01:00,48723.3975,49857.6625,-5.5,85.14234,5.154415,2,2,2,0,0,48901.652500000004,48500.6125,60900.692708333336
2023-02-08 03:00:00+01:00,48888.9025,50027.8825,-6.1,88.4342,5.3517847,3,2,2,0,0,49794.96,48622.645,60893.26541666666
2023-02-08 04:00:00+01:00,50195.625,51020.145000000004,-6.05,89.469666,6.4096174,4,2,2,0,0,50391.479999999996,50262.49,60855.513020833336
2023-02-08 05:00:00+01:00,53409.04,54057.1275,-5.75,89.15086,7.2,5,2,2,0,0,53503.605,53199.635,60847.35239583333
2023-02-08 06:00:00+01:00,60349.475,60559.505,-5.65,88.81693,6.9153743,6,2,2,0,0,60510.0175,60608.705,60843.412187500006
2023-02-08 07:00:00+01:00,65682.8125,65577.55249999999,-5.65,88.81693,7.127636,7,2,2,0,0,65519.197499999995,65765.3075,60836.72291666666
2023-02-08 08:00:00+01:00,68118.1,68054.3375,-5.5,88.83026,7.386582,8,2,2,0,0,67203.315,68643.005,60843.540208333325
2023-02-08 09:00:00+01:00,68632.465,68607.92,-3.8,81.20398,10.685391,9,2,2,0,0,67000.11,69414.9025,60881.65625
2023-02-08 10:00:00+01:00,68940.2025,69028.3925,-1.85,71.071465,9.957108,10,2,2,0,0,67404.5675,70392.25,60949.67104166667
2023-02-08 11:00:00+01:00,69120.23999999999,69244.49,-0.35,62.475292,10.691453,11,2,2,0,0,68023.455,70779.355,61013.65583333333
2023-02-08 12:00:00+01:00,68321.6225,68794.125,0.9,55.13393,12.031756,12,2,2,0,0,67982.06,70303.8725,61059.35520833333
2023-02-08 13:00:00+01:00,67641.425,67935.6775,0.95,58.635418,14.982228,13,2,2,0,0,67142.41,69355.535,61073.50364583334
2023-02-08 14:00:00+01:00,65650.0475,66836.0775,1.45,56.351795,13.104198,14,2,2,0,0,65718.23,68117.6775,61094.2959375
2023-02-08 15:00:00+01:00,64235.4375,65795.885,1.4,56.7706,13.276144,15,2,2,0,0,64072.207500000004,68599.45,61091.454999999994
2023-02-08 16:00:00+01:00,63919.7275,65365.9625,0.5,60.568718,10.948973,16,2,2,0,0,63385.9675,68067.405,61098.25625
2023-02-08 17:00:00+01:00,66850.5625,66820.2925,-2.0,72.69008,11.212135,17,2,2,0,0,65757.9125,70151.4525,61120.49625
2023-02-08 18:00:00+01:00,69652.77,68467.72,-2.8,76.82749,12.819235,18,2,2,0,0,67839.385,71394.1575,61166.02333333334
2023-02-08 19:00:00+01:00,69492.0325,67462.3225,-3.15,78.25174,12.599998,19,2,2,0,0,66504.3625,69036.2225,61241.58104166667
2023-02-08 20:00:00+01:00,65875.045,64242.5325,-3.25,77.63868,14.021525,20,2,2,0,0,63224.535,65886.7125,61366.067291666666
2023-02-08 21:00:00+01:00,62286.4375,60964.665,-3.25,75.291275,15.256526,21,2,2,0,0,59829.07,62600.7625,61476.505208333336
2023-02-08 22:00:00+01:00,59103.135,58422.25,-3.65,75.50991,14.345898,22,2,2,0,0,57247.01,59178.76,61578.89552083333
2023-02-08 23:00:00+01:00,55255.21,55449.692500000005,-3.9,75.465195,14.84318,23,2,2,0,0,53906.925,55794.005000000005,61656.2340625
2023-02-09 00:00:00+01:00,54320.25,53477.955,-4.15,74.83833,13.441071,0,3,2,0,0,51224.76,53603.745,61712.41260416666
2023-02-09 01:00:00+01:00,52977.557499999995,51626.457500000004,-3.8,74.61337,11.304229,1,3,2,0,0,49529.43,52081.825,61841.39135416666
2023-02-09 02:00:00+01:00,52024.2425,50822.7875,-4.45,77.140144,9.3876505,2,3,2,0,0,48723.3975,51134.185,61985.06333333333
2023-02-09 03:00:00+01:00,51974.1525,51072.645000000004,-4.75,77.38914,10.086427,3,3,2,0,0,48888.9025,51365.03,62122.598541666666
2023-02-09 04:00:00+01:00,52898.8275,52237.085,-4.8,76.18748,11.159999,4,3,2,0,0,50195.625,52746.8675,62251.150625
2023-02-09 05:00:00+01:00,55931.7275,55149.5025,-4.8,74.42828,12.245294,5,3,2,0,0,53409.04,55412.6075,62363.784062499995
2023-02-09 06:00:00+01:00,62927.7175,61622.770000000004,-4.8,73.27566,13.039754,6,3,2,0,0,60349.475,61983.265,62468.89604166666
2023-02-09 07:00:00+01:00,68443.09,66602.57,-4.85,72.69553,13.493999,7,3,2,0,0,65682.8125,66996.525,62576.3228125
2023-02-09 08:00:00+01:00,70070.7825,68858.935,-4.7,71.03861,14.561099,8,3,2,0,0,68118.1,69232.1375,62691.334375000006
2023-02-09 09:00:00+01:00,70480.3,69188.1675,-3.15,62.51112,13.627795,9,3,2,0,0,68632.465,70043.79000000001,62772.69614583333
2023-02-09 10:00:00+01:00,71002.94,69421.85,-1.3,53.888855,14.689589,10,3,2,0,0,68940.2025,70544.83499999999,62849.68927083333
2023-02-09 11:00:00+01:00,70911.5925,70014.2375,0.45,45.794926,17.727943,11,3,2,0,0,69120.23999999999,71378.6225,62935.636666666665
2023-02-09 12:00:00+01:00,70079.125,69275.2675,2.0,38.9206,19.770523,12,3,2,0,0,68321.6225,71402.39,63010.27635416667
2023-02-09 13:00:00+01:00,68577.14,68114.8075,2.55,45.003853,15.077082,13,3,2,0,0,67641.425,70402.735,63083.505625
2023-02-09 14:00:00+01:00,66321.255,66601.5475,2.9,43.900517,14.255272,14,3,2,0,0,65650.0475,68573.5425,63122.493749999994
2023-02-09 15:00:00+01:00,65019.4075,65616.9825,2.7,45.39939,13.281023,15,3,2,0,0,64235.4375,67298.7025,63150.46072916667
2023-02-09 16:00:00+01:00,65082.775,65150.925,1.65,48.925518,11.770403,16,3,2,0,0,63919.7275,66487.3275,63183.12614583334
2023-02-09 17:00:00+01:00,67726.285,66881.5925,-0.8,58.402298,11.113451,17,3,2,0,0,66850.5625,67922.0775,63231.58645833333
2023-02-09 18:00:00+01:00,70074.185,68626.2675,-1.3,60.343536,12.904882,18,3,2,0,0,69652.77,68235.925,63268.07489583333
2023-02-09 19:00:00+01:00,68771.08249999999,67941.06,-1.45,61.724396,12.261157,19,3,2,0,0,69492.0325,66621.735,63285.63385416666
2023-02-09 20:00:00+01:00,65663.3175,64642.052500000005,-1.8,64.072334,13.513193,20,3,2,0,0,65875.045,63234.3775,63255.59427083333
2023-02-09 21:00:00+01:00,61868.36,61543.155,-2.0,65.78156,13.684735,21,3,2,0,0,62286.4375,60334.9375,63246.772291666675
2023-02-09 22:00:00+01:00,58783.845,58738.9375,-2.5,68.786064,12.594856,22,3,2,0,0,59103.135,57219.7025,63229.35239583333
2023-02-09 23:00:00+01:00,55465.604999999996,55640.24,-2.55,68.510185,12.397806,23,3,2,0,0,55255.21,53877.035,63216.04864583333
2023-02-10 00:00:00+01:00,53525.96,53356.665,-1.15,62.278286,12.979984,0,4,2,0,0,54320.25,51134.595,63224.815104166664
2023-02-10 01:00:00+01:00,51437.787500000006,51544.104999999996,0.55,64.1408,13.896187,1,4,2,0,0,52977.557499999995,49916.6425,63191.71968750001
2023-02-10 02:00:00+01:00,50763.855,50935.955,0.85,66.93495,14.345898,2,4,2,0,0,52024.2425,49679.1575,63127.56260416666
2023-02-10 03:00:00+01:00,51042.315,51160.695,-0.1,76.70424,13.009903,3,4,2,0,0,51974.1525,50298.935,63075.04645833333
2023-02-10 04:00:00+01:00,52704.215,52350.2825,-1.25,86.90827,12.313893,4,4,2,0,0,52898.8275,51543.21,63036.219895833325
2023-02-10 05:00:00+01:00,54748.5025,55216.3525,-1.0,89.550896,14.145756,5,4,2,0,0,55931.7275,54225.485,63028.11104166667
2023-02-10 06:00:00+01:00,61329.5125,61050.197499999995,-0.8,91.2359,14.408997,6,4,2,0,0,62927.7175,60886.869999999995,62978.81
2023-02-10 07:00:00+01:00,66881.0,66069.775,0.5,89.01916,15.463244,7,4,2,0,0,68443.09,66690.13,62912.21812500001
2023-02-10 08:00:00+01:00,69726.3075,68082.7425,0.9,90.360725,15.463244,8,4,2,0,0,70070.7825,69472.6825,62847.13104166667
2023-02-10 09:00:00+01:00,70180.3925,68465.7925,1.7,88.798485,16.595179,9,4,2,0,0,70480.3,70343.165,62832.777916666666
2023-02-10 10:00:00+01:00,70545.8425,69153.1875,3.5,83.39446,20.5484,10,4,2,0,0,71002.94,70823.75,62820.28177083334
2023-02-10 11:00:00+01:00,69775.5025,69452.81,4.15,81.114716,19.469976,11,4,2,0,0,70911.5925,71778.915,62801.23604166667
2023-02-10 12:00:00+01:00,68646.29,68636.1325,4.55,81.169876,18.175545,12,4,2,0,0,70079.125,70087.2525,62753.89895833333
2023-02-10 13:00:00+01:00,67087.1275,67512.445,4.9,74.52032,15.484185,13,4,2,0,0,68577.14,69118.28,62694.1975
2023-02-10 14:00:00+01:00,65163.9525,65706.785,5.9,69.77486,19.48661,14,4,2,0,0,66321.255,67425.85250000001,62632.113645833335
2023-02-10 15:00:00+01:00,63908.09,64749.225,5.4,73.281006,17.114204,15,4,2,0,0,65019.4075,66693.59,62583.892708333326
2023-02-10 16:00:00+01:00,63746.5725,64271.685,4.65,79.17397,16.485485,16,4,2,0,0,65082.775,65964.43000000001,62537.587812499994
2023-02-10 17:00:00+01:00,66334.5425,65823.095,3.95,82.55678,15.484185,17,4,2,0,0,67726.285,68026.255,62481.91270833334
2023-02-10 18:00:00+01:00,67941.785,67680.595,3.0,87.64285,14.480773,18,4,2,0,0,70074.185,68156.905,62423.9234375
2023-02-10 19:00:00+01:00,66326.9425,66501.4,2.25,89.48909,15.815435,19,4,2,0,0,68771.08249999999,65926.1175,62335.073437499996
2023-02-10 20:00:00+01:00,62567.47,63107.2875,2.5,85.718094,18.218275,20,4,2,0,0,65663.3175,62151.53,62233.23427083334
2023-02-10 21:00:00+01:00,59724.26,59843.64,2.75,81.50949,18.472595,21,4,2,0,0,61868.36,59313.3125,62104.240625
2023-02-10 22:00:00+01:00,57308.1925,57195.0325,1.65,84.695045,18.899143,22,4,2,0,0,58783.845,56746.515,62014.903125000004
2023-02-10 23:00:00+01:00,54275.924999999996,54270.9725,2.2,77.94025,20.767975,23,4,2,0,0,55465.604999999996,53330.975,61953.417604166665
2023-02-11 00:00:00+01:00,51472.4775,52357.61,1.55,78.7005,21.120682,0,5,2,1,0,53525.96,50554.435,61903.847604166665
2023-02-11 01:00:00+01:00,49704.130000000005,49984.7025,2.55,76.30302,20.771093,1,5,2,1,0,51437.787500000006,47974.7525,61818.28583333333
2023-02-11 02:00:00+01:00,48887.53,48521.1425,3.0,76.100845,22.406927,2,5,2,1,0,50763.855,46479.6725,61746.05010416667
2023-02-11 03:00:00+01:00,48466.4025,48166.58,3.4,77.847565,22.66857,3,5,2,1,0,51042.315,45906.3,61667.86989583333
2023-02-11 04:00:00+01:00,48510.697499999995,48070.1975,3.7,82.22821,19.694992,4,5,2,1,0,52704.215,45692.465,61560.54020833334
2023-02-11 05:00:00+01:00,47918.5475,48164.95,4.0,85.2674,18.899143,5,5,2,1,0,54748.5025,45918.5125,61385.8103125
2023-02-11 06:00:00+01:00,48850.552500000005,48729.115,4.3,87.14273,20.620806,6,5,2,1,0,61329.5125,47072.0525,61101.22885416667
2023-02-11 07:00:00+01:00,51583.9625,50741.695,4.65,87.17674,22.104116,7,5,2,1,0,66881.0,49615.0975,60581.2721875
2023-02-11 08:00:00+01:00,55006.7575,53580.744999999995,5.0,86.90267,23.452555,8,5,2,1,0,69726.3075,52534.43,59943.895625
2023-02-11 09:00:00+01:00,57198.6375,56527.515,5.4,86.33078,24.280659,9,5,2,1,0,70180.3925,55269.145000000004,59330.58104166667
2023-02-11 10:00:00+01:00,59017.3975,58158.4225,5.9,86.68606,23.510508,10,5,2,1,0,70545.8425,56856.7125,58789.67458333333
2023-02-11 11:00:00+01:00,60560.1525,59052.7875,6.5,86.44296,25.006397,11,5,2,1,0,69775.5025,57867.7625,58309.322708333326
2023-02-11 12:00:00+01:00,59794.7825,58653.21,7.0,87.09806,24.84,12,5,2,1,0,68646.29,57465.74,57925.34979166667
2023-02-11 13:00:00+01:00,58199.64,57086.4925,7.0,88.31838,23.084955,13,5,2,1,0,67087.1275,56111.04,57556.53697916667
2023-02-11 14:00:00+01:00,56899.5275,55326.85,7.3,88.95927,21.96,14,5,2,1,0,65163.9525,54269.39,57186.225
2023-02-11 15:00:00+01:00,55773.637500000004,54279.0475,7.7,88.3798,22.007162,15,5,2,1,0,63908.09,53681.365,56841.87395833334
2023-02-11 16:00:00+01:00,55772.79,54492.917499999996,7.55,89.288216,21.96,16,5,2,1,0,63746.5725,53312.9625,56502.9384375
2023-02-11 17:00:00+01:00,58488.9075,56517.995,7.5,89.59334,22.427162,17,5,2,1,0,66334.5425,56376.4025,56170.6975
2023-02-11 18:00:00+01:00,60572.6475,58579.0025,7.35,90.829025,20.966715,18,5,2,1,0,67941.785,58374.8875,55843.79604166667
2023-02-11 19:00:00+01:00,57927.8225,57202.6375,7.25,92.08579,21.288757,19,5,2,1,0,66326.9425,56650.1275,55536.74864583334
2023-02-11 20:00:00+01:00,54079.57,54073.7875,7.25,90.82201,18.847641,20,5,2,1,0,62567.47,53437.355,55186.7853125
2023-02-11 21:00:00+01:00,51372.4075,51868.675,6.95,91.43231,14.8257065,21,5,2,1,0,59724.26,51084.4925,54833.1228125
2023-02-11 22:00:00+01:00,49612.2575,50628.192500000005,6.7,93.66036,11.609651,22,5,2,1,0,57308.1925,49873.2,54485.128958333335
2023-02-11 23:00:00+01:00,46664.880000000005,48018.54,6.35,95.6108,9.504273,23,5,2,1,0,54275.924999999996,47467.78,54164.465000000004
2023-02-12 00:00:00+01:00,44169.487499999996,45376.832500000004,6.1,96.93678,9.227524,0,6,2,1,0,51472.4775,44589.682499999995,53847.338125
2023-02-12 01:00:00+01:00,42292.865,43659.47,6.1,97.61023,9.83268,1,6,2,1,0,49704.130000000005,43154.854999999996,53543.046875
2023-02-12 02:00:00+01:00,41235.6375,42713.2175,6.25,97.61307,10.829958,2,6,2,1,0,48887.53,42147.11,53234.244166666664
2023-02-12 03:00:00+01:00,40708.93,42480.175,6.05,97.27191,11.726277,3,6,2,1,0,48466.4025,42059.315,52915.4153125
2023-02-12 04:00:00+01:00,40738.72,42357.85,6.0,97.94688,11.726277,4,6,2,1,0,48510.697499999995,42238.475,52592.18729166667
2023-02-12 05:00:00+01:00,40941.6325,42630.9275,6.0,97.60834,11.440979,5,6,2,1,0,47918.5475,42136.8675,52268.354895833334
2023-02-12 06:00:00+01:00,41114.8225,43002.9625,5.85,97.94443,9.028754,6,6,2,1,0,48850.552500000005,42417.215,51977.650104166656
2023-02-12 07:00:00+01:00,42931.57,44467.7675,5.75,98.28303,9.565437,7,6,2,1,0,51583.9625,43835.19,51655.32802083332
2023-02-12 08:00:00+01:00,46230.3125,47393.3775,5.65,96.92583,10.308831,8,6,2,1,0,55006.7575,46987.79,51294.81166666667
2023-02-12 09:00:00+01:00,49654.229999999996,50514.455,5.7,96.59082,10.1376915,9,6,2,1,0,57198.6375,50107.8625,50929.12645833333
2023-02-12 10:00:00+01:00,52157.682499999995,53002.835,6.35,91.39275,10.739833,10,6,2,1,0,59017.3975,53311.6225,50614.77614583333
2023-02-12 11:00:00+01:00,54136.91,55408.880000000005,6.5,89.51405,7.8625183,11,6,2,1,0,60560.1525,55833.43,50328.9546875
2023-02-12 12:00:00+01:00,54180.6775,55308.9225,6.75,90.47221,9.0,12,6,2,1,0,59794.7825,55985.5275,50061.31958333333
2023-02-12 13:00:00+01:00,52461.055,53503.479999999996,7.1,93.03573,12.682018,13,6,2,1,0,58199.64,54722.145,49827.39854166666
2023-02-12 14:00:00+01:00,50883.33,51822.675,7.75,88.68998,12.605142,14,6,2,1,0,56899.5275,53585.9475,49588.29083333333
2023-02-12 15:00:00+01:00,50091.2575,51042.2625,7.9,89.31651,12.074766,15,6,2,1,0,55773.637500000004,52491.424999999996,49337.6159375
2023-02-12 16:00:00+01:00,50653.8825,51375.7275,7.95,89.93785,12.015589,16,6,2,1,0,55772.79,52406.2925,49100.85010416667
2023-02-12 17:00:00+01:00,53198.4125,53924.2325,7.1,93.35737,10.239453,17,6,2,1,0,58488.9075,55174.6075,48887.56229166666
2023-02-12 18:00:00+01:00,56251.557499999995,56304.4775,6.55,94.95876,10.308831,18,6,2,1,0,60572.6475,57685.7775,48667.125
2023-02-12 19:00:00+01:00,55036.9825,55446.7425,6.4,95.28218,10.041354,19,6,2,1,0,57927.8225,56427.534999999996,48487.07958333334
2023-02-12 20:00:00+01:00,52360.0225,53267.455,6.35,95.6108,9.6932955,20,6,2,1,0,54079.57,53914.1575,48366.62791666667
2023-02-12 21:00:00+01:00,50737.55,51363.405,6.25,96.271835,10.365251,21,6,2,1,0,51372.4075,52273.595,48294.980104166665
2023-02-12 22:00:00+01:00,50052.59,50695.0075,6.25,95.939095,10.739833,22,6,2,1,0,49612.2575,51815.33,48268.527708333335
2023-02-12 23:00:00+01:00,47458.42,48364.215,6.3,96.2733,10.823973,23,6,2,1,0,46664.880000000005,49085.71,48286.87489583332
2023-02-13 00:00:00+01:00,45495.4475,46916.1325,6.35,96.942825,10.805999,0,0,2,0,0,44169.487499999996,46294.2625,48319.9390625
2023-02-13 01:00:00+01:00,44017.505000000005,45288.259999999995,6.65,96.6163,10.538843,1,0,2,0,0,42292.865,45304.7675,48375.18739583334
2023-02-13 02:00:00+01:00,43502.145000000004,44967.1225,6.55,96.61363,10.24578,2,0,2,0,0,41235.6375,45410.6525,48447.04739583333
2023-02-13 03:00:00+01:00,44123.7675,45409.125,6.25,96.605606,8.825508,3,0,2,0,0,40708.93,46319.11,48541.48520833333
2023-02-13 04:00:00+01:00,45774.04,47090.4425,5.9,96.931915,8.311245,4,0,2,0,0,40738.72,47596.4225,48683.770104166666
2023-02-13 05:00:00+01:00,49347.15,50471.525,5.65,96.58948,8.647496,5,0,2,0,0,40941.6325,50672.68,48893.575104166666
2023-02-13 06:00:00+01:00,57440.985,58039.29,5.55,93.930786,9.6932955,6,0,2,0,0,41114.8225,58096.854999999996,49243.805
2023-02-13 07:00:00+01:00,63274.07,63735.412500000006,5.3,93.26386,7.2805495,7,0,2,0,0,42931.57,63684.5925,49924.06177083334
2023-02-13 08:00:00+01:00,66073.5425,66459.47,5.3,96.91729,8.825508,8,0,2,0,0,46230.3125,66506.285,50771.665937499994
2023-02-13 09:00:00+01:00,66387.9025,67229.465,5.9,95.595245,9.885262,9,0,2,0,0,49654.229999999996,66901.9925,51598.4671875
2023-02-13 10:00:00+01:00,66661.64749999999,67788.785,6.2,94.94494,9.114471,10,0,2,0,0,52157.682499999995,67330.98,52295.70354166667
2023-02-13 11:00:00+01:00,67208.47,67977.725,6.65,94.308304,9.72,11,0,2,0,0,54136.91,67737.5175,52900.03541666666
2023-02-13 12:00:00+01:00,66455.095,67615.3425,7.05,91.75575,11.090103,12,0,2,0,0,54180.6775,67477.5625,53444.68375
2023-02-13 13:00:00+01:00,65184.86,66887.765,7.25,84.43539,11.592895,13,0,2,0,0,52461.055,66647.99,53956.11781250001
2023-02-13 14:00:00+01:00,63997.707500000004,65666.735,7.4,81.55628,14.386494,14,0,2,0,0,50883.33,66141.545,54486.27635416667
2023-02-13 15:00:00+01:00,63044.119999999995,64747.417499999996,7.5,78.21243,14.081477,15,0,2,0,0,50091.2575,65034.1725,55032.70875
2023-02-13 16:00:00+01:00,62153.99,64126.869999999995,7.25,79.280685,10.787993,16,0,2,0,0,50653.8825,64208.4475,55572.41135416667
2023-02-13 17:00:00+01:00,64135.9325,65398.8025,6.75,81.46917,9.178235,17,0,2,0,0,53198.4125,66330.33,56051.58250000001
2023-02-13 18:00:00+01:00,66650.92,67095.035,6.05,85.191414,9.028754,18,0,2,0,0,56251.557499999995,67988.8375,56507.3125
2023-02-13 19:00:00+01:00,65175.24,66351.345,5.6,87.88458,8.287822,19,0,2,0,0,55036.9825,66504.675,56940.619270833326
2023-02-13 20:00:00+01:00,61235.3825,63092.6425,4.9,90.97511,7.5685663,20,0,2,0,0,52360.0225,62633.665,57363.04666666666
2023-02-13 21:00:00+01:00,57685.395000000004,59649.5975,4.35,91.58221,6.638072,21,0,2,0,0,50737.55,58720.1425,57732.85333333333
2023-02-13 22:00:00+01:00,54865.12,56918.6875,3.2,92.82109,8.404285,22,0,2,0,0,50052.59,56085.292499999996,58022.346874999996
2023-02-13 23:00:00+01:00,51478.49,53929.4775,2.9,94.47452,7.9932966,23,0,2,0,0,47458.42,53332.125,58222.86895833334
2023-02-14 00:00:00+01:00,48271.5925,49174.5275,2.9,95.150085,6.9153743,0,1,2,0,0,45495.4475,50413.619999999995,58390.371875000004
2023-02-14 01:00:00+01:00,46869.3525,47578.32,3.95,88.35934,3.7064266,1,1,2,0,0,44017.505000000005,49111.6125,58506.04458333333
2023-02-14 02:00:00+01:00,46233.947499999995,46955.45,3.15,91.50334,3.4152596,2,1,2,0,0,43502.145000000004,48901.652500000004,58624.8715625
2023-02-14 03:00:00+01:00,46870.985,47230.0325,2.15,94.44158,4.3498964,3,1,2,0,0,44123.7675,49794.96,58738.69666666666
2023-02-14 04:00:00+01:00,48239.24,48671.2725,1.9,96.486015,5.154415,4,1,2,0,0,45774.04,50391.479999999996,58853.1640625
2023-02-14 05:00:00+01:00,50978.7325,51735.375,2.25,98.93711,5.495161,5,1,2,0,0,49347.15,53503.605,58955.88072916667
2023-02-14 06:00:00+01:00,58070.07,58408.3675,2.15,99.64429,5.6002855,6,1,2,0,0,57440.985,60510.0175,59023.863333333335
2023-02-14 07:00:00+01:00,63403.015,63947.5125,1.05,99.64109,2.8116899,7,1,2,0,0,63274.07,65519.197499999995,59050.07520833333
2023-02-14 08:00:00+01:00,65634.5375,66664.895,-0.45,99.27446,4.0249224,8,1,2,0,0,66073.5425,67203.315,59055.447916666664
2023-02-14 09:00:00+01:00,65709.345,67124.225,1.35,96.47044,3.8773184,9,1,2,0,0,66387.9025,67000.11,59037.15604166667
2023-02-14 10:00:00+01:00,66154.8475,67477.4075,3.3,95.50379,4.0249224,10,1,2,0,0,66661.64749999999,67404.5675,59008.8828125
2023-02-14 11:00:00+01:00,66263.9975,67722.8125,5.4,89.4258,5.1919937,11,1,2,0,0,67208.47,68023.455,58987.76614583334
2023-02-14 12:00:00+01:00,65021.0225,67104.42749999999,6.95,77.852104,7.10031,12,1,2,0,0,66455.095,67982.06,58948.413125
2023-02-14 13:00:00+01:00,64086.12,66243.2775,6.1,71.08103,4.6800003,13,1,2,0,0,65184.86,67142.41,58888.66010416666
2023-02-14 14:00:00+01:00,62806.0025,64943.5625,6.55,70.15785,5.815978,14,1,2,0,0,63997.707500000004,65718.23,58842.879270833335
2023-02-14 15:00:00+01:00,61545.5975,63976.3525,6.6,70.419525,6.489992,15,1,2,0,0,63044.119999999995,64072.207500000004,58793.22489583333
2023-02-14 16:00:00+01:00,61277.945,63347.17,6.6,70.419525,7.172949,16,1,2,0,0,62153.99,63385.9675,58730.786458333336
2023-02-14 17:00:00+01:00,63558.395,64750.6175,5.1,79.80948,5.0911684,17,1,2,0,0,64135.9325,65757.9125,58694.28458333333
2023-02-14 18:00:00+01:00,66294.80249999999,66712.2325,3.45,87.3719,6.8777895,18,1,2,0,0,66650.92,67839.385,58670.22052083333
2023-02-14 19:00:00+01:00,65293.685,66004.55,2.7,89.84766,7.653705,19,1,2,0,0,65175.24,66504.3625,58655.38229166667
2023-02-14 20:00:00+01:00,61830.0275,62833.7275,2.2,90.78427,7.928177,20,1,2,0,0,61235.3825,63224.535,58660.317500000005
2023-02-14 21:00:00+01:00,58156.425,59386.805,1.4,92.384026,7.42159,21,1,2,0,0,57685.395000000004,59829.07,58685.09437500001
2023-02-14 22:00:00+01:00,55019.020000000004,56582.875,0.5,93.68422,7.145796,22,1,2,0,0,54865.12,57247.01,58704.720624999994
2023-02-14 23:00:00+01:00,51686.807499999995,53475.9475,0.0,94.34549,7.2,23,1,2,0,0,51478.49,53906.925,58711.13312499999
2023-02-15 00:00:00+01:00,48674.85,51194.2125,-0.6,95.01242,7.145796,0,2,2,0,0,48271.5925,51224.76,58719.81302083333
2023-02-15 01:00:00+01:00,47319.845,49420.8625,-0.9,95.349976,7.145796,1,2,2,0,0,46869.3525,49529.43,58736.61541666666
2023-02-15 02:00:00+01:00,46723.245,48783.295,-1.75,96.0253,7.10031,2,2,2,0,0,46233.947499999995,48723.3975,58755.38593750001
2023-02-15 03:00:00+01:00,47027.7525,49165.975,-2.0,96.37337,6.792466,3,2,2,0,0,46870.985,48888.9025,58775.77333333334
2023-02-15 04:00:00+01:00,48417.9475,50474.66,-2.1,97.08683,6.792466,4,2,2,0,0,48239.24,50195.625,58782.30531249999
2023-02-15 05:00:00+01:00,51709.2375,53446.9,-2.2,97.4447,6.792466,5,2,2,0,0,50978.7325,53409.04,58789.75145833333
2023-02-15 06:00:00+01:00,58782.0075,59757.575,-2.35,97.44156,6.638072,6,2,2,0,0,58070.07,60349.475,58820.18916666667
2023-02-15 07:00:00+01:00,63980.925,64193.8125,-2.35,97.80345,7.386582,7,2,2,0,0,63403.015,65682.8125,58849.85322916667
2023-02-15 08:00:00+01:00,66470.8825,66320.28,-1.85,98.17407,9.178235,8,2,2,0,0,65634.5375,68118.1,58873.93281250001
2023-02-15 09:00:00+01:00,66693.225,66812.3675,-0.1,93.996895,10.365251,9,2,2,0,0,65709.345,68632.465,58908.78052083333
2023-02-15 10:00:00+01:00,66873.6525,67367.48999999999,1.8,88.48603,8.311245,10,2,2,0,0,66154.8475,68940.2025,58949.77552083333
2023-02-15 11:00:00+01:00,66830.0475,67864.3575,3.7,83.419136,8.759178,11,2,2,0,0,66263.9975,69120.23999999999,58979.725729166676
2023-02-15 12:00:00+01:00,65904.85,67235.8625,5.55,77.63064,9.3876505,12,2,2,0,0,65021.0225,68321.6225,59003.31114583334
2023-02-15 13:00:00+01:00,64586.0875,66245.355,6.3,78.85964,8.28,13,2,2,0,0,64086.12,67641.425,59040.13729166667
2023-02-15 14:00:00+01:00,63027.6125,64744.7175,7.3,75.741455,6.924738,14,2,2,0,0,62806.0025,65650.0475,59060.96927083333
2023-02-15 15:00:00+01:00,62039.585,63634.207500000004,7.75,74.757706,6.87779,15,2,2,0,0,61545.5975,64235.4375,59070.20302083334
2023-02-15 16:00:00+01:00,61756.89,63144.345,6.9,82.931,4.829907,16,2,2,0,0,61277.945,63919.7275,59090.78583333333
2023-02-15 17:00:00+01:00,63970.027500000004,64331.042499999996,3.65,88.33264,10.495713,17,2,2,0,0,63558.395,66850.5625,59110.74187500001
2023-02-15 18:00:00+01:00,66439.945,66404.285,1.8,90.75549,12.096214,18,2,2,0,0,66294.80249999999,69652.77,59127.893229166664
2023-02-15 19:00:00+01:00,65504.7675,65854.7975,0.9,93.36506,11.384198,19,2,2,0,0,65293.685,69492.0325,59133.940833333334
2023-02-15 20:00:00+01:00,62197.48,62707.7425,-0.25,96.42457,11.753876,20,2,2,0,0,61830.0275,65875.045,59142.7359375
2023-02-15 21:00:00+01:00,59023.29,59451.67,0.0,96.4318,9.028754,21,2,2,0,0,58156.425,62286.4375,59158.04645833333
2023-02-15 22:00:00+01:00,56432.4975,56653.99,0.15,94.696785,8.161764,22,2,2,0,0,55019.020000000004,59103.135,59194.16583333334
2023-02-15 23:00:00+01:00,53226.682499999995,53292.3525,-0.15,94.33869,8.209263,23,2,2,0,0,51686.807499999995,55255.21,59253.06072916667
2023-02-16 00:00:00+01:00,50227.5325,50681.667499999996,-0.55,95.01443,8.209263,0,3,2,0,0,48674.85,54320.25,59317.2221875
2023-02-16 01:00:00+01:00,48506.6,49044.197499999995,-0.1,94.34096,7.7043357,1,3,2,0,0,47319.845,52977.557499999995,59381.91729166667
2023-02-16 02:00:00+01:00,47943.68,48336.6425,-0.9,95.00035,7.9932966,2,3,2,0,0,46723.245,52024.2425,59431.36541666667
2023-02-16 03:00:00+01:00,48029.865000000005,48702.125,-0.95,94.99834,7.9036193,3,3,2,0,0,47027.7525,51974.1525,59482.216875000006
2023-02-16 04:00:00+01:00,49415.9025,49970.5475,-1.1,94.295364,8.287822,4,3,2,0,0,48417.9475,52898.8275,59523.9715625
2023-02-16 05:00:00+01:00,52816.5725,52974.59,-0.8,92.59062,9.220499,5,3,2,0,0,51709.2375,55931.7275,59565.553020833344
2023-02-16 06:00:00+01:00,59515.08,59413.8275,-0.55,91.2532,9.504273,6,3,2,0,0,58782.0075,62927.7175,59611.69197916667
2023-02-16 07:00:00+01:00,64821.4675,64377.825,-0.75,90.56888,8.891343,7,3,2,0,0,63980.925,68443.09,59642.236666666664
2023-02-16 08:00:00+01:00,66693.13249999999,66673.1925,-0.05,90.288795,9.693296,8,3,2,0,0,66470.8825,70070.7825,59677.25927083333
2023-02-16 09:00:00+01:00,67060.02249999999,67345.3275,2.0,84.4279,12.819235,9,3,2,0,0,66693.225,70480.3,59686.519687500004
2023-02-16 10:00:00+01:00,67067.8425,68029.345,4.3,75.497925,11.4862,10,3,2,0,0,66873.6525,71002.94,59701.80291666667
2023-02-16 11:00:00+01:00,66747.58499999999,68357.955,6.35,68.1306,11.183201,11,3,2,0,0,66830.0475,70911.5925,59709.894166666665
2023-02-16 12:00:00+01:00,66262.83,67519.515,7.95,61.284725,12.7279215,12,3,2,0,0,65904.85,70079.125,59706.45822916667
2023-02-16 13:00:00+01:00,65742.4525,66636.5425,8.65,67.64977,12.496718,13,3,2,0,0,64586.0875,68577.14,59721.3740625
2023-02-16 14:00:00+01:00,64164.16,65151.005,9.75,63.4907,12.904882,14,3,2,0,0,63027.6125,66321.255,59769.5559375
2023-02-16 15:00:00+01:00,63112.235,64216.11,10.1,63.124893,11.298495,15,3,2,0,0,62039.585,65019.4075,59816.91208333333
2023-02-16 16:00:00+01:00,63168.27,63605.5625,9.25,66.82833,11.435313,16,3,2,0,0,61756.89,65082.775,59861.605833333335
2023-02-16 17:00:00+01:00,65161.6875,64817.405,8.35,66.870186,11.27553,17,3,2,0,0,63970.027500000004,67726.285,59920.41333333333
2023-02-16 18:00:00+01:00,67226.39,66680.9425,5.8,78.78381,7.928177,18,3,2,0,0,66439.945,70074.185,59970.065833333334
2023-02-16 19:00:00+01:00,66189.13,65798.105,5.4,83.0361,8.942214,19,3,2,0,0,65504.7675,68771.08249999999,60002.834375
2023-02-16 20:00:00+01:00,62968.3675,62448.05,6.45,81.14228,11.480557,20,3,2,0,0,62197.48,65663.3175,60031.34947916667
2023-02-16 21:00:00+01:00,59377.994999999995,59173.555,6.5,80.29527,12.979984,21,3,2,0,0,59023.29,61868.36,60063.46979166666
2023-02-16 22:00:00+01:00,56455.1875,56144.3275,6.5,80.86362,13.979872,22,3,2,0,0,56432.4975,58783.845,60078.24916666667
2023-02-16 23:00:00+01:00,52578.955,52563.685,6.45,82.293594,13.896187,23,3,2,0,0,53226.682499999995,55465.604999999996,60079.19458333334
2023-02-17 00:00:00+01:00,49168.19,50917.6275,6.4,83.16037,13.513193,0,4,2,0,0,50227.5325,53525.96,60052.205937499995
2023-02-17 01:00:00+01:00,47126.35,48991.125,5.95,87.301926,14.255272,1,4,2,0,0,48506.6,51437.787500000006,60008.06666666666
2023-02-17 02:00:00+01:00,46200.5925,48127.537500000006,6.1,86.70602,16.199999,2,4,2,0,0,47943.68,50763.855,59950.556249999994
2023-02-17 03:00:00+01:00,46477.955,48411.895000000004,6.1,88.238716,16.199999,3,4,2,0,0,48029.865000000005,51042.315,59877.92760416667
2023-02-17 04:00:00+01:00,48225.3525,49788.057499999995,6.1,90.74092,16.563911,4,4,2,0,0,49415.9025,52704.215,59813.2646875
2023-02-17 05:00:00+01:00,51479.305,52845.1475,6.3,90.7551,16.323528,5,4,2,0,0,52816.5725,54748.5025,59763.65843749999
2023-02-17 06:00:00+01:00,58002.5325,59392.2,6.5,91.40266,16.595179,6,4,2,0,0,59515.08,61329.5125,59707.93895833333
2023-02-17 07:00:00+01:00,63358.055,64488.8075,6.8,91.73991,16.78156,7,4,2,0,0,64821.4675,66881.0,59644.91614583333
2023-02-17 08:00:00+01:00,66761.195,67172.265,7.2,91.76524,17.786331,8,4,2,0,0,66693.13249999999,69726.3075,59583.940624999996
2023-02-17 09:00:00+01:00,67502.2575,68147.0125,7.75,91.17031,20.972897,9,4,2,0,0,67060.02249999999,70180.3925,59586.776562499996
2023-02-17 10:00:00+01:00,68658.495,68858.495,8.25,91.20391,22.322903,10,4,2,0,0,67067.8425,70545.8425,59605.20302083334
2023-02-17 11:00:00+01:00,69785.3875,69484.3825,8.8,90.61963,22.961115,11,4,2,0,0,66747.58499999999,69775.5025,59671.48020833333
2023-02-17 12:00:00+01:00,68910.6,69124.075,9.1,90.02496,25.02971,12,4,2,0,0,66262.83,68646.29,59798.05531249999
2023-02-17 13:00:00+01:00,67987.6225,67984.41500000001,10.15,86.8057,26.785547,13,4,2,0,0,65742.4525,67087.1275,59908.3790625
2023-02-17 14:00:00+01:00,66158.5625,66189.48999999999,10.8,85.99196,27.86921,14,4,2,0,0,64164.16,65163.9525,60001.927812500006
2023-02-17 15:00:00+01:00,65145.8825,65137.442500000005,11.95,83.82673,29.834423,15,4,2,0,0,63112.235,63908.09,60085.02791666667
2023-02-17 16:00:00+01:00,64731.8025,64055.3975,11.75,85.22556,30.926489,16,4,2,0,0,63168.27,63746.5725,60169.76322916666
2023-02-17 17:00:00+01:00,66059.705,65175.3425,11.65,84.64302,33.353954,17,4,2,0,0,65161.6875,66334.5425,60234.91041666666
2023-02-17 18:00:00+01:00,67754.27,66984.6575,11.4,85.18789,37.254345,18,4,2,0,0,67226.39,67941.785,60272.3278125
2023-02-17 19:00:00+01:00,65200.012500000004,65840.8875,10.8,80.34341,36.758804,19,4,2,0,0,66189.13,66326.9425,60294.3228125
2023-02-17 20:00:00+01:00,61159.155,62229.5025,9.55,79.617325,30.49818,20,4,2,0,0,62968.3675,62567.47,60253.10958333333
2023-02-17 21:00:00+01:00,57725.01,58856.5625,8.45,77.5433,29.339449,21,4,2,0,0,59377.994999999995,59724.26,60177.72572916667
2023-02-17 22:00:00+01:00,54662.61,55693.0925,7.25,76.26947,27.381308,22,4,2,0,0,56455.1875,57308.1925,60108.85135416666
2023-02-17 23:00:00+01:00,51195.47,52533.2675,6.45,75.06114,29.179993,23,4,2,0,0,52578.955,54275.924999999996,60034.160625
2023-02-18 00:00:00+01:00,48374.4025,50350.9025,5.85,74.68892,26.649727,0,5,2,1,0,49168.19,51472.4775,59976.51541666667
2023-02-18 01:00:00+01:00,46628.2625,48307.8625,5.65,75.19,26.009842,1,5,2,1,0,47126.35,49704.130000000005,59943.4409375
2023-02-18 02:00:00+01:00,45303.2875,47441.6475,5.75,73.60909,27.153164,2,5,2,1,0,46200.5925,48887.53,59922.68729166667
2023-02-18 03:00:00+01:00,44289.19,46947.375,5.65,73.855225,27.908709,3,5,2,1,0,46477.955,48466.4025,59885.29958333333
2023-02-18 04:00:00+01:00,44201.4375,46869.535,5.5,74.3598,27.117346,4,5,2,1,0,48225.3525,48510.697499999995,59794.10104166666
2023-02-18 05:00:00+01:00,44852.905,47128.14,5.45,73.81887,25.582806,5,5,2,1,0,51479.305,47918.5475,59626.43791666667
2023-02-18 06:00:00+01:00,46100.8875,48150.425,4.95,76.42966,23.78453,6,5,2,1,0,58002.5325,48850.552500000005,59350.337916666664
2023-02-18 07:00:00+01:00,48732.3,50663.02,4.95,76.70462,21.2522,7,5,2,1,0,63358.055,51583.9625,58854.43604166667
2023-02-18 08:00:00+01:00,52437.1175,54120.165,5.5,74.3598,20.275383,8,5,2,1,0,66761.195,55006.7575,58245.02958333333
2023-02-18 09:00:00+01:00,55916.822499999995,56880.57,6.25,73.17579,16.700275,9,5,2,1,0,67502.2575,57198.6375,57648.193020833336
2023-02-18 10:00:00+01:00,57366.5125,58438.59,6.4,77.76547,13.661038,10,5,2,1,0,68658.495,59017.3975,57165.4665625
2023-02-18 11:00:00+01:00,58527.425,59096.735,6.15,88.55247,11.246759,11,5,2,1,0,69785.3875,60560.1525,56694.96729166667
2023-02-18 12:00:00+01:00,58002.8375,58327.7075,6.3,91.70808,10.739832,12,5,2,1,0,68910.6,59794.7825,56225.88552083334
2023-02-18 13:00:00+01:00,56360.5075,56463.6775,6.1,94.6119,9.885262,13,5,2,1,0,67987.6225,58199.64,55771.395416666666
2023-02-18 14:00:00+01:00,54561.2975,54892.455,8.9,90.31786,28.664682,14,5,2,1,0,66158.5625,56899.5275,55286.932291666664
2023-02-18 15:00:00+01:00,53896.4225,54170.97749999999,9.9,87.6715,36.35109,15,5,2,1,0,65145.8825,55773.637500000004,54803.712916666664
2023-02-18 16:00:00+01:00,54087.315,54004.3125,9.75,90.073715,34.936695,16,5,2,1,0,64731.8025,55772.79,54334.98541666667
2023-02-18 17:00:00+01:00,56787.455,55355.79,9.35,87.621,34.268143,17,5,2,1,0,66059.705,58488.9075,53891.46510416667
2023-02-18 18:00:00+01:00,59065.942500000005,57410.9225,8.15,93.73113,21.407139,18,5,2,1,0,67754.27,60572.6475,53505.12135416667
2023-02-18 19:00:00+01:00,57102.125,56141.5225,6.15,89.799225,15.379206,19,5,2,1,0,65200.012500000004,57927.8225,53143.10770833333
2023-02-18 20:00:00+01:00,53389.9025,53138.8425,5.95,88.84579,14.654254,20,5,2,1,0,61159.155,54079.57,52805.69572916667
2023-02-18 21:00:00+01:00,50506.3325,50810.979999999996,5.65,89.445946,13.202726,21,5,2,1,0,57725.01,51372.4075,52481.976875
2023-02-18 22:00:00+01:00,48790.1775,49040.35,5.45,90.06027,12.55879,22,5,2,1,0,54662.61,49612.2575,52181.198645833334
2023-02-18 23:00:00+01:00,45459.56,46343.2325,5.1,90.669556,10.315115,23,5,2,1,0,51195.47,46664.880000000005,51936.51395833333
2023-02-19 00:00:00+01:00,42536.7525,43400.2225,4.75,91.28596,8.707237,0,6,2,1,0,48374.4025,44169.487499999996,51697.51770833333
2023-02-19 01:00:00+01:00,40202.22,41733.707500000004,4.9,94.229904,6.849467,1,6,2,1,0,46628.2625,42292.865,51454.28229166667
2023-02-19 02:00:00+01:00,39565.3625,41128.619999999995,4.85,95.22436,10.1376915,2,6,2,1,0,45303.2875,41235.6375,51186.53052083333
2023-02-19 03:00:00+01:00,39780.0775,41193.095,4.7,96.22589,9.107359,3,6,2,1,0,44289.19,40708.93,50947.450312500005
2023-02-19 04:00:00+01:00,40052.545,41530.845,4.3,95.876076,8.913181,4,6,2,1,0,44201.4375,40738.72,50759.570625
2023-02-19 05:00:00+01:00,40307.0875,41839.265,4.05,94.19126,12.904882,5,6,2,1,0,44852.905,40941.6325,50586.70010416667
2023-02-19 06:00:00+01:00,40978.165,42012.605,3.5,90.87689,13.608762,6,6,2,1,0,46100.8875,41114.8225,50397.29104166667
2023-02-19 07:00:00+01:00,42641.03,43782.915,3.15,90.85208,12.475961,7,6,2,1,0,48732.3,42931.57,50183.84427083333
2023-02-19 08:00:00+01:00,45933.53,46714.9,3.1,87.96737,12.10157,8,6,2,1,0,52437.1175,46230.3125,49930.04135416667
2023-02-19 09:00:00+01:00,49223.8375,49824.4725,3.4,87.36709,13.854155,9,6,2,1,0,55916.822499999995,49654.229999999996,49659.05854166666
2023-02-19 10:00:00+01:00,51850.62,52276.0225,4.4,80.281075,22.545315,10,6,2,1,0,57366.5125,52157.682499999995,49380.184166666666
2023-02-19 11:00:00+01:00,53700.2675,54530.305,5.35,70.67724,23.686249,11,6,2,1,0,58527.425,54136.91,49150.355312499996
2023-02-19 12:00:00+01:00,52946.39,54506.5225,5.95,60.795654,23.1774,12,6,2,1,0,58002.8375,54180.6775,48949.22375
2023-02-19 13:00:00+01:00,51252.8425,52892.034999999996,6.5,59.83064,22.493519,13,6,2,1,0,56360.5075,52461.055,48738.53843750001
2023-02-19 14:00:00+01:00,49871.36,51305.9775,6.85,55.49257,23.838959,14,6,2,1,0,54561.2975,50883.33,48525.71906249999
2023-02-19 15:00:00+01:00,49349.09,50673.8525,6.75,53.46176,22.725668,15,6,2,1,0,53896.4225,50091.2575,48330.305
2023-02-19 16:00:00+01:00,49124.1875,50910.7675,6.1,53.08669,18.161278,16,6,2,1,0,54087.315,50653.8825,48140.832812500004
2023-02-19 17:00:00+01:00,51685.3525,52876.55,4.65,59.145123,12.979984,17,6,2,1,0,56787.455,53198.4125,47934.035833333335
2023-02-19 18:00:00+01:00,55188.3625,55795.955,2.3,68.517944,8.699793,18,6,2,1,0,59065.942500000005,56251.557499999995,47721.44822916666
2023-02-19 19:00:00+01:00,54053.5525,55190.795,1.0,76.03844,7.9526596,19,6,2,1,0,57102.125,55036.9825,47559.88239583333
2023-02-19 20:00:00+01:00,51876.92,53272.32,0.85,77.72336,8.350138,20,6,2,1,0,53389.9025,52360.0225,47432.85854166667
2023-02-19 21:00:00+01:00,50440.115000000005,51692.3,1.3,77.50931,10.365251,21,6,2,1,0,50506.3325,50737.55,47369.81760416667
2023-02-19 22:00:00+01:00,49796.225,50805.055,2.3,75.42517,12.864649,22,6,2,1,0,48790.1775,50052.59,47367.058541666665
2023-02-19 23:00:00+01:00,46747.31,48567.8225,2.55,74.369156,14.799459,23,6,2,1,0,45459.56,47458.42,47408.97718749999
2023-02-20 00:00:00+01:00,44994.67,47072.75,1.85,79.61815,14.587776,0,0,2,0,0,42536.7525,45495.4475,47462.63343749999
2023-02-20 01:00:00+01:00,43357.7325,45636.2725,2.25,83.846146,14.799459,1,0,2,0,0,40202.22,44017.505000000005,47565.04666666666
2023-02-20 02:00:00+01:00,43395.707500000004,45361.81,2.0,88.18415,15.256526,2,0,2,0,0,39565.3625,43502.145000000004,47696.52635416667
2023-02-20 03:00:00+01:00,44272.65,45894.4875,2.7,86.6726,16.78156,3,0,2,0,0,39780.0775,44123.7675,47856.1240625
2023-02-20 04:00:00+01:00,46139.9875,47646.7625,3.9,83.743454,19.255793,4,0,2,0,0,40052.545,45774.04,48043.31458333333
2023-02-20 05:00:00+01:00,49673.435,51052.7625,4.65,82.64664,20.140705,5,0,2,0,0,40307.0875,49347.15,48296.95802083333
2023-02-20 06:00:00+01:00,56181.025,58032.53,5.15,78.96634,22.077717,6,0,2,0,0,40978.165,57440.985,48687.2225
2023-02-20 07:00:00+01:00,60600.520000000004,63325.475,5.35,79.84594,23.068108,7,0,2,0,0,42641.03,63274.07,49320.674999999996
2023-02-20 08:00:00+01:00,63275.6575,66068.805,5.7,81.90565,24.312662,8,0,2,0,0,45933.53,66073.5425,50068.98708333333
2023-02-20 09:00:00+01:00,64269.5275,67157.1275,6.75,77.82066,26.944744,9,0,2,0,0,49223.8375,66387.9025,50791.575729166674
2023-02-20 10:00:00+01:00,65515.135,68118.45749999999,7.75,71.91036,29.834423,10,0,2,0,0,51850.62,66661.64749999999,51418.47947916667
2023-02-20 11:00:00+01:00,66621.3,68910.72750000001,8.75,68.39208,27.086262,11,0,2,0,0,53700.2675,67208.47,51987.834270833344
2023-02-20 12:00:00+01:00,66137.02249999999,68579.425,9.5,64.793236,39.919437,12,0,2,0,0,52946.39,66455.095,52526.210625
2023-02-20 13:00:00+01:00,64610.1075,67772.8675,9.45,70.98169,28.930204,13,0,2,0,0,51252.8425,65184.86,53075.8203125
2023-02-20 14:00:00+01:00,63292.692500000005,66425.05500000001,9.15,77.384575,33.190357,14,0,2,0,0,49871.36,63997.707500000004,53632.373020833336
2023-02-20 15:00:00+01:00,61546.42,65389.6325,9.15,77.65351,36.93291,15,0,2,0,0,49349.09,63044.119999999995,54191.59520833333
2023-02-20 16:00:00+01:00,61045.3375,64587.2225,9.0,78.71498,35.705395,16,0,2,0,0,49124.1875,62153.99,54699.817291666666
2023-02-20 17:00:00+01:00,63290.8475,65376.8125,8.7,80.04744,32.789658,17,0,2,0,0,51685.3525,64135.9325,55196.53187499999
2023-02-20 18:00:00+01:00,65415.3725,67350.86750000001,8.6,80.590546,32.789658,18,0,2,0,0,55188.3625,66650.92,55680.09416666667
2023-02-20 19:00:00+01:00,64177.8125,66779.3875,8.55,81.14457,32.37999,19,0,2,0,0,54053.5525,65175.24,56106.21958333333
2023-02-20 20:00:00+01:00,60695.5025,63604.1225,8.45,81.695786,32.24161,20,0,2,0,0,51876.92,61235.3825,56528.06375
2023-02-20 21:00:00+01:00,57200.54,60421.7825,8.35,83.39895,31.093666,21,0,2,0,0,50440.115000000005,57685.395000000004,56895.50468749999
2023-02-20 22:00:00+01:00,54543.84,57559.775,8.35,85.44162,29.301878,22,0,2,0,0,49796.225,54865.12,57177.189062499994
2023-02-20 23:00:00+01:00,51539.545,54427.5075,8.3,86.02813,30.599998,23,0,2,0,0,46747.31,51478.49,57375.00635416667
2023-02-21 00:00:00+01:00,48973.5875,50689.08,8.25,87.519066,29.17777,0,1,2,0,0,44994.67,48271.5925,57574.682812499996
2023-02-21 01:00:00+01:00,47420.065,49250.64,8.3,87.82558,29.070974,1,1,2,0,0,43357.7325,46869.3525,57740.47104166667
2023-02-21 02:00:00+01:00,46679.3925,48955.95,8.2,90.88823,28.71437,2,1,2,0,0,43395.707500000004,46233.947499999995,57909.73489583333
2023-02-21 03:00:00+01:00,47038.77,49410.795,8.45,90.594696,30.018473,3,1,2,0,0,44272.65,46870.985,58046.55510416667
2023-02-21 04:00:00+01:00,48928.5875,50879.225,8.5,92.476715,29.195534,4,1,2,0,0,46139.9875,48239.24,58161.81010416666
2023-02-21 05:00:00+01:00,51972.5025,53923.93,8.6,92.167274,29.16889,5,1,2,0,0,49673.435,50978.7325,58278.00177083333
2023-02-21 06:00:00+01:00,58869.96,60280.869999999995,8.8,91.240654,28.162956,6,1,2,0,0,56181.025,58070.07,58373.79624999999
2023-02-21 07:00:00+01:00,63019.347499999996,64316.7475,8.75,91.549355,26.478973,7,1,2,0,0,60600.520000000004,63403.015,58485.83520833333
2023-02-21 08:00:00+01:00,65130.48,66265.32,8.7,92.48823,22.61419,8,1,2,0,0,63275.6575,65634.5375,58586.6196875
2023-02-21 09:00:00+01:00,66055.5425,66748.2225,8.85,91.55578,22.66857,9,1,2,0,0,64269.5275,65709.345,58663.903958333336
2023-02-21 10:00:00+01:00,66411.7525,67515.84,9.35,84.964355,26.183659,10,1,2,0,0,65515.135,66154.8475,58738.32125
2023-02-21 11:00:00+01:00,66610.3425,68350.6275,10.0,77.78633,30.158459,11,1,2,0,0,66621.3,66263.9975,58775.68031249999
2023-02-21 12:00:00+01:00,66030.1725,67833.2,10.5,73.184006,28.512817,12,1,2,0,0,66137.02249999999,65021.0225,58775.223750000005
2023-02-21 13:00:00+01:00,64503.695,66866.9975,11.1,65.8363,26.302181,13,1,2,0,0,64610.1075,64086.12,58770.77166666667
2023-02-21 14:00:00+01:00,63093.85,65171.5925,10.95,63.100445,25.140787,14,1,2,0,0,63292.692500000005,62806.0025,58766.337812499994
2023-02-21 15:00:00+01:00,61667.5525,63994.6825,10.65,61.065968,24.696104,15,1,2,0,0,61546.42,61545.5975,58758.052708333336
2023-02-21 16:00:00+01:00,60786.2525,63242.14,9.95,66.7446,16.299694,16,1,2,0,0,61045.3375,61277.945,58763.09989583333
2023-02-21 17:00:00+01:00,62238.1175,63946.7,9.1,71.914314,12.096214,17,1,2,0,0,63290.8475,63558.395,58752.3046875
2023-02-21 18:00:00+01:00,64610.515,65691.3275,7.9,77.45615,7.386582,18,1,2,0,0,65415.3725,66294.80249999999,58708.4409375
2023-02-21 19:00:00+01:00,63465.0775,65138.1375,6.4,85.22989,7.127636,19,1,2,0,0,64177.8125,65293.685,58674.90520833334
2023-02-21 20:00:00+01:00,59682.345,62127.7725,6.65,84.36635,5.6002855,20,1,2,0,0,60695.5025,61830.0275,58645.207916666666
2023-02-21 21:00:00+01:00,56044.8925,58949.7,6.1,87.31625,6.696387,21,1,2,0,0,57200.54,58156.425,58602.99302083333
2023-02-21 22:00:00+01:00,53066.1875,56058.0975,5.4,88.487144,6.4096174,22,1,2,0,0,54543.84,55019.020000000004,58554.84104166667
2023-02-21 23:00:00+01:00,49275.557499999995,52827.1075,5.7,90.71246,5.95906,23,1,2,0,0,51539.545,51686.807499999995,58493.2721875
2023-02-22 00:00:00+01:00,46557.707500000004,50682.775,5.85,91.04088,5.2416787,0,2,2,0,0,48973.5875,48674.85,58398.93937500001
2023-02-22 01:00:00+01:00,45098.1875,49056.582500000004,6.0,82.52622,2.9024127,1,2,2,0,0,47420.065,47319.845,58298.277708333335
2023-02-22 02:00:00+01:00,44272.465000000004,48172.53,4.75,91.931564,6.439876,2,2,2,0,0,46679.3925,46723.245,58201.5328125
2023-02-22 03:00:00+01:00,44833.3625,48525.8575,4.6,92.899254,7.2359104,3,2,2,0,0,47038.77,47027.7525,58101.244166666664
2023-02-22 04:00:00+01:00,46527.884999999995,49881.2775,4.2,93.86629,7.8625183,4,2,2,0,0,48928.5875,48417.9475,58009.35218749999
2023-02-22 05:00:00+01:00,49900.1875,52651.565,3.85,95.186485,7.5942082,5,2,2,0,0,51972.5025,51709.2375,57909.322916666664
2023-02-22 06:00:00+01:00,57007.155,58949.207500000004,3.8,96.198814,6.9153743,6,2,2,0,0,58869.96,58782.0075,57822.97645833334
2023-02-22 07:00:00+01:00,62103.6475,63769.5,3.95,96.20335,6.638072,7,2,2,0,0,63019.347499999996,63980.925,57745.35958333334
2023-02-22 08:00:00+01:00,64072.45,66342.5075,5.1,91.63096,7.386582,8,2,2,0,0,65130.48,66470.8825,57707.205416666664
2023-02-22 09:00:00+01:00,64582.16,67105.655,6.45,88.2698,8.587338,9,2,2,0,0,66055.5425,66693.225,57663.12083333333
2023-02-22 10:00:00+01:00,65269.5875,68226.7425,7.4,84.15892,7.42159,10,2,2,0,0,66411.7525,66873.6525,57601.729895833334
2023-02-22 11:00:00+01:00,65566.365,69143.405,8.4,75.66171,10.195057,11,2,2,0,0,66610.3425,66830.0475,57554.1396875
2023-02-22 12:00:00+01:00,64773.3475,68538.235,8.95,71.38342,12.599998,12,2,2,0,0,66030.1725,65904.85,57510.640625
2023-02-22 13:00:00+01:00,63374.115,67188.65,9.65,71.0206,13.104198,13,2,2,0,0,64503.695,64586.0875,57458.27291666667
2023-02-22 14:00:00+01:00,61947.57,65495.8775,9.8,70.55576,11.983188,14,2,2,0,0,63093.85,63027.6125,57411.207083333335
2023-02-22 15:00:00+01:00,61270.395000000004,64707.845,9.9,68.871284,11.988594,15,2,2,0,0,61667.5525,62039.585,57363.44541666666
2023-02-22 16:00:00+01:00,61200.537500000006,64026.4675,9.55,69.77034,13.608762,16,2,2,0,0,60786.2525,61756.89,57346.8971875
2023-02-22 17:00:00+01:00,63189.32,64770.49,8.75,72.863045,13.684735,17,2,2,0,0,62238.1175,63970.027500000004,57364.1590625
2023-02-22 18:00:00+01:00,66360.655,66606.03,7.85,74.775185,14.182355,18,2,2,0,0,64610.515,66439.945,57403.7925
2023-02-22 19:00:00+01:00,65021.615000000005,65877.98,7.4,75.22572,14.658676,19,2,2,0,0,63465.0775,65504.7675,57476.715
2023-02-22 20:00:00+01:00,61310.615,63100.74,7.25,73.10036,16.263872,20,2,2,0,0,59682.345,62197.48,57541.57072916667
2023-02-22 21:00:00+01:00,57634.2025,60012.3375,6.9,72.77633,16.58346,21,2,2,0,0,56044.8925,59023.29,57609.4153125
2023-02-22 22:00:00+01:00,54517.770000000004,57273.6825,6.15,75.27672,16.645864,22,2,2,0,0,53066.1875,56432.4975,57675.6365625
2023-02-22 23:00:00+01:00,51086.5325,54024.3375,5.6,76.537834,16.45007,23,2,2,0,0,49275.557499999995,53226.682499999995,57736.11916666667
2023-02-23 00:00:00+01:00,47709.11,50574.1075,4.95,78.93606,16.1198,0,3,2,0,0,46557.707500000004,50227.5325,57811.57645833333
2023-02-23 01:00:00+01:00,46016.485,48725.46,4.7,81.19051,17.533146,1,3,2,0,0,45098.1875,48506.6,57859.55156249999
2023-02-23 02:00:00+01:00,45172.61,48222.57,4.45,82.03229,16.92383,2,3,2,0,0,44272.465000000004,47943.68,57897.81395833333
2023-02-23 03:00:00+01:00,45417.2225,48564.5575,4.05,83.7616,15.807239,3,3,2,0,0,44833.3625,48029.865000000005,57935.32000000001
2023-02-23 04:00:00+01:00,46357.192500000005,50019.4375,3.7,85.54006,14.8257065,4,3,2,0,0,46527.884999999995,49415.9025,57959.6475
2023-02-23 05:00:00+01:00,49825.8775,53038.9275,3.6,86.1443,14.081477,5,3,2,0,0,49900.1875,52816.5725,57952.5353125
2023-02-23 06:00:00+01:00,56658.0025,59143.1975,3.4,87.9949,12.599998,6,3,2,0,0,57007.155,59515.08,57949.4390625
2023-02-23 07:00:00+01:00,61853.33,63472.2125,3.15,90.20493,11.212135,7,3,2,0,0,62103.6475,64821.4675,57934.89104166667
2023-02-23 08:00:00+01:00,64250.4875,65424.162500000006,4.15,87.12812,12.218805,8,3,2,0,0,64072.45,66693.13249999999,57924.46114583334
2023-02-23 09:00:00+01:00,64903.145000000004,65721.2075,5.25,86.01084,11.480557,9,3,2,0,0,64582.16,67060.02249999999,57931.879375
2023-02-23 10:00:00+01:00,65669.11,66504.5325,6.6,84.65674,9.021574,10,3,2,0,0,65269.5875,67067.8425,57945.253749999996
2023-02-23 11:00:00+01:00,66597.525,67231.3275,8.4,82.54316,8.287822,11,3,2,0,0,65566.365,66747.58499999999,57961.90052083333
2023-02-23 12:00:00+01:00,65651.49,66489.1,9.65,81.853355,8.0899935,12,3,2,0,0,64773.3475,66262.83,58004.86552083333
2023-02-23 13:00:00+01:00,64862.74,65186.3075,9.6,80.72893,11.043261,13,3,2,0,0,63374.115,65742.4525,58041.45479166667
2023-02-23 14:00:00+01:00,63541.7225,63687.3175,10.65,77.62061,13.32,14,3,2,0,0,61947.57,64164.16,58103.480833333335
2023-02-23 15:00:00+01:00,62806.9275,62856.165,10.4,78.38473,12.7279215,15,3,2,0,0,61270.395000000004,63112.235,58169.903854166674
2023-02-23 16:00:00+01:00,62763.1275,62494.0375,9.95,79.94931,12.682018,16,3,2,0,0,61200.537500000006,63168.27,58233.92604166667
2023-02-23 17:00:00+01:00,64124.35,63568.8925,9.2,85.23973,7.928178,17,3,2,0,0,63189.32,65161.6875,58299.03395833333
2023-02-23 18:00:00+01:00,66032.6275,65627.29250000001,8.4,90.59114,6.9899354,18,3,2,0,0,66360.655,67226.39,58337.99354166668
2023-02-23 19:00:00+01:00,64573.0625,65125.9925,7.95,93.081245,9.6932955,19,3,2,0,0,65021.615000000005,66189.13,58324.325729166674
2023-02-23 20:00:00+01:00,61008.5125,62069.1575,8.0,92.76538,11.901798,20,3,2,0,0,61310.615,62968.3675,58305.63604166667
2023-02-23 21:00:00+01:00,57601.3825,58955.835,7.85,92.75703,13.009903,21,3,2,0,0,57634.2025,59377.994999999995,58293.0484375
2023-02-23 22:00:00+01:00,54776.4975,56098.619999999995,7.4,94.01755,13.1041975,22,3,2,0,0,54517.770000000004,56455.1875,58291.6809375
2023-02-23 23:00:00+01:00,50702.5025,52924.075,6.9,94.319374,13.441071,23,3,2,0,0,51086.5325,52578.955,58302.46125
2023-02-24 00:00:00+01:00,47811.9,50531.0275,6.5,94.30166,12.864649,0,4,2,0,0,47709.11,49168.19,58286.46
2023-02-24 01:00:00+01:00,46282.1225,49166.520000000004,6.15,94.61401,14.77755,1,4,2,0,0,46016.485,47126.35,58290.74291666667
2023-02-24 02:00:00+01:00,45508.265,48665.91,5.55,92.62717,19.386593,2,4,2,0,0,45172.61,46200.5925,58301.81114583334
2023-02-24 03:00:00+01:00,45796.3975,49138.8475,4.05,86.80836,19.486609,3,4,2,0,0,45417.2225,46477.955,58315.79677083332
2023-02-24 04:00:00+01:00,47189.7975,50312.51,3.1,86.40195,16.73516,4,4,2,0,0,46357.192500000005,48225.3525,58331.59572916667
2023-02-24 05:00:00+01:00,50470.5225,53066.05,2.65,86.667534,17.462782,5,4,2,0,0,49825.8775,51479.305,58366.28760416667
2023-02-24 06:00:00+01:00,57529.4775,58961.604999999996,1.55,87.18741,15.725037,6,4,2,0,0,56658.0025,58002.5325,58393.14781249999
2023-02-24 07:00:00+01:00,63160.8075,63303.3825,1.15,87.78603,11.901798,7,4,2,0,0,61853.33,63358.055,58429.45927083333
2023-02-24 08:00:00+01:00,66102.3925,65688.4075,2.0,82.60353,17.208603,8,4,2,0,0,64250.4875,66761.195,58483.9375
2023-02-24 09:00:00+01:00,66992.31,66644.11,2.55,74.9172,20.870687,9,4,2,0,0,64903.145000000004,67502.2575,58561.10020833334
2023-02-24 10:00:00+01:00,67926.9675,67660.9875,2.9,70.18283,24.36591,10,4,2,0,0,65669.11,68658.495,58648.14875
2023-02-24 11:00:00+01:00,67931.5075,68447.215,3.55,65.32344,22.218153,11,4,2,0,0,66597.525,69785.3875,58742.22614583333
2023-02-24 12:00:00+01:00,67311.38,68091.4225,3.95,65.17397,25.6233,12,4,2,0,0,65651.49,68910.6,58797.808750000004
2023-02-24 13:00:00+01:00,66065.405,66793.78,2.95,83.930565,22.728518,13,4,2,0,0,64862.74,67987.6225,58866.97083333333
2023-02-24 14:00:00+01:00,64361.04,64747.915,2.95,83.930565,27.07669,14,4,2,0,0,63541.7225,66158.5625,58917.081875
2023-02-24 15:00:00+01:00,63504.770000000004,63903.145000000004,2.8,87.30923,26.562046,15,4,2,0,0,62806.9275,65145.8825,58951.22010416666
2023-02-24 16:00:00+01:00,62991.975,63316.665,2.45,94.11745,20.018072,16,4,2,0,0,62763.1275,64731.8025,58980.296875
2023-02-24 17:00:00+01:00,63819.9375,63936.5925,2.15,96.14842,19.453327,17,4,2,0,0,64124.35,66059.705,58989.8321875
2023-02-24 18:00:00+01:00,65803.35,65557.32,2.25,94.445984,21.767351,18,4,2,0,0,66032.6275,67754.27,58977.14833333332
2023-02-24 19:00:00+01:00,63629.2825,64701.795,2.5,93.783615,21.897945,19,4,2,0,0,64573.0625,65200.012500000004,58967.59510416666
2023-02-24 20:00:00+01:00,59882.9225,61431.89,2.9,92.80418,20.929594,20,4,2,0,0,61008.5125,61159.155,58928.2709375
2023-02-24 21:00:00+01:00,56706.802500000005,58508.9025,3.2,92.49091,20.730501,21,4,2,0,0,57601.3825,57725.01,58881.37135416667
2023-02-24 22:00:00+01:00,54194.7525,55829.26,3.45,92.50559,20.870687,22,4,2,0,0,54776.4975,54662.61,58844.0971875
2023-02-24 23:00:00+01:00,51204.8775,52639.369999999995,3.7,91.865456,21.749481,23,4,2,0,0,50702.5025,51195.47,58819.8578125
2023-02-25 00:00:00+01:00,48849.0975,52397.335,3.65,91.2114,23.97989,0,5,2,1,0,47811.9,48374.4025,58840.79010416666
2023-02-25 01:00:00+01:00,47301.0475,50398.6775,2.8,89.212845,21.9718,1,5,2,1,0,46282.1225,46628.2625,58884.006666666675
2023-02-25 02:00:00+01:00,47369.052500000005,49347.83,2.65,91.79856,22.392462,2,5,2,1,0,45508.265,45303.2875,58926.461875
2023-02-25 03:00:00+01:00,47659.2575,49039.1575,2.6,92.78721,26.82906,3,5,2,1,0,45796.3975,44289.19,59003.9946875
2023-02-25 04:00:00+01:00,47611.927500000005,49045.6825,2.65,92.4585,26.420174,4,5,2,1,0,47189.7975,44201.4375,59081.613854166666
2023-02-25 05:00:00+01:00,47419.555,49073.2375,2.25,94.445984,24.482647,5,5,2,1,0,50470.5225,44852.905,59099.20260416667
2023-02-25 06:00:00+01:00,48883.5775,49791.015,1.75,96.8286,25.809765,6,5,2,1,0,57529.4775,46100.8875,58972.07895833333
2023-02-25 07:00:00+01:00,51164.6625,51799.18,1.95,93.08458,26.867676,7,5,2,1,0,63160.8075,48732.3,58611.833125000005
2023-02-25 08:00:00+01:00,54683.707500000004,54948.21,1.75,93.07365,25.63847,8,5,2,1,0,66102.3925,52437.1175,58111.993749999994
2023-02-25 09:00:00+01:00,57478.43,57922.8275,1.7,95.10353,19.586119,9,5,2,1,0,66992.31,55916.822499999995,57636.215208333335
2023-02-25 10:00:00+01:00,59359.6325,60017.28,1.75,95.791435,19.107151,10,5,2,1,0,67926.9675,57366.5125,57239.803541666675
2023-02-25 11:00:00+01:00,60066.39,61098.935,1.9,89.460594,19.8,11,5,2,1,0,67931.5075,58527.425,56882.831249999996
2023-02-25 12:00:00+01:00,59960.6025,60448.895,1.7,88.47715,19.969458,12,5,2,1,0,67311.38,58002.8375,56555.11802083333
2023-02-25 13:00:00+01:00,58246.095,58900.51,2.6,74.65169,23.263912,13,5,2,1,0,66065.405,56360.5075,56248.83562500001
2023-02-25 14:00:00+01:00,55830.0775,57300.7475,1.85,75.90389,23.933908,14,5,2,1,0,64361.04,54561.2975,55923.03104166667
2023-02-25 15:00:00+01:00,54437.055,56451.44,2.05,68.71975,23.400002,15,5,2,1,0,63504.770000000004,53896.4225,55567.574270833335
2023-02-25 16:00:00+01:00,54667.72,56353.5175,1.35,73.876205,21.288757,16,5,2,1,0,62991.975,54087.315,55189.752812499995
2023-02-25 17:00:00+01:00,56670.825,57695.23,1.25,72.49743,20.49156,17,5,2,1,0,63819.9375,56787.455,54842.90885416668
2023-02-25 18:00:00+01:00,60266.1075,59502.707500000004,0.45,75.098755,19.483284,18,5,2,1,0,65803.35,59065.942500000005,54545.029166666674
2023-02-25 19:00:00+01:00,58783.4925,58485.765,0.25,76.7632,19.242327,19,5,2,1,0,63629.2825,57102.125,54314.31072916667
2023-02-25 20:00:00+01:00,54928.987499999996,55650.48,0.3,73.95763,18.947083,20,5,2,1,0,59882.9225,53389.9025,54112.4028125
2023-02-25 21:00:00+01:00,52656.775,53441.1425,0.05,74.46749,17.654686,21,5,2,1,0,56706.802500000005,50506.3325,53905.988854166666
2023-02-25 22:00:00+01:00,51587.89,51979.3825,-0.55,77.495224,15.379206,22,5,2,1,0,54194.7525,48790.1775,53737.237708333334
2023-02-25 23:00:00+01:00,49009.195,49567.5075,-0.85,80.104805,15.141414,23,5,2,1,0,51204.8775,45459.56,53628.6184375
2023-02-26 00:00:00+01:00,46399.2225,47568.08,-1.1,79.17121,15.141414,0,6,2,1,0,48849.0975,42536.7525,53537.131666666675
2023-02-26 01:00:00+01:00,44677.3925,45908.01,-0.75,83.78831,16.24394,1,6,2,1,0,47301.0475,40202.22,53435.05354166666
2023-02-26 02:00:00+01:00,43429.67,45287.11,-1.25,84.670105,16.454008,2,6,2,1,0,47369.052500000005,39565.3625,53325.73458333334
2023-02-26 03:00:00+01:00,42979.8375,45449.6175,-1.1,81.58226,16.65754,3,6,2,1,0,47659.2575,39780.0775,53161.59364583334
2023-02-26 04:00:00+01:00,42837.6625,45696.5925,-1.25,81.86776,15.273505,4,6,2,1,0,47611.927500000005,40052.545,52966.61781250001
2023-02-26 05:00:00+01:00,42906.465,45613.6575,-1.9,84.911736,13.979871,5,6,2,1,0,47419.555,40307.0875,52767.690104166664
2023-02-26 06:00:00+01:00,42943.3975,45424.0175,-2.15,84.88276,13.910169,6,6,2,1,0,48883.5775,40978.165,52579.644687500004
2023-02-26 07:00:00+01:00,44729.8125,46481.405,-2.45,86.1356,13.797912,7,6,2,1,0,51164.6625,42641.03,52332.1371875
2023-02-26 08:00:00+01:00,47705.457500000004,49130.1575,-1.75,83.35122,14.973576,8,6,2,1,0,54683.707500000004,45933.53,52064.0184375
2023-02-26 09:00:00+01:00,50388.3775,51773.795,0.05,74.18895,16.93531,9,6,2,1,0,57478.43,49223.8375,51773.25802083334
2023-02-26 10:00:00+01:00,52305.9125,54078.41499999999,1.3,66.53354,21.398056,10,6,2,1,0,59359.6325,51850.62,51477.839166666665
2023-02-26 11:00:00+01:00,54629.55,55802.185,2.2,60.766407,20.06334,11,6,2,1,0,60066.39,53700.2675,51183.93416666667
2023-02-26 12:00:00+01:00,55107.2475,55532.082500000004,2.75,56.69939,19.602652,12,6,2,1,0,59960.6025,52946.39,50957.39916666666
2023-02-26 13:00:00+01:00,52808.2025,54078.4625,2.7,53.14444,18.782204,13,6,2,1,0,58246.095,51252.8425,50755.17604166666
2023-02-26 14:00:00+01:00,51139.805,52521.457500000004,2.85,54.826725,20.532627,14,6,2,1,0,55830.0775,49871.36,50528.5971875
2023-02-26 15:00:00+01:00,50396.9825,51977.1625,2.95,53.012077,18.72346,15,6,2,1,0,54437.055,49349.09,50333.16916666667
2023-02-26 16:00:00+01:00,50331.895,52023.71,2.85,49.844166,17.518356,16,6,2,1,0,54667.72,49124.1875,50164.832812500004
2023-02-26 17:00:00+01:00,52629.7325,53869.1025,2.1,54.206326,13.363711,17,6,2,1,0,56670.825,51685.3525,49984.173437499994
2023-02-26 18:00:00+01:00,56644.0525,56654.795,0.85,63.24619,12.599999,18,6,2,1,0,60266.1075,55188.3625,49815.79458333333
2023-02-26 19:00:00+01:00,56230.275,56277.75,0.35,69.133156,10.853866,19,6,2,1,0,58783.4925,54053.5525,49664.87562500001
2023-02-26 20:00:00+01:00,53589.32,54399.095,-1.75,81.4922,8.759178,20,6,2,1,0,54928.987499999996,51876.92,49558.49156250001
2023-02-26 21:00:00+01:00,51846.24,53066.792499999996,-2.55,85.15679,7.771331,21,6,2,1,0,52656.775,50440.115000000005,49502.67208333334
2023-02-26 22:00:00+01:00,51009.33,52938.3725,-3.15,85.735016,9.47012,22,6,2,1,0,51587.89,49796.225,49468.89979166666
2023-02-26 23:00:00+01:00,48350.2475,50806.89,-1.7,83.35753,4.3349743,23,6,2,1,0,49009.195,46747.31,49444.793125
2023-02-27 00:00:00+01:00,46203.0875,48802.895000000004,-1.35,82.16158,6.439876,0,0,2,0,0,46399.2225,44994.67,49417.33697916666
2023-02-27 01:00:00+01:00,45324.61,47554.042499999996,-1.1,84.37247,7.289445,1,0,2,0,0,44677.3925,43357.7325,49409.16468750001
2023-02-27 02:00:00+01:00,44934.4875,47323.4525,-2.85,90.751015,6.9153743,2,0,2,0,0,43429.67,43395.707500000004,49436.13208333333
2023-02-27 03:00:00+01:00,45029.417499999996,48069.9975,-3.45,91.73835,7.386582,3,0,2,0,0,42979.8375,44272.65,49498.832812500004
2023-02-27 04:00:00+01:00,46120.835,49704.51,-4.05,92.74534,6.1305785,4,0,2,0,0,42837.6625,46139.9875,49584.23197916666
2023-02-27 05:00:00+01:00,49601.0975,52676.04,-3.9,92.75412,5.8603754,5,0,2,0,0,42906.465,49673.435,49721.03083333333
2023-02-27 06:00:00+01:00,56733.97,59088.2175,-3.1,92.800674,6.297428,6,0,2,0,0,42943.3975,56181.025,49999.97385416666
2023-02-27 07:00:00+01:00,61461.0975,63766.6075,-1.95,90.47913,7.10031,7,0,2,0,0,44729.8125,60600.520000000004,50574.58104166667
2023-02-27 08:00:00+01:00,64142.78,66382.69,-1.5,85.91564,7.208994,8,0,2,0,0,47705.457500000004,63275.6575,51271.71791666667
2023-02-27 09:00:00+01:00,64677.76,67541.7225,0.05,82.34822,6.830519,9,0,2,0,0,50388.3775,64269.5275,51956.606354166666
2023-02-27 10:00:00+01:00,64918.5175,69126.7475,1.55,81.04712,5.95906,10,0,2,0,0,52305.9125,65515.135,52551.99729166667
2023-02-27 11:00:00+01:00,65418.11,70200.95749999999,3.0,75.54711,7.386582,11,0,2,0,0,54629.55,66621.3,53077.5225
2023-02-27 12:00:00+01:00,65256.6225,69749.53,3.5,67.51849,9.686609,12,0,2,0,0,55107.2475,66137.02249999999,53527.04583333334
2023-02-27 13:00:00+01:00,65153.54,68484.4425,3.55,62.714306,8.707238,13,0,2,0,0,52808.2025,64610.1075,53949.93645833334
2023-02-27 14:00:00+01:00,63368.7025,66904.475,3.85,56.565334,9.504273,14,0,2,0,0,51139.805,63292.692500000005,54464.325520833336
2023-02-27 15:00:00+01:00,61973.3575,65960.0875,3.7,55.05773,9.686609,15,0,2,0,0,50396.9825,61546.42,54973.862916666665
2023-02-27 16:00:00+01:00,61884.6625,65054.2675,3.35,54.75565,11.212135,16,0,2,0,0,50331.895,61045.3375,55456.211875
2023-02-27 17:00:00+01:00,63000.2125,65759.58499999999,2.95,60.046906,6.638072,17,0,2,0,0,52629.7325,63290.8475,55937.5771875
2023-02-27 18:00:00+01:00,65584.4025,67655.2375,1.85,67.66024,4.8433046,18,0,2,0,0,56644.0525,65415.3725,56369.68052083333
2023-02-27 19:00:00+01:00,65208.665,66912.1725,1.15,74.66675,5.8603754,19,0,2,0,0,56230.275,64177.8125,56742.19510416666
2023-02-27 20:00:00+01:00,61592.8875,64073.1825,1.0,74.36272,4.6938257,20,0,2,0,0,53589.32,60695.5025,57116.2946875
2023-02-27 21:00:00+01:00,58103.645000000004,61177.4925,-0.55,83.812874,7.172949,21,0,2,0,0,51846.24,57200.54,57449.776666666665
2023-02-27 22:00:00+01:00,55236.7775,58742.7425,-1.55,87.20254,7.10031,22,0,2,0,0,51009.33,54543.84,57710.501874999994
2023-02-27 23:00:00+01:00,51739.955,55726.0075,-1.2,87.23721,6.4096174,23,0,2,0,0,48350.2475,51539.545,57886.64552083334
2023-02-28 00:00:00+01:00,49271.9625,52028.6275,-0.55,86.65758,5.1165614,0,1,2,0,0,46203.0875,48973.5875,58027.88333333333
2023-02-28 01:00:00+01:00,47709.2175,50436.61,0.0,81.12887,6.763786,1,1,2,0,0,45324.61,47420.065,58155.753124999996
2023-02-28 02:00:00+01:00,47243.915,49874.645000000004,0.05,82.34822,6.5693827,2,1,2,0,0,44934.4875,46679.3925,58255.11177083334
2023-02-28 03:00:00+01:00,47744.604999999996,50266.395000000004,-1.0,88.23361,5.506941,3,1,2,0,0,45029.417499999996,47038.77,58351.337916666664
2023-02-28 04:00:00+01:00,49078.682499999995,51336.4475,-3.15,90.38814,9.47012,4,1,2,0,0,46120.835,48928.5875,58464.470729166664
2023-02-28 05:00:00+01:00,51918.7975,54084.270000000004,-3.15,88.701164,7.5599995,5,1,2,0,0,49601.0975,51972.5025,58587.714375
2023-02-28 06:00:00+01:00,58651.415,60181.5525,-3.3,86.370544,6.8399997,6,1,2,0,0,56733.97,58869.96,58684.28520833334
2023-02-28 07:00:00+01:00,63046.2175,64918.5,-3.95,86.96099,7.208994,7,1,2,0,0,61461.0975,63019.347499999996,58764.17874999999
2023-02-28 08:00:00+01:00,65652.9975,67498.4675,-2.15,82.987236,8.287822,8,1,2,0,0,64142.78,65130.48,58830.22541666666
2023-02-28 09:00:00+01:00,66049.825,68413.9325,0.1,78.182076,5.0911684,9,1,2,0,0,64677.76,66055.5425,58893.15114583333
2023-02-28 10:00:00+01:00,66145.935,69759.18,2.25,65.512505,5.6233797,10,1,2,0,0,64918.5175,66411.7525,58950.32052083333
2023-02-28 11:00:00+01:00,66818.3475,70630.49,3.15,53.675102,7.24486,11,1,2,0,0,65418.11,66610.3425,59001.462916666664
2023-02-28 12:00:00+01:00,66094.7875,69959.03,3.7,52.42146,6.519877,12,1,2,0,0,65256.6225,66030.1725,59059.80614583333
2023-02-28 13:00:00+01:00,64726.0275,68625.16500000001,4.55,46.123978,6.489992,13,1,2,0,0,65153.54,64503.695,59094.729687499996
2023-02-28 14:00:00+01:00,62524.585,66990.9,4.7,47.05484,5.7599998,14,1,2,0,0,63368.7025,63093.85,59076.916666666664
2023-02-28 15:00:00+01:00,61521.5475,65968.97,4.6,48.292625,5.4119864,15,1,2,0,0,61973.3575,61667.5525,59041.74510416667
2023-02-28 16:00:00+01:00,60926.744999999995,65021.4775,4.2,50.997326,5.4119864,16,1,2,0,0,61884.6625,60786.2525,59022.9196875
2023-02-28 17:00:00+01:00,62164.6375,65806.77,1.4,75.54621,7.928177,17,1,2,0,0,63000.2125,62238.1175,58983.00645833334
2023-02-28 18:00:00+01:00,65253.015,67733.35500000001,0.05,67.26406,8.14587,18,1,2,0,0,65584.4025,64610.515,58948.190833333334
2023-02-28 19:00:00+01:00,64923.11,66910.73999999999,0.15,65.027824,7.289445,19,1,2,0,0,65208.665,63465.0775,58934.38302083333
2023-02-28 20:00:00+01:00,61237.6625,64128.137500000004,0.5,62.922066,3.5455887,20,1,2,0,0,61592.8875,59682.345,58922.48489583333
2023-02-28 21:00:00+01:00,58039.335,61136.994999999995,-1.85,73.5557,3.671294,21,1,2,0,0,58103.645000000004,56044.8925,58907.68385416667
2023-02-28 22:00:00+01:00,55067.9725,58601.975,-2.65,78.33206,3.8939953,22,1,2,0,0,55236.7775,53066.1875,58905.004270833335
2023-02-28 23:00:00+01:00,51839.130000000005,55447.6425,-1.3,71.72674,2.8116899,23,1,2,0,0,51739.955,49275.557499999995,58897.970729166664
2023-03-01 00:00:00+01:00,49505.340000000004,52173.9125,-1.35,70.90219,3.219938,0,2,3,0,0,49271.9625,46557.707500000004,58902.10302083334
2023-03-01 01:00:00+01:00,48051.93,50550.2275,-4.1,83.36875,5.1165614,1,2,3,0,0,47709.2175,45098.1875,58911.82708333333
2023-03-01 02:00:00+01:00,47646.8825,49930.582500000004,-4.95,83.90404,5.634891,2,2,3,0,0,47243.915,44272.465000000004,58926.106770833336
2023-03-01 03:00:00+01:00,47943.5225,50302.0975,-5.4,85.15392,6.9153743,3,2,3,0,0,47744.604999999996,44833.3625,58942.89708333334
2023-03-01 04:00:00+01:00,49658.545,51403.7175,-4.45,81.73806,4.510787,4,2,3,0,0,49078.682499999995,46527.884999999995,58951.1853125
2023-03-01 05:00:00+01:00,52051.1775,54386.3825,-3.85,80.26838,2.6208394,5,2,3,0,0,51918.7975,49900.1875,58975.34625
2023-03-01 06:00:00+01:00,58719.0975,60584.705,-4.4,83.011154,0.8049845,6,2,3,0,0,58651.415,57007.155,58980.86208333333
2023-03-01 07:00:00+01:00,63101.425,64889.3975,-5.85,92.99504,0.35999998,7,2,3,0,0,63046.2175,62103.6475,58983.6821875
2023-03-01 08:00:00+01:00,65774.6025,67313.20749999999,-4.9,87.19732,1.08,8,2,3,0,0,65652.9975,64072.45,58985.982500000006
2023-03-01 09:00:00+01:00,66558.1375,68373.6925,-1.9,70.51933,0.5091169,9,2,3,0,0,66049.825,64582.16,58991.049375
2023-03-01 10:00:00+01:00,65635.7975,69425.77249999999,2.3,51.04039,0.8049845,10,2,3,0,0,66145.935,65269.5875,59012.2290625
2023-03-01 11:00:00+01:00,65845.815,69965.9625,4.3,43.98102,1.8,11,2,3,0,0,66818.3475,65566.365,58990.97333333333
2023-03-01 12:00:00+01:00,65494.365,69452.9,5.45,38.16599,1.9386592,12,2,3,0,0,66094.7875,64773.3475,58950.451145833336
2023-03-01 13:00:00+01:00,64175.4875,68467.8875,6.45,40.584587,4.32,13,2,3,0,0,64726.0275,63374.115,58925.433541666665
2023-03-01 14:00:00+01:00,62517.707500000004,67069.8075,7.2,35.298138,3.5455887,14,2,3,0,0,62524.585,61947.57,58902.494375
2023-03-01 15:00:00+01:00,61087.3825,66066.69,7.3,35.192764,3.8773184,15,2,3,0,0,61521.5475,61270.395000000004,58902.207812500004
2023-03-01 16:00:00+01:00,60053.4425,65190.052500000005,6.9,38.165424,4.6938257,16,2,3,0,0,60926.744999999995,61200.537500000006,58884.11760416667
2023-03-01 17:00:00+01:00,62140.2775,66081.8925,3.85,50.131126,7.928177,17,2,3,0,0,62164.6375,63189.32,58847.73
2023-03-01 18:00:00+01:00,65094.18,67855.97,2.15,59.16977,8.287822,18,2,3,0,0,65253.015,66360.655,58846.715
2023-03-01 19:00:00+01:00,64372.155,67279.52500000001,0.45,68.11964,8.161764,19,2,3,0,0,64923.11,65021.615000000005,58840.09687500001
2023-03-01 20:00:00+01:00,61104.1725,64024.025,0.55,68.915665,5.5887027,20,2,3,0,0,61237.6625,61310.615,58817.14041666667
2023-03-01 21:00:00+01:00,58142.6225,61046.66,-1.95,79.63988,6.5693827,21,2,3,0,0,58039.335,57634.2025,58811.57833333333
2023-03-01 22:00:00+01:00,56357.700000000004,58268.7225,-1.65,78.78841,5.0528407,22,2,3,0,0,55067.9725,54517.770000000004,58815.88197916667
2023-03-01 23:00:00+01:00,52277.095,54896.74,-1.1,77.11371,1.9386592,23,2,3,0,0,51839.130000000005,51086.5325,58869.620625
2023-03-02 00:00:00+01:00,49410.8725,52654.0025,-3.7,86.986465,5.904439,0,3,3,0,0,49505.340000000004,47709.11,58887.869166666664
2023-03-02 01:00:00+01:00,48083.9525,50989.5,-1.35,89.52216,9.178235,1,3,3,0,0,48051.93,46016.485,58883.933020833334
2023-03-02 02:00:00+01:00,47542.3675,50263.8125,-1.55,93.57987,8.404285,2,3,3,0,0,47646.8825,45172.61,58885.267291666656
2023-03-02 03:00:00+01:00,47799.31,50680.64,-2.5,95.2893,7.145796,3,3,3,0,0,47943.5225,45417.2225,58880.912500000006
2023-03-02 04:00:00+01:00,49264.685,51912.795,-3.1,96.70113,7.145796,4,3,3,0,0,49658.545,46357.192500000005,58874.903645833336
2023-03-02 05:00:00+01:00,52277.9175,55030.5925,-2.85,98.52474,6.193674,5,3,3,0,0,52051.1775,49825.8775,58858.49281249999
2023-03-02 06:00:00+01:00,58313.43,61497.8875,-2.15,98.89814,8.891343,6,3,3,0,0,58719.0975,56658.0025,58867.940312499995
2023-03-02 07:00:00+01:00,63029.1325,65837.98,-1.85,98.53687,9.585739,7,3,3,0,0,63101.425,61853.33,58851.0375
2023-03-02 08:00:00+01:00,65382.095,68278.9575,-1.75,97.45412,8.78872,8,3,3,0,0,65774.6025,64250.4875,58848.025312499994
2023-03-02 09:00:00+01:00,66502.7675,68916.3375,-1.05,96.75592,7.8954163,9,3,3,0,0,66558.1375,64903.145000000004,58831.67083333333
2023-03-02 10:00:00+01:00,66610.2675,69649.6275,0.4,87.71523,7.6367526,10,3,3,0,0,65635.7975,65669.11,58829.36375
2023-03-02 11:00:00+01:00,66189.31,69987.685,2.2,79.670265,6.638072,11,3,3,0,0,65845.815,66597.525,58869.966666666674
2023-03-02 12:00:00+01:00,65627.88,69438.125,3.8,79.045654,4.3349743,12,3,3,0,0,65494.365,65651.49,58884.27895833333
2023-03-02 13:00:00+01:00,64029.0175,68370.4525,4.4,71.001816,5.692099,13,3,3,0,0,64175.4875,64862.74,58889.84208333333
2023-03-02 14:00:00+01:00,62521.494999999995,66697.955,5.35,66.21165,7.172949,14,3,3,0,0,62517.707500000004,63541.7225,58883.739166666666
2023-03-02 15:00:00+01:00,61651.9425,65618.2125,4.9,69.31779,9.255571,15,3,3,0,0,61087.3825,62806.9275,58883.89697916666
2023-03-02 16:00:00+01:00,61005.932499999995,65118.2375,3.7,76.77459,10.390226,16,3,3,0,0,60053.4425,62763.1275,58907.420312500006
2023-03-02 17:00:00+01:00,62547.8825,65948.75,2.25,86.00198,8.311245,17,3,3,0,0,62140.2775,64124.35,58947.10739583333
2023-03-02 18:00:00+01:00,65403.799999999996,67885.495,-0.15,94.33869,7.5685663,18,3,3,0,0,65094.18,66032.6275,58964.090937500005
2023-03-02 19:00:00+01:00,64891.555,67548.505,-0.05,95.73014,6.1305785,19,3,3,0,0,64372.155,64573.0625,58976.99177083333
2023-03-02 20:00:00+01:00,61523.2375,64195.21,-0.3,96.77563,5.0142193,20,3,3,0,0,61104.1725,61008.5125,58998.63343749999
2023-03-02 21:00:00+01:00,58011.625,60976.1375,-1.6,97.45724,7.289444,21,3,3,0,0,58142.6225,57601.3825,59016.09447916667
2023-03-02 22:00:00+01:00,55437.535,58274.4275,-1.85,97.09278,6.9899354,22,3,3,0,0,56357.700000000004,54776.4975,59010.63625
2023-03-02 23:00:00+01:00,51623.72,54904.5125,-0.7,96.05902,2.5455842,23,3,3,0,0,52277.095,50702.5025,58972.29604166667
2023-03-03 00:00:00+01:00,48773.5675,52307.6675,-2.15,98.89814,4.32,0,4,3,0,0,49410.8725,47811.9,58945.07208333333
2023-03-03 01:00:00+01:00,47376.765,50588.25,-3.2,97.788025,8.0899935,1,4,3,0,0,48083.9525,46282.1225,58918.51770833333
2023-03-03 02:00:00+01:00,46781.1675,50053.4975,-2.25,97.083244,6.4096174,2,4,3,0,0,47542.3675,45508.265,58889.051562500004
2023-03-03 03:00:00+01:00,47063.525,50461.6025,-2.2,95.65516,7.6367526,3,4,3,0,0,47799.31,45796.3975,58857.33489583333
2023-03-03 04:00:00+01:00,48294.7725,51853.0225,-2.55,96.35705,6.696387,4,4,3,0,0,49264.685,47189.7975,58826.677187500005
2023-03-03 05:00:00+01:00,51053.81,54891.182499999995,-2.8,97.07006,6.489992,5,4,3,0,0,52277.9175,50470.5225,58786.26416666667
2023-03-03 06:00:00+01:00,57279.8575,60718.43,-2.7,98.16125,7.072878,6,4,3,0,0,58313.43,57529.4775,58735.259687499994
2023-03-03 07:00:00+01:00,62215.6875,65303.409999999996,-2.25,98.16806,9.339208,7,4,3,0,0,63029.1325,63160.8075,58692.19416666666
2023-03-03 08:00:00+01:00,65219.91499999999,67844.655,-2.05,97.447845,8.217153,8,4,3,0,0,65382.095,66102.3925,58658.300625
2023-03-03 09:00:00+01:00,65787.66,68493.38500000001,-1.5,97.45932,9.227524,9,4,3,0,0,66502.7675,66992.31,58651.543125000004
2023-03-03 10:00:00+01:00,66691.535,69315.4325,-0.75,96.05743,9.793058,10,4,3,0,0,66610.2675,67926.9675,58621.746979166666
2023-03-03 11:00:00+01:00,66014.4725,69720.395,1.1,86.50906,10.041354,11,4,3,0,0,66189.31,67931.5075,58625.13312499999
2023-03-03 12:00:00+01:00,65402.6525,69077.90000000001,2.55,82.07646,9.6932955,12,4,3,0,0,65627.88,67311.38,58617.84822916667
2023-03-03 13:00:00+01:00,63874.0075,67862.17,1.9,81.98986,10.829959,13,4,3,0,0,64029.0175,66065.405,58608.463749999995
2023-03-03 14:00:00+01:00,62097.43,66196.7175,2.8,77.46857,11.609651,14,4,3,0,0,62521.494999999995,64361.04,58602.005
2023-03-03 15:00:00+01:00,60632.655,65250.854999999996,3.6,74.82999,13.493999,15,4,3,0,0,61651.9425,63504.770000000004,58584.335625
2023-03-03 16:00:00+01:00,60315.604999999996,64392.34,3.85,74.602776,13.849476,16,4,3,0,0,61005.932499999995,62991.975,58541.86531249999
2023-03-03 17:00:00+01:00,61573.8675,65299.315,3.0,79.78867,8.647496,17,4,3,0,0,62547.8825,63819.9375,58513.10166666666
2023-03-03 18:00:00+01:00,64113.759999999995,67498.715,1.7,88.47715,8.217153,18,4,3,0,0,65403.799999999996,65803.35,58472.51770833333
2023-03-03 19:00:00+01:00,63654.5,67308.035,1.35,91.38298,10.685391,19,4,3,0,0,64891.555,63629.2825,58418.76604166667
2023-03-03 20:00:00+01:00,60441.47,63873.3325,0.9,91.3525,13.708391,20,4,3,0,0,61523.2375,59882.9225,58367.222083333334
2023-03-03 21:00:00+01:00,57573.685,60720.5875,0.4,89.99328,15.815435,21,4,3,0,0,58011.625,56706.802500000005,58322.1484375
2023-03-03 22:00:00+01:00,55285.2,58051.3925,0.45,90.32675,16.981165,22,4,3,0,0,55437.535,54194.7525,58303.900937499995
2023-03-03 23:00:00+01:00,51931.785,54808.9225,0.55,91.32869,16.965895,23,4,3,0,0,51623.72,51204.8775,58297.55364583334
2023-03-04 00:00:00+01:00,48945.34,52226.28,0.3,91.64585,19.242327,0,5,3,1,0,48773.5675,48849.0975,58310.3896875
2023-03-04 01:00:00+01:00,47287.4425,50289.2425,1.05,91.031395,20.957443,1,5,3,1,0,47376.765,47301.0475,58317.546875
2023-03-04 02:00:00+01:00,46299.619999999995,49347.205,0.8,91.34572,20.519999,2,5,3,1,0,46781.1675,47369.052500000005,58313.825104166666
2023-03-04 03:00:00+01:00,46452.9825,49071.07,1.0,92.69566,20.240196,3,5,3,1,0,47063.525,47659.2575,58293.760625
2023-03-04 04:00:00+01:00,46418.1725,49062.4225,2.05,90.446754,20.008356,4,5,3,1,0,48294.7725,47611.927500000005,58268.32135416666
2023-03-04 05:00:00+01:00,46224.8475,49131.6075,2.65,89.52154,19.201874,5,5,3,1,0,51053.81,47419.555,58190.12968749999
2023-03-04 06:00:00+01:00,47509.865,50268.99,3.25,87.35267,19.245697,6,5,3,1,0,57279.8575,48883.5775,57988.92291666666
2023-03-04 07:00:00+01:00,50179.345,52403.86,3.6,85.83626,19.770523,7,5,3,1,0,62215.6875,51164.6625,57581.839895833335
2023-03-04 08:00:00+01:00,53708.307499999995,55264.1725,4.0,85.2674,19.562946,8,5,3,1,0,65219.91499999999,54683.707500000004,57080.325625
2023-03-04 09:00:00+01:00,56798.5225,57962.695,4.45,85.31702,19.829433,9,5,3,1,0,65787.66,57478.43,56600.67531249999
2023-03-04 10:00:00+01:00,59265.52,59638.2675,5.0,77.26527,24.26998,10,5,3,1,0,66691.535,59359.6325,56226.12791666667
2023-03-04 11:00:00+01:00,59672.86,60918.03,5.2,72.980545,25.076267,11,5,3,1,0,66014.4725,60066.39,55916.71062500001
2023-03-04 12:00:00+01:00,60122.6525,60325.369999999995,5.35,68.66061,23.78453,12,5,3,1,0,65402.6525,59960.6025,55652.47677083333
2023-03-04 13:00:00+01:00,58633.317500000005,58548.2475,6.05,69.55468,23.363974,13,5,3,1,0,63874.0075,58246.095,55432.47677083334
2023-03-04 14:00:00+01:00,56650.345,56523.25,5.8,67.76819,21.889065,14,5,3,1,0,62097.43,55830.0775,55214.1146875
2023-03-04 15:00:00+01:00,55209.4975,55543.1875,5.25,69.64195,19.083395,15,5,3,1,0,60632.655,54437.055,54987.1528125
2023-03-04 16:00:00+01:00,54548.245,55121.5875,4.8,72.64248,17.388409,16,5,3,1,0,60315.604999999996,54667.72,54761.18791666667
2023-03-04 17:00:00+01:00,56574.865,56930.36,4.3,73.87579,18.11841,17,5,3,1,0,61573.8675,56670.825,54520.881250000006
2023-03-04 18:00:00+01:00,58930.505000000005,58976.74,3.65,72.68869,16.179985,18,5,3,1,0,64113.759999999995,60266.1075,54312.589479166665
2023-03-04 19:00:00+01:00,57722.9725,57782.9375,3.35,72.89788,14.84318,19,5,3,1,0,63654.5,58783.4925,54096.62052083333
2023-03-04 20:00:00+01:00,53873.945,54548.09,3.0,75.54711,14.113652,20,5,3,1,0,60441.47,54928.987499999996,53849.473541666666
2023-03-04 21:00:00+01:00,51000.7425,52385.240000000005,2.65,81.20034,11.212135,21,5,3,1,0,57573.685,52656.775,53575.82666666666
2023-03-04 22:00:00+01:00,49714.585,51051.682499999995,2.3,84.463005,7.145796,22,5,3,1,0,55285.2,51587.89,53301.95406250001
2023-03-04 23:00:00+01:00,47259.015,48294.5425,-0.3,92.62002,8.049845,23,5,3,1,0,51931.785,49009.195,53069.84510416666
2023-03-05 00:00:00+01:00,44904.0525,46107.5225,-1.05,92.91797,7.6367526,0,6,3,1,0,48945.34,46399.2225,52875.14635416667
2023-03-05 01:00:00+01:00,42967.78,44541.9275,1.2,87.79073,15.84,1,6,3,1,0,47287.4425,44677.3925,52706.759374999994
2023-03-05 02:00:00+01:00,42524.6475,43723.65,1.25,88.75945,17.643673,2,6,3,1,0,46299.619999999995,43429.67,52526.7734375
2023-03-05 03:00:00+01:00,42001.1875,43541.72,1.3,77.79598,20.316889,3,6,3,1,0,46452.9825,42979.8375,52369.48291666666
2023-03-05 04:00:00+01:00,42321.630000000005,43601.055,-0.1,76.99151,19.770523,4,6,3,1,0,46418.1725,42837.6625,52183.99145833333
2023-03-05 05:00:00+01:00,42496.667499999996,43821.5775,-0.65,81.94925,17.873556,5,6,3,1,0,46224.8475,42906.465,52013.302187500005
2023-03-05 06:00:00+01:00,42404.79,43983.1125,-0.3,82.30183,18.0036,6,6,3,1,0,47509.865,42943.3975,51857.96135416667
2023-03-05 07:00:00+01:00,44219.255000000005,45625.22,0.0,82.95399,18.692286,7,6,3,1,0,50179.345,44729.8125,51645.24989583334
2023-03-05 08:00:00+01:00,47126.0025,48561.715,0.9,78.89048,19.592731,8,6,3,1,0,53708.307499999995,47705.457500000004,51396.9128125
2023-03-05 09:00:00+01:00,50276.17,51728.9825,1.95,67.43006,20.140705,9,6,3,1,0,56798.5225,50388.3775,51122.65010416667
2023-03-05 10:00:00+01:00,52932.4675,54517.08,2.9,54.840347,26.596178,10,6,3,1,0,59265.52,52305.9125,50850.885416666664
2023-03-05 11:00:00+01:00,54996.4625,56860.34,3.2,52.880577,25.076267,11,6,3,1,0,59672.86,54629.55,50587.00822916667
2023-03-05 12:00:00+01:00,54485.495,56697.8625,3.75,49.91234,23.269482,12,6,3,1,0,60122.6525,55107.2475,50392.15833333333
2023-03-05 13:00:00+01:00,53032.4225,55236.1375,3.45,67.507614,22.881958,13,6,3,1,0,58633.317500000005,52808.2025,50157.27677083333
2023-03-05 14:00:00+01:00,51437.4775,53458.04,3.85,60.273457,22.476227,14,6,3,1,0,56650.345,51139.805,49923.90614583334
2023-03-05 15:00:00+01:00,50713.83,52312.39,3.9,55.11187,20.497883,15,6,3,1,0,55209.4975,50396.9825,49706.70333333334
2023-03-05 16:00:00+01:00,50721.520000000004,52658.1225,3.35,56.00899,17.072504,16,6,3,1,0,54548.245,50331.895,49519.38385416667
2023-03-05 17:00:00+01:00,52200.92,54345.0625,2.7,62.978313,12.682018,17,6,3,1,0,56574.865,52629.7325,49359.93697916666
2023-03-05 18:00:00+01:00,54436.6725,56786.91,0.2,81.45821,10.308831,18,6,3,1,0,58930.505000000005,56644.0525,49177.68927083333
2023-03-05 19:00:00+01:00,53705.9275,56430.205,-0.55,86.33732,11.304229,19,6,3,1,0,57722.9725,56230.275,48990.44625
2023-03-05 20:00:00+01:00,51028.0525,54318.005,0.2,82.36805,8.557102,20,6,3,1,0,53873.945,53589.32,48823.06937499999
2023-03-05 21:00:00+01:00,49136.09,52931.1625,0.1,84.51443,7.628263,21,6,3,1,0,51000.7425,51846.24,48704.49052083333
2023-03-05 22:00:00+01:00,48447.245,52505.275,0.5,86.446976,7.7879906,22,6,3,1,0,49714.585,51009.33,48626.79666666666
2023-03-05 23:00:00+01:00,46194.1475,50131.1675,0.25,91.64256,5.495161,23,6,3,1,0,47259.015,48350.2475,48573.99083333334
2023-03-06 00:00:00+01:00,45161.38,48479.7925,0.35,94.70527,6.1094027,0,0,3,0,0,44904.0525,46203.0875,48529.62135416667
2023-03-06 01:00:00+01:00,44657.7475,47060.5125,0.4,97.49836,5.506941,1,0,3,0,0,42967.78,45324.61,48540.34333333333
2023-03-06 02:00:00+01:00,44002.0925,46811.19,0.45,96.79516,8.287822,2,0,3,0,0,42524.6475,44934.4875,48610.75864583333
2023-03-06 03:00:00+01:00,43815.225,47302.7725,0.5,99.28009,13.479583,3,0,3,0,0,42001.1875,45029.417499999996,48672.31885416667
2023-03-06 04:00:00+01:00,45589.8,48497.7375,1.15,94.73903,18.709612,4,0,3,0,0,42321.630000000005,46120.835,48747.90375
2023-03-06 05:00:00+01:00,48582.615,51909.8925,1.65,91.40321,17.673029,5,0,3,0,0,42496.667499999996,49601.0975,48884.07749999999
2023-03-06 06:00:00+01:00,55716.4675,59231.69,1.0,97.51048,14.84318,6,0,3,0,0,42404.79,56733.97,49137.658645833326
2023-03-06 07:00:00+01:00,60916.355,63937.8375,0.7,96.10332,13.358861,7,0,3,0,0,44219.255000000005,61461.0975,49692.31187499999
2023-03-06 08:00:00+01:00,64823.655,66590.315,0.75,93.35716,10.661107,8,0,3,0,0,47126.0025,64142.78,50388.024375
2023-03-06 09:00:00+01:00,65547.24,67873.125,1.05,88.74204,10.587917,9,0,3,0,0,50276.17,64677.76,51125.426562500004
2023-03-06 10:00:00+01:00,66376.885,69064.5175,1.45,82.230316,8.905908,10,0,3,0,0,52932.4675,64918.5175,51761.721145833326
2023-03-06 11:00:00+01:00,67018.8225,70021.945,2.35,72.97679,8.707238,11,0,3,0,0,54996.4625,65418.11,52321.90520833333
2023-03-06 12:00:00+01:00,66557.6925,69917.9475,3.65,65.83063,11.609651,12,0,3,0,0,54485.495,65256.6225,52822.836875
2023-03-06 13:00:00+01:00,65850.625,69049.79,2.25,69.01804,9.422101,13,0,3,0,0,53032.4225,65153.54,53325.84510416668
2023-03-06 14:00:00+01:00,65222.8225,67597.63500000001,2.45,69.06018,9.605998,14,0,3,0,0,51437.4775,63368.7025,53859.93687500001
2023-03-06 15:00:00+01:00,63818.3925,66565.14,2.95,64.94424,10.661107,15,0,3,0,0,50713.83,61973.3575,54434.326250000006
2023-03-06 16:00:00+01:00,63239.8275,65630.7825,3.3,60.813107,9.9571085,16,0,3,0,0,50721.520000000004,61884.6625,54980.34968749999
2023-03-06 17:00:00+01:00,63885.2875,66133.39,2.85,62.54545,7.5599995,17,0,3,0,0,52200.92,63000.2125,55501.94583333334
2023-03-06 18:00:00+01:00,66128.775,67542.65,0.5,75.10766,6.696387,18,0,3,0,0,54436.6725,65584.4025,55988.79447916666
2023-03-06 19:00:00+01:00,65586.8925,67015.6625,-0.55,83.50197,7.145796,19,0,3,0,0,53705.9275,65208.665,56475.96541666667
2023-03-06 20:00:00+01:00,62656.23,63806.9075,-1.3,87.22731,7.653705,20,0,3,0,0,51028.0525,61592.8875,56971.005625
2023-03-06 21:00:00+01:00,58790.755000000005,60772.6425,-1.85,90.150314,7.928177,21,0,3,0,0,49136.09,58103.645000000004,57455.513020833336
2023-03-06 22:00:00+01:00,56336.515,57898.19,-2.45,92.492355,7.729527,22,0,3,0,0,48447.245,55236.7775,57857.79072916667
2023-03-06 23:00:00+01:00,53367.4275,54496.1825,-2.5,92.8353,7.754637,23,0,3,0,0,46194.1475,51739.955,58186.510312499995
2023-03-07 00:00:00+01:00,50621.7325,50799.1275,-2.25,92.504364,10.105681,0,1,3,0,0,45161.38,49271.9625,58485.39697916666
2023-03-07 01:00:00+01:00,48768.4875,49311.895000000004,-2.4,94.93935,11.183201,1,1,3,0,0,44657.7475,47709.2175,58712.911666666674
2023-03-07 02:00:00+01:00,48596.025,48709.065,-1.3,98.182304,14.05845,2,1,3,0,0,44002.0925,47243.915,58884.192500000005
2023-03-07 03:00:00+01:00,49502.775,49173.8675,-0.85,98.188995,16.954432,3,1,3,0,0,43815.225,47744.604999999996,59075.606354166666
2023-03-07 04:00:00+01:00,50649.5225,50785.5875,-0.9,97.47174,18.806337,4,1,3,0,0,45589.8,49078.682499999995,59312.58760416667
2023-03-07 05:00:00+01:00,53833.292499999996,53956.7275,-0.1,90.616974,20.969805,5,1,3,0,0,48582.615,51918.7975,59523.409374999996
2023-03-07 06:00:00+01:00,59933.6425,60567.5525,0.85,87.75779,24.819122,6,1,3,0,0,55716.4675,58651.415,59742.18760416668
2023-03-07 07:00:00+01:00,64068.13,66252.43,1.25,88.43707,26.459387,7,1,3,0,0,60916.355,63046.2175,59917.903229166666
2023-03-07 08:00:00+01:00,66438.36,68689.92,1.8,85.95409,25.72174,8,1,3,0,0,64823.655,65652.9975,60049.22718750001
2023-03-07 09:00:00+01:00,67748.4625,69878.1375,2.8,83.00674,24.946726,9,1,3,0,0,65547.24,66049.825,60116.5065625
2023-03-07 10:00:00+01:00,68589.64,71180.5425,4.55,76.362724,25.1614,10,1,3,0,0,66376.885,66145.935,60208.224166666674
2023-03-07 11:00:00+01:00,68656.4875,72159.01000000001,4.7,79.46577,27.362368,11,1,3,0,0,67018.8225,66818.3475,60300.42229166667
2023-03-07 12:00:00+01:00,68163.38500000001,71698.4975,3.95,84.35158,27.381308,12,1,3,0,0,66557.6925,66094.7875,60368.65833333333
2023-03-07 13:00:00+01:00,67614.2325,70487.5725,2.4,96.15613,15.273505,13,1,3,0,0,65850.625,64726.0275,60435.5621875
2023-03-07 14:00:00+01:00,66131.3325,68760.8175,2.6,94.12443,19.721298,14,1,3,0,0,65222.8225,62524.585,60509.04583333333
2023-03-07 15:00:00+01:00,65352.7375,67717.265,2.05,95.11718,18.388212,15,1,3,0,0,63818.3925,61521.5475,60546.900416666664
2023-03-07 16:00:00+01:00,64536.7275,66602.4025,2.75,86.99052,20.176065,16,1,3,0,0,63239.8275,60926.744999999995,60610.831458333334
2023-03-07 17:00:00+01:00,65746.36750000001,66920.405,2.45,87.59082,18.584509,17,1,3,0,0,63885.2875,62164.6375,60664.86895833333
2023-03-07 18:00:00+01:00,67470.775,68358.39,1.9,86.27747,17.227419,18,1,3,0,0,66128.775,65253.015,60742.41395833334
2023-03-07 19:00:00+01:00,67563.52,67782.45999999999,1.65,87.19721,17.418196,19,1,3,0,0,65586.8925,64923.11,60798.330625
2023-03-07 20:00:00+01:00,63554.1375,64461.035,1.3,88.120316,17.193533,20,1,3,0,0,62656.23,61237.6625,60880.690104166664
2023-03-07 21:00:00+01:00,60101.1725,61290.62,1.05,89.390884,16.62249,21,1,3,0,0,58790.755000000005,58039.335,60918.10291666668
2023-03-07 22:00:00+01:00,57396.59,58215.432499999995,0.8,91.34572,15.034041,22,1,3,0,0,56336.515,55067.9725,60972.70364583333
2023-03-07 23:00:00+01:00,53587.8875,54742.215,0.65,91.66886,14.759999,23,1,3,0,0,53367.4275,51839.130000000005,61016.873437500006
2023-03-08 00:00:00+01:00,50780.875,51921.205,0.2,92.31149,13.797912,0,2,3,0,0,50621.7325,49505.340000000004,61026.059270833335
2023-03-08 01:00:00+01:00,49336.0275,50297.14,0.2,90.30779,12.864649,1,2,3,0,0,48768.4875,48051.93,61032.69020833333
2023-03-08 02:00:00+01:00,48891.3475,49823.8425,-0.5,91.93026,12.57426,2,2,3,0,0,48596.025,47646.8825,61056.33770833334
2023-03-08 03:00:00+01:00,48817.5875,50475.71,-0.95,92.581764,12.522619,3,2,3,0,0,49502.775,47943.5225,61068.6428125
2023-03-08 04:00:00+01:00,49657.56,51836.9775,-1.25,93.250404,11.726277,4,2,3,0,0,50649.5225,49658.545,61040.09333333333
2023-03-08 05:00:00+01:00,52704.41,54977.55,-1.6,93.92426,11.165805,5,2,3,0,0,53833.292499999996,52051.1775,60998.7615625
2023-03-08 06:00:00+01:00,58352.97,61276.025,-1.85,94.610756,10.365251,6,2,3,0,0,59933.6425,58719.0975,60951.72479166667
2023-03-08 07:00:00+01:00,62329.1875,63764.2,-2.0,95.30839,9.178235,7,2,3,0,0,64068.13,63101.425,60885.863437500004
2023-03-08 08:00:00+01:00,64740.96,66001.7525,-0.4,90.59482,13.70839,8,2,3,0,0,66438.36,65774.6025,60813.4075
2023-03-08 09:00:00+01:00,65698.7575,66930.0825,0.85,85.85215,14.658676,9,2,3,0,0,67748.4625,66558.1375,60742.6825
2023-03-08 10:00:00+01:00,66992.7775,68215.55249999999,1.85,80.79298,12.074766,10,2,3,0,0,68589.64,65635.7975,60657.278125000004
2023-03-08 11:00:00+01:00,67724.2625,69295.355,2.6,73.293076,12.229406,11,2,3,0,0,68656.4875,65845.815,60590.7421875
2023-03-08 12:00:00+01:00,66716.2825,68821.1875,3.2,67.70271,13.608762,12,2,3,0,0,68163.38500000001,65494.365,60551.89947916666
2023-03-08 13:00:00+01:00,65296.9925,67927.3625,3.55,63.652176,10.703569,13,2,3,0,0,67614.2325,64175.4875,60491.603541666664
2023-03-08 14:00:00+01:00,63481.385,66302.1225,3.3,66.97848,9.422101,14,2,3,0,0,66131.3325,62517.707500000004,60395.051875000005
2023-03-08 15:00:00+01:00,61822.0525,64896.935,3.1,68.43508,7.6367526,15,2,3,0,0,65352.7375,61087.3825,60284.637395833335
2023-03-08 16:00:00+01:00,61098.4425,63778.7375,2.7,72.50763,6.6087217,16,2,3,0,0,64536.7275,60053.4425,60137.52552083333
2023-03-08 17:00:00+01:00,62571.5075,64265.520000000004,1.95,80.80714,6.12,17,2,3,0,0,65746.36750000001,62140.2775,59994.26364583333
2023-03-08 18:00:00+01:00,64329.5225,66324.05249999999,1.1,89.395004,6.5693827,18,2,3,0,0,67470.775,65094.18,59861.9778125
2023-03-08 19:00:00+01:00,64208.042499999996,65949.0925,0.85,91.34911,9.531505,19,2,3,0,0,67563.52,64372.155,59731.09229166666
2023-03-08 20:00:00+01:00,60572.1,62610.75,0.7,92.678314,9.178235,20,2,3,0,0,63554.1375,61104.1725,59591.28072916667
2023-03-08 21:00:00+01:00,56780.4125,59350.165,0.6,93.68925,10.829959,21,2,3,0,0,60101.1725,58142.6225,59467.02916666667
2023-03-08 22:00:00+01:00,53779.682499999995,57126.7925,0.55,93.00756,10.739833,22,2,3,0,0,57396.59,56357.700000000004,59328.66416666666
2023-03-08 23:00:00+01:00,50396.225,53715.0375,0.55,92.332756,11.720751,23,2,3,0,0,53587.8875,52277.095,59177.9596875
2023-03-09 00:00:00+01:00,47545.835,51843.965,0.65,90.67201,12.9249525,0,3,3,0,0,50780.875,49410.8725,59044.97375
2023-03-09 01:00:00+01:00,46086.667499999996,49846.9275,0.35,89.00635,12.6462,1,3,3,0,0,49336.0275,48083.9525,58910.18041666667
2023-03-09 02:00:00+01:00,45618.317500000005,49174.6225,0.45,87.71997,12.783802,2,3,3,0,0,48891.3475,47542.3675,58774.79041666666
2023-03-09 03:00:00+01:00,46450.8925,49614.65,0.35,89.66063,13.450708,3,3,3,0,0,48817.5875,47799.31,58638.41416666666
2023-03-09 04:00:00+01:00,47658.3775,50967.9975,0.3,91.311615,16.394829,4,3,3,0,0,49657.56,49264.685,58539.801875000005
2023-03-09 05:00:00+01:00,50358.08,54038.337499999994,0.3,91.64585,17.447933,5,3,3,0,0,52704.41,52277.9175,58456.502604166664
2023-03-09 06:00:00+01:00,56778.005,60043.455,0.25,91.64256,17.87718,6,3,3,0,0,58352.97,58313.43,58358.738854166666
2023-03-09 07:00:00+01:00,61327.3375,66063.225,0.25,90.974915,17.87718,7,3,3,0,0,62329.1875,63029.1325,58293.11531249999
2023-03-09 08:00:00+01:00,63803.0525,69156.41,0.5,89.345406,16.58346,8,3,3,0,0,64740.96,65382.095,58251.3715625
2023-03-09 09:00:00+01:00,64522.6325,70119.1425,0.8,86.47807,16.311613,9,3,3,0,0,65698.7575,66502.7675,58212.292083333334
2023-03-09 10:00:00+01:00,65044.7675,70799.9025,1.0,85.86831,15.937878,10,3,3,0,0,66992.7775,66610.2675,58163.28687499999
2023-03-09 11:00:00+01:00,65478.215,70997.165,1.2,84.64292,15.111424,11,3,3,0,0,67724.2625,66189.31,58082.119791666664
2023-03-09 12:00:00+01:00,65082.7,70590.11249999999,1.45,83.1385,14.408997,12,3,3,0,0,66716.2825,65627.88,57988.53447916667
2023-03-09 13:00:00+01:00,64336.417499999996,69199.91750000001,1.55,83.151115,13.138765,13,3,3,0,0,65296.9925,64029.0175,57920.46854166666
2023-03-09 14:00:00+01:00,62919.65,67492.65000000001,1.75,83.480385,12.313893,14,3,3,0,0,63481.385,62521.494999999995,57880.44458333333
2023-03-09 15:00:00+01:00,61361.4075,66223.44750000001,2.0,83.20773,10.495713,15,3,3,0,0,61822.0525,61651.9425,57857.03895833332
2023-03-09 16:00:00+01:00,60711.8725,65376.729999999996,1.7,86.88592,9.565437,16,3,3,0,0,61098.4425,61005.932499999995,57837.84541666667
2023-03-09 17:00:00+01:00,61443.065,65483.0825,1.75,87.207016,8.707237,17,3,3,0,0,62571.5075,62547.8825,57821.738333333335
2023-03-09 18:00:00+01:00,63836.1975,66762.255,1.2,92.372,7.0911775,18,3,3,0,0,64329.5225,65403.799999999996,57774.71989583334
2023-03-09 19:00:00+01:00,63262.2375,66619.27,0.85,96.108025,8.209263,19,3,3,0,0,64208.042499999996,64891.555,57754.16468750001
2023-03-09 20:00:00+01:00,59384.292499999996,63082.175,0.6,98.21031,8.534353,20,3,3,0,0,60572.1,61523.2375,57714.75614583333
2023-03-09 21:00:00+01:00,56269.015,60024.6,0.55,97.85491,9.565437,21,3,3,0,0,56780.4125,58011.625,57665.26416666666
2023-03-09 22:00:00+01:00,53864.675,57419.04,0.4,98.92098,10.144082,22,3,3,0,0,53779.682499999995,55437.535,57643.9559375
2023-03-09 23:00:00+01:00,50385.837499999994,54171.1425,0.4,98.20738,9.83268,23,3,3,0,0,50396.225,51623.72,57647.49729166667
2023-03-10 00:00:00+01:00,47422.0475,51124.275,0.4,98.563614,9.826088,0,4,3,0,0,47545.835,48773.5675,57647.06447916667
2023-03-10 01:00:00+01:00,46272.850000000006,49285.885,0.45,98.56419,10.636766,1,4,3,0,0,46086.667499999996,47376.765,57641.90666666667
2023-03-10 02:00:00+01:00,45826.1175,48631.035,0.65,97.85667,11.874544,2,4,3,0,0,45618.317500000005,46781.1675,57649.66427083333
2023-03-10 03:00:00+01:00,46391.6825,49135.45,0.7,98.211754,12.620554,3,4,3,0,0,46450.8925,47063.525,57658.322604166664
2023-03-10 04:00:00+01:00,48328.94,50436.3725,0.9,97.86099,12.959999,4,4,3,0,0,47658.3775,48294.7725,57655.855520833335
2023-03-10 05:00:00+01:00,50983.505000000005,53452.275,1.15,97.513504,12.144331,5,4,3,0,0,50358.08,51053.81,57683.795625
2023-03-10 06:00:00+01:00,57500.16,59647.0175,1.45,96.82092,9.9571085,6,4,3,0,0,56778.005,57279.8575,57709.855
2023-03-10 07:00:00+01:00,62100.2,64080.1175,1.55,98.22406,10.308831,7,4,3,0,0,61327.3375,62215.6875,57739.94479166667
2023-03-10 08:00:00+01:00,65264.775,66974.35500000001,2.25,97.88425,9.3876505,8,4,3,0,0,63803.0525,65219.91499999999,57772.14739583333
2023-03-10 09:00:00+01:00,65828.325,67996.265,4.0,95.52869,5.8048253,9,4,3,0,0,64522.6325,65787.66,57833.0525
2023-03-10 10:00:00+01:00,66397.0,68793.94,6.7,92.692535,12.313894,10,4,3,0,0,65044.7675,66691.535,57887.45635416667
2023-03-10 11:00:00+01:00,66089.3625,69424.5125,9.7,84.42361,19.130875,11,4,3,0,0,65478.215,66014.4725,57943.799375
2023-03-10 12:00:00+01:00,65722.475,68763.5975,8.3,87.82558,13.979871,12,4,3,0,0,65082.7,65402.6525,57969.26385416667
2023-03-10 13:00:00+01:00,63848.3975,67623.1525,6.55,91.08888,12.4811535,13,4,3,0,0,64336.417499999996,63874.0075,57995.92114583333
2023-03-10 14:00:00+01:00,62103.667499999996,65964.3425,6.65,85.257286,12.984975,14,4,3,0,0,62919.65,62097.43,57975.58697916666
2023-03-10 15:00:00+01:00,61805.89,65160.9925,5.25,87.54312,13.009903,15,4,3,0,0,61361.4075,60632.655,57941.58770833334
2023-03-10 16:00:00+01:00,61559.1525,64273.975,4.7,86.873,10.805999,16,4,3,0,0,60711.8725,60315.604999999996,57960.1078125
2023-03-10 17:00:00+01:00,62959.8125,64623.655,3.8,88.031494,10.137692,17,4,3,0,0,61443.065,61573.8675,57995.41114583334
2023-03-10 18:00:00+01:00,64892.9575,65916.3425,3.0,90.19357,11.753877,18,4,3,0,0,63836.1975,64113.759999999995,58058.60895833333
2023-03-10 19:00:00+01:00,64423.15,65473.752499999995,2.25,92.10329,11.384198,19,4,3,0,0,63262.2375,63654.5,58102.640625
2023-03-10 20:00:00+01:00,60764.3125,61715.25,1.8,92.40797,11.592894,20,4,3,0,0,59384.292499999996,60441.47,58151.01197916667
2023-03-10 21:00:00+01:00,56691.8125,58361.7325,1.5,93.05996,12.218805,21,4,3,0,0,56269.015,57573.685,58208.512812500005
2023-03-10 22:00:00+01:00,54192.405,55720.405,1.35,93.05173,11.966954,22,4,3,0,0,53864.675,55285.2,58226.129375
2023-03-10 23:00:00+01:00,51646.770000000004,52756.3825,1.15,95.77115,12.031756,23,4,3,0,0,50385.837499999994,51931.785,58239.784791666665
2023-03-11 00:00:00+01:00,49568.8725,50806.575,1.1,96.115845,11.923557,0,5,3,1,0,47422.0475,48945.34,58292.323645833334
2023-03-11 01:00:00+01:00,48358.1325,49263.125,0.65,95.75414,16.676977,1,5,3,1,0,46272.850000000006,47287.4425,58381.774687499994
2023-03-11 02:00:00+01:00,47819.31,48532.18,0.45,94.3658,25.14852,2,5,3,1,0,45826.1175,46299.619999999995,58468.661458333336
2023-03-11 03:00:00+01:00,47673.66,48417.8875,0.75,93.69678,26.368616,3,5,3,1,0,46391.6825,46452.9825,58551.71114583334
2023-03-11 04:00:00+01:00,46930.32,48548.19,1.0,93.37033,28.28464,4,5,3,1,0,48328.94,46418.1725,58605.126874999994
2023-03-11 05:00:00+01:00,46726.285,48727.6475,0.95,93.706795,26.478971,5,5,3,1,0,50983.505000000005,46224.8475,58546.85104166667
2023-03-11 06:00:00+01:00,47231.48,49723.595,0.85,92.68699,24.703974,6,5,3,1,0,57500.16,47509.865,58369.46687499999
2023-03-11 07:00:00+01:00,49625.47,51539.375,0.65,90.67201,24.693481,7,5,3,1,0,62100.2,50179.345,57941.60520833333
2023-03-11 08:00:00+01:00,52835.3975,55057.6425,0.65,90.34187,25.277023,8,5,3,1,0,65264.775,53708.307499999995,57421.82479166667
2023-03-11 09:00:00+01:00,55435.7975,57792.495,1.15,80.39702,26.009844,9,5,3,1,0,65828.325,56798.5225,56903.9340625
2023-03-11 10:00:00+01:00,55824.072499999995,59716.6575,1.1,78.340645,24.195107,10,5,3,1,0,66397.0,59265.52,56470.91208333333
2023-03-11 11:00:00+01:00,56504.645000000004,60437.097499999996,2.7,63.92608,26.739542,11,5,3,1,0,66089.3625,59672.86,56030.3734375
2023-03-11 12:00:00+01:00,56210.5375,59660.245,3.25,59.898098,27.609911,12,5,3,1,0,65722.475,60122.6525,55631.010208333326
2023-03-11 13:00:00+01:00,54814.1475,58207.15,2.5,65.814354,25.071098,13,5,3,1,0,63848.3975,58633.317500000005,55234.67947916667
2023-03-11 14:00:00+01:00,53281.725,56753.685,3.35,59.476772,26.61323,14,5,3,1,0,62103.667499999996,56650.345,54858.25239583334
2023-03-11 15:00:00+01:00,51341.7,55890.5725,3.1,57.87158,23.4,15,5,3,1,0,61805.89,55209.4975,54490.67145833333
2023-03-11 16:00:00+01:00,50602.94,56059.085,3.25,54.728405,22.057161,16,5,3,1,0,61559.1525,54548.245,54054.66354166667
2023-03-11 17:00:00+01:00,53047.5075,57264.82,2.65,54.357582,15.844089,17,5,3,1,0,62959.8125,56574.865,53598.1546875
2023-03-11 18:00:00+01:00,56838.8825,58918.0025,0.8,59.04608,10.661107,18,5,3,1,0,64892.9575,58930.505000000005,53185.14197916666
2023-03-11 19:00:00+01:00,57250.82,57950.1475,-0.45,66.643486,11.726277,19,5,3,1,0,64423.15,57722.9725,52849.55552083333
2023-03-11 20:00:00+01:00,54202.785,54856.8925,-0.35,68.72325,15.937878,20,5,3,1,0,60764.3125,53873.945,52550.7084375
2023-03-11 21:00:00+01:00,51471.95,52551.5875,-0.2,71.673836,17.902534,21,5,3,1,0,56691.8125,51000.7425,52277.31145833334
2023-03-11 22:00:00+01:00,49888.229999999996,51017.91,-0.1,74.16136,19.296133,22,5,3,1,0,54192.405,49714.585,52059.817187500004
2023-03-11 23:00:00+01:00,47416.29,48735.055,-0.1,75.848145,20.275383,23,5,3,1,0,51646.770000000004,47259.015,51880.4765625
2023-03-12 00:00:00+01:00,45463.59,46990.655,-0.15,77.27147,20.523155,0,6,3,1,0,49568.8725,44904.0525,51704.2065625
2023-03-12 01:00:00+01:00,43770.49,45121.03,-0.3,79.293785,18.775301,1,6,3,1,0,48358.1325,42967.78,51533.153125000004
2023-03-12 02:00:00+01:00,42683.822499999995,44310.9775,-0.35,79.88003,18.359999,2,6,3,1,0,47819.31,42524.6475,51342.00135416666
2023-03-12 03:00:00+01:00,41760.4225,44180.16,-0.35,80.77824,16.575644,3,6,3,1,0,47673.66,42001.1875,51128.02270833333
2023-03-12 04:00:00+01:00,41991.575,44185.932499999995,-0.25,81.3959,14.759999,4,6,3,1,0,46930.32,42321.630000000005,50881.637812500005
2023-03-12 05:00:00+01:00,42023.417499999996,44106.215,-1.4,88.19689,12.245294,5,6,3,1,0,46726.285,42496.667499999996,50675.856770833336
2023-03-12 06:00:00+01:00,41615.5275,43768.615000000005,-2.05,90.13474,10.1376915,6,6,3,1,0,47231.48,42404.79,50479.903958333336
2023-03-12 07:00:00+01:00,42979.3325,45200.542499999996,-2.25,91.81722,9.6932955,7,6,3,1,0,49625.47,44219.255000000005,50245.9059375
2023-03-12 08:00:00+01:00,46565.667499999996,48113.1975,-0.6,87.61988,11.923557,8,6,3,1,0,52835.3975,47126.0025,49968.98354166667
2023-03-12 09:00:00+01:00,49652.165,50884.16,0.9,81.55456,10.464797,9,6,3,1,0,55435.7975,50276.17,49707.744791666664
2023-03-12 10:00:00+01:00,51460.85,53278.975,2.6,76.59127,10.028439,10,6,3,1,0,55824.072499999995,52932.4675,49466.760104166664
2023-03-12 11:00:00+01:00,53195.7125,55387.5075,3.65,71.896614,11.119281,11,6,3,1,0,56504.645000000004,54996.4625,49284.95916666667
2023-03-12 12:00:00+01:00,53505.4225,55040.985,4.2,66.19725,12.7279215,12,6,3,1,0,56210.5375,54485.495,49147.08697916666
2023-03-12 13:00:00+01:00,52176.5575,53484.0275,5.8,53.598408,14.081477,13,6,3,1,0,54814.1475,53032.4225,49034.37385416666
2023-03-12 14:00:00+01:00,50845.655,52342.034999999996,6.05,50.945335,15.542662,14,6,3,1,0,53281.725,51437.4775,48924.474270833336
2023-03-12 15:00:00+01:00,49798.1475,51858.1225,5.9,51.093437,18.448023,15,6,3,1,0,51341.7,50713.83,48822.97135416666
2023-03-12 16:00:00+01:00,49129.775,52112.36,4.35,57.335842,17.81909,16,6,3,1,0,50602.94,50721.520000000004,48758.65666666667
2023-03-12 17:00:00+01:00,51129.494999999995,53802.380000000005,2.75,72.784294,14.113653,17,6,3,1,0,53047.5075,52200.92,48697.27479166666
2023-03-12 18:00:00+01:00,53434.0175,55889.6125,1.95,83.809784,15.03835,18,6,3,1,0,56838.8825,54436.6725,48617.35760416667
2023-03-12 19:00:00+01:00,53573.5475,55715.9225,1.95,88.49933,15.4800005,19,6,3,1,0,57250.82,53705.9275,48475.488229166665
2023-03-12 20:00:00+01:00,50831.05,53539.865,2.75,88.56986,15.256526,20,6,3,1,0,54202.785,51028.0525,48322.26854166667
2023-03-12 21:00:00+01:00,49007.695,51815.6075,3.5,89.2708,16.08761,21,6,3,1,0,51471.95,49136.09,48181.77958333333
2023-03-12 22:00:00+01:00,48768.6325,51088.395000000004,4.7,90.32136,19.770523,22,6,3,1,0,49888.229999999996,48447.245,48079.10229166666
2023-03-12 23:00:00+01:00,46256.805,48576.645,5.7,89.449974,20.929594,23,6,3,1,0,47416.29,46194.1475,48032.45239583333
2023-03-13 00:00:00+01:00,44243.06,47408.455,6.15,89.799225,19.694992,0,0,3,0,0,45463.59,45161.38,47984.14052083332
2023-03-13 01:00:00+01:00,43606.4125,45881.5125,6.2,91.064926,16.870138,1,0,3,0,0,43770.49,44657.7475,47933.285104166665
2023-03-13 02:00:00+01:00,43377.2675,45346.399999999994,6.05,92.01231,15.124284,2,0,3,0,0,42683.822499999995,44002.0925,47926.44854166667
2023-03-13 03:00:00+01:00,44169.182499999995,45816.4475,6.65,90.46492,18.289274,3,0,3,0,0,41760.4225,43815.225,47955.34208333333
2023-03-13 04:00:00+01:00,46119.7875,47500.3825,6.65,90.77983,21.794127,4,0,3,0,0,41991.575,45589.8,48055.707083333335
2023-03-13 05:00:00+01:00,50504.165,50873.6125,6.7,90.78336,19.966211,5,0,3,0,0,42023.417499999996,48582.615,48227.7159375
2023-03-13 06:00:00+01:00,58084.8925,58064.93,6.8,90.475845,20.46941,6,0,3,0,0,41615.5275,55716.4675,48581.080416666664
2023-03-13 07:00:00+01:00,63973.0,63300.3225,6.9,90.79745,21.518847,7,0,3,0,0,42979.3325,60916.355,49267.30395833333
2023-03-13 08:00:00+01:00,67157.3625,66661.45,7.25,90.50848,22.702845,8,0,3,0,0,46565.667499999996,64823.655,50142.04010416666
2023-03-13 09:00:00+01:00,68017.015,67916.7225,8.0,89.94166,25.12016,9,0,3,0,0,49652.165,65547.24,51000.027395833335
2023-03-13 10:00:00+01:00,68177.7225,69079.8725,8.9,87.88004,25.959969,10,0,3,0,0,51460.85,66376.885,51765.22947916667
2023-03-13 11:00:00+01:00,68468.57250000001,69827.31,9.9,86.48634,26.649727,11,0,3,0,0,53195.7125,67018.8225,52461.76583333334
2023-03-13 12:00:00+01:00,68396.305,69416.8575,11.5,82.6497,26.478971,12,0,3,0,0,53505.4225,66557.6925,53098.13500000001
2023-03-13 13:00:00+01:00,67543.16,68642.445,11.75,86.08906,27.248455,13,0,3,0,0,52176.5575,65850.625,53718.5884375
2023-03-13 14:00:00+01:00,65395.4775,67146.9875,14.65,77.715034,24.485292,14,0,3,0,0,50845.655,65222.8225,54358.86354166666
2023-03-13 15:00:00+01:00,64177.955,66113.7325,15.3,73.05822,28.766228,15,0,3,0,0,49798.1475,63818.3925,54965.106145833335
2023-03-13 16:00:00+01:00,62848.7725,65222.7575,15.15,74.01154,28.8,16,0,3,0,0,49129.775,63239.8275,55564.26479166667
2023-03-13 17:00:00+01:00,62925.065,66065.22750000001,14.85,72.49079,28.732422,17,0,3,0,0,51129.494999999995,63885.2875,56135.8896875
2023-03-13 18:00:00+01:00,65325.66,67626.1075,13.85,74.53196,25.376808,18,0,3,0,0,53434.0175,66128.775,56627.37177083333
2023-03-13 19:00:00+01:00,65803.4575,67399.92749999999,13.35,75.45655,26.072052,19,0,3,0,0,53573.5475,65586.8925,57122.856875
2023-03-13 20:00:00+01:00,63090.4,64146.305,13.15,75.42309,24.408424,20,0,3,0,0,50831.05,62656.23,57632.43645833333
2023-03-13 21:00:00+01:00,59318.835,60936.740000000005,12.35,80.82966,21.028437,21,0,3,0,0,49007.695,58790.755000000005,58143.24270833333
2023-03-13 22:00:00+01:00,56232.45,58417.0475,11.95,82.70557,21.566973,22,0,3,0,0,48768.6325,56336.515,58572.87354166667
2023-03-13 23:00:00+01:00,52993.8225,55120.905,11.6,84.923004,19.386593,23,0,3,0,0,46256.805,53367.4275,58883.8659375
2023-03-14 00:00:00+01:00,49260.1075,50488.7,11.3,86.04319,17.174677,0,1,3,0,0,44243.06,50621.7325,59164.575000000004
2023-03-14 01:00:00+01:00,46906.7475,48725.82,10.6,87.43916,15.379206,1,1,3,0,0,43606.4125,48768.4875,59373.61864583333
2023-03-14 02:00:00+01:00,46578.990000000005,48317.925,10.75,81.996086,19.592731,2,1,3,0,0,43377.2675,48596.025,59511.13260416666
2023-03-14 03:00:00+01:00,47184.3625,49023.685,10.6,84.238846,22.226902,3,1,3,0,0,44169.182499999995,49502.775,59644.53770833334
2023-03-14 04:00:00+01:00,48799.1,50928.79,10.55,80.8591,24.514387,4,1,3,0,0,46119.7875,50649.5225,59770.17020833333
2023-03-14 05:00:00+01:00,52207.8525,54728.042499999996,10.4,78.116165,24.063513,5,1,3,0,0,50504.165,53833.292499999996,59881.80822916667
2023-03-14 06:00:00+01:00,59196.29,61604.4475,9.75,79.09956,21.028437,6,1,3,0,0,58084.8925,59933.6425,59952.795208333344
2023-03-14 07:00:00+01:00,62980.835,64715.807499999995,9.5,79.610085,21.94524,7,1,3,0,0,63973.0,64068.13,59999.103437499994
2023-03-14 08:00:00+01:00,65081.45,67080.23999999999,10.4,75.99686,23.469128,8,1,3,0,0,67157.3625,66438.36,59957.763229166674
2023-03-14 09:00:00+01:00,65797.155,67930.41750000001,11.55,71.14148,23.686249,9,1,3,0,0,68017.015,67748.4625,59871.266875
2023-03-14 10:00:00+01:00,66557.3575,69235.2,12.4,68.904755,22.932877,10,1,3,0,0,68177.7225,68589.64,59778.77270833334
2023-03-14 11:00:00+01:00,67891.6375,70099.0625,13.2,63.836624,27.333935,11,1,3,0,0,68468.57250000001,68656.4875,59711.2575
2023-03-14 12:00:00+01:00,68544.5325,69425.34,13.35,63.433086,28.00837,12,1,3,0,0,68396.305,68163.38500000001,59687.21854166666
2023-03-14 13:00:00+01:00,67574.2975,68425.125,13.05,64.02265,27.248455,13,1,3,0,0,67543.16,67614.2325,59693.3946875
2023-03-14 14:00:00+01:00,66017.5925,66944.91,13.5,64.565346,23.441502,14,1,3,0,0,65395.4775,66131.3325,59694.692083333335
2023-03-14 15:00:00+01:00,64655.79,65905.7525,13.65,61.56779,23.333443,15,1,3,0,0,64177.955,65352.7375,59720.61354166667
2023-03-14 16:00:00+01:00,64343.72,65215.0775,11.85,74.43826,19.107151,16,1,3,0,0,62848.7725,64536.7275,59740.52333333334
2023-03-14 17:00:00+01:00,64555.917499999996,66041.5175,4.3,91.90333,33.270313,17,1,3,0,0,62925.065,65746.36750000001,59802.8128125
2023-03-14 18:00:00+01:00,65767.3175,67433.405,2.5,99.29173,20.808498,18,1,3,0,0,65325.66,67470.775,59870.76500000001
2023-03-14 19:00:00+01:00,65813.4725,67037.9975,3.05,95.49485,21.068459,19,1,3,0,0,65803.4575,67563.52,59889.167395833334
2023-03-14 20:00:00+01:00,63141.93,63769.6425,4.05,81.39278,24.490585,20,1,3,0,0,63090.4,63554.1375,59889.584687500006
2023-03-14 21:00:00+01:00,59173.57,60510.335,3.4,74.79446,20.380579,21,1,3,0,0,59318.835,60101.1725,59891.731770833336
2023-03-14 22:00:00+01:00,56105.082500000004,57862.0525,2.85,70.17263,20.696085,22,1,3,0,0,56232.45,57396.59,59885.67906250001
2023-03-14 23:00:00+01:00,52336.229999999996,54360.3475,2.25,68.253136,19.914217,23,1,3,0,0,52993.8225,53587.8875,59880.37208333334
2023-03-15 00:00:00+01:00,50351.96,51668.7575,1.7,70.19732,18.374111,0,2,3,0,0,49260.1075,50780.875,59852.97239583334
2023-03-15 01:00:00+01:00,49629.245,49908.7225,1.1,75.21414,17.731598,1,2,3,0,0,46906.7475,49336.0275,59898.466250000005
2023-03-15 02:00:00+01:00,49405.0,49375.8975,1.1,74.38091,17.518356,2,2,3,0,0,46578.990000000005,48891.3475,60011.903645833336
2023-03-15 03:00:00+01:00,49324.7375,49855.205,0.75,76.56222,17.414476,3,2,3,0,0,47184.3625,48817.5875,60129.6540625
2023-03-15 04:00:00+01:00,49677.285,51181.667499999996,0.45,79.113815,14.973576,4,2,3,0,0,48799.1,49657.56,60218.83635416667
2023-03-15 05:00:00+01:00,52630.395,54396.6075,-0.15,82.93474,12.758432,5,2,3,0,0,52207.8525,52704.41,60255.42739583333
2023-03-15 06:00:00+01:00,59285.68,60538.354999999996,-0.6,86.01275,12.10157,6,2,3,0,0,59196.29,58352.97,60273.033333333326
2023-03-15 07:00:00+01:00,63570.4,65607.03,-0.1,84.49089,13.854155,7,2,3,0,0,62980.835,62329.1875,60276.75791666668
2023-03-15 08:00:00+01:00,66463.27249999999,68776.3275,1.8,77.02174,15.937878,8,2,3,0,0,65081.45,64740.96,60301.323124999995
2023-03-15 09:00:00+01:00,67406.865,69608.41500000001,3.3,69.49362,22.33161,9,2,3,0,0,65797.155,65698.7575,60358.89906249999
2023-03-15 10:00:00+01:00,67658.5825,70459.6875,4.1,65.44874,19.70815,10,2,3,0,0,66557.3575,66992.7775,60425.970312499994
2023-03-15 11:00:00+01:00,68025.48,71181.4375,5.0,59.234116,18.228943,11,2,3,0,0,67891.6375,67724.2625,60471.854687499996
2023-03-15 12:00:00+01:00,67821.87,70574.5375,5.9,51.47598,17.811815,12,2,3,0,0,68544.5325,66716.2825,60477.43145833333
2023-03-15 13:00:00+01:00,66886.7225,69815.675,5.95,57.118153,13.661038,13,2,3,0,0,67574.2975,65296.9925,60447.32052083334
2023-03-15 14:00:00+01:00,65621.385,68227.34,6.45,55.795155,13.75558,14,2,3,0,0,66017.5925,63481.385,60418.6715625
2023-03-15 15:00:00+01:00,63991.99,66605.685,6.45,54.374676,15.856356,15,2,3,0,0,64655.79,61822.0525,60402.16291666666
2023-03-15 16:00:00+01:00,62423.98,65979.11,5.9,55.443565,18.416384,16,2,3,0,0,64343.72,61098.4425,60374.50458333333
2023-03-15 17:00:00+01:00,61723.275,66175.76,5.05,56.882324,19.416653,17,2,3,0,0,64555.917499999996,62571.5075,60294.51541666666
2023-03-15 18:00:00+01:00,63771.035,67607.2075,3.2,68.70926,14.440443,18,2,3,0,0,65767.3175,64329.5225,60176.488645833335
2023-03-15 19:00:00+01:00,64838.7825,67456.19,1.6,78.99817,13.004921,19,2,3,0,0,65813.4725,64208.042499999996,60093.310208333336
2023-03-15 20:00:00+01:00,60888.91,63962.1575,0.95,84.92461,11.901798,20,2,3,0,0,63141.93,60572.1,60052.698124999995
2023-03-15 21:00:00+01:00,57240.9225,60637.965,0.4,85.174515,10.08,21,2,3,0,0,59173.57,56780.4125,59958.82229166667
2023-03-15 22:00:00+01:00,54578.34,57568.9925,-0.05,84.80969,10.853866,22,2,3,0,0,56105.082500000004,53779.682499999995,59878.2953125
2023-03-15 23:00:00+01:00,51946.7375,53977.905,-0.25,84.160904,10.8955765,23,2,3,0,0,52336.229999999996,50396.225,59814.68104166666
2023-03-16 00:00:00+01:00,50151.2525,51190.564999999995,-0.65,86.64729,10.739833,0,3,3,0,0,50351.96,47545.835,59798.4521875
2023-03-16 01:00:00+01:00,49055.31,49458.645000000004,-0.8,88.251915,10.30883,1,3,3,0,0,49629.245,46086.667499999996,59790.089375
2023-03-16 02:00:00+01:00,48345.744999999995,48955.4625,-1.1,88.88141,10.24578,2,3,3,0,0,49405.0,45618.317500000005,59766.17541666667
2023-03-16 03:00:00+01:00,48777.75,49341.745,-1.5,89.50981,8.654986,3,3,3,0,0,49324.7375,46450.8925,59722.03979166667
2023-03-16 04:00:00+01:00,49363.4975,50310.149999999994,-1.9,90.146416,8.350138,4,3,3,0,0,49677.285,47658.3775,59699.24864583334
2023-03-16 05:00:00+01:00,52942.424999999996,53419.384999999995,-2.15,90.46406,8.4042845,5,3,3,0,0,52630.395,50358.08,59686.17416666667
2023-03-16 06:00:00+01:00,58675.6375,59557.93,-2.15,89.79095,9.107359,6,3,3,0,0,59285.68,56778.005,59699.17541666667
2023-03-16 07:00:00+01:00,62281.9725,64348.4475,-1.65,89.16491,8.427383,7,3,3,0,0,63570.4,61327.3375,59673.75697916667
2023-03-16 08:00:00+01:00,64496.5225,67033.1175,0.4,85.174515,8.913181,8,3,3,0,0,66463.27249999999,63803.0525,59620.0725
2023-03-16 09:00:00+01:00,64734.51,67721.905,2.5,75.73735,6.3690495,9,3,3,0,0,67406.865,64522.6325,59538.12458333333
2023-03-16 10:00:00+01:00,64934.6975,68856.2525,4.55,67.74585,6.792466,10,3,3,0,0,67658.5825,65044.7675,59426.776458333334
2023-03-16 11:00:00+01:00,65104.7525,69308.51250000001,6.5,55.19577,8.891343,11,3,3,0,0,68025.48,65478.215,59313.28125
2023-03-16 12:00:00+01:00,64309.875,69158.83499999999,7.55,46.13361,9.0,12,3,3,0,0,67821.87,65082.7,59191.58427083333
2023-03-16 13:00:00+01:00,62965.3625,68694.89499999999,7.95,45.061356,10.105681,13,3,3,0,0,66886.7225,64336.417499999996,59045.251145833325
2023-03-16 14:00:00+01:00,61513.9825,67563.30500000001,8.35,41.15398,11.177405,14,3,3,0,0,65621.385,62919.65,58881.86114583333
2023-03-16 15:00:00+01:00,60410.005,66551.3725,8.55,39.39793,12.24,15,3,3,0,0,63991.99,61361.4075,58710.71937500001
2023-03-16 16:00:00+01:00,59936.7725,65409.5425,8.35,38.45694,13.979872,16,3,3,0,0,62423.98,60711.8725,58561.47
2023-03-16 17:00:00+01:00,61718.66,65756.6225,7.35,44.71755,12.984975,17,3,3,0,0,61723.275,61443.065,58457.83635416667
2023-03-16 18:00:00+01:00,64479.545,66676.48000000001,5.25,49.963345,11.966954,18,3,3,0,0,63771.035,63836.1975,58457.6440625
2023-03-16 19:00:00+01:00,66588.54000000001,66547.4825,4.05,52.321327,14.264361,19,3,3,0,0,64838.7825,63262.2375,58487.1653125
2023-03-16 20:00:00+01:00,62606.735,63122.67,4.35,51.81603,16.563911,20,3,3,0,0,60888.91,59384.292499999996,58560.071875
2023-03-16 21:00:00+01:00,59002.6525,59945.0325,4.25,52.97236,16.92383,21,3,3,0,0,57240.9225,56269.015,58631.64791666666
2023-03-16 22:00:00+01:00,55868.0075,56986.685,4.05,56.618374,17.477621,22,3,3,0,0,54578.34,53864.675,58705.05333333334
2023-03-16 23:00:00+01:00,52838.705,53522.277500000004,3.75,60.473164,17.782686,23,3,3,0,0,51946.7375,50385.837499999994,58758.78947916667
2023-03-17 00:00:00+01:00,50122.270000000004,51302.442500000005,2.95,63.74712,18.289274,0,4,3,0,0,50151.2525,47422.0475,58795.954791666656
2023-03-17 01:00:00+01:00,48237.42,49731.09,4.25,57.52382,19.67195,1,4,3,0,0,49055.31,46272.850000000006,58794.7471875
2023-03-17 02:00:00+01:00,47795.115,49218.229999999996,3.7,58.24545,18.875126,2,4,3,0,0,48345.744999999995,45826.1175,58760.6684375
2023-03-17 03:00:00+01:00,48127.695,49586.307499999995,3.25,58.56658,18.581022,3,4,3,0,0,48777.75,46391.6825,58737.72552083334
2023-03-17 04:00:00+01:00,49252.7225,50869.5425,3.3,57.923786,17.673029,4,4,3,0,0,49363.4975,48328.94,58710.63989583333
2023-03-17 05:00:00+01:00,52433.7725,53906.0,3.0,58.72222,16.676977,5,4,3,0,0,52942.424999999996,50983.505000000005,58706.02427083333
2023-03-17 06:00:00+01:00,58686.305,59870.1625,2.95,58.05051,16.78156,6,4,3,0,0,58675.6375,57500.16,58684.830416666664
2023-03-17 07:00:00+01:00,63152.235,63873.082500000004,3.0,58.72222,18.218275,7,4,3,0,0,62281.9725,62100.2,58685.27489583333
2023-03-17 08:00:00+01:00,65562.3475,66550.255,3.9,58.515297,20.380579,8,4,3,0,0,64496.5225,65264.775,58721.535833333335
2023-03-17 09:00:00+01:00,65527.152500000004,67534.1375,5.05,59.906628,18.947083,9,4,3,0,0,64734.51,65828.325,58765.94520833334
2023-03-17 10:00:00+01:00,65131.07,68090.405,6.85,56.51907,19.576189,10,4,3,0,0,64934.6975,66397.0,58798.97197916667
2023-03-17 11:00:00+01:00,63683.1,68546.9925,9.0,53.48659,19.576189,11,4,3,0,0,65104.7525,66089.3625,58807.154166666674
2023-03-17 12:00:00+01:00,62653.2325,67791.9075,10.9,51.17434,19.576189,12,4,3,0,0,64309.875,65722.475,58747.918645833335
2023-03-17 13:00:00+01:00,62034.6825,66629.765,12.1,47.101723,19.469976,13,4,3,0,0,62965.3625,63848.3975,58678.891875
2023-03-17 14:00:00+01:00,59716.8675,64870.66,12.75,47.455315,19.67195,14,4,3,0,0,61513.9825,62103.667499999996,58640.11354166667
2023-03-17 15:00:00+01:00,59940.9675,63760.03,13.0,48.724823,20.304129,15,4,3,0,0,60410.005,61805.89,58565.23374999999
2023-03-17 16:00:00+01:00,59374.3925,62921.39,12.6,51.822968,17.786331,16,4,3,0,0,59936.7725,61559.1525,58545.690520833334
2023-03-17 17:00:00+01:00,60775.36,63077.815,11.65,54.776043,16.199999,17,4,3,0,0,61718.66,62959.8125,58522.25802083334
2023-03-17 18:00:00+01:00,62740.18,63885.735,10.25,55.18995,15.778516,18,4,3,0,0,64479.545,64892.9575,58482.95385416666
2023-03-17 19:00:00+01:00,63152.7775,64015.94,9.2,55.70973,16.78156,19,4,3,0,0,66588.54000000001,64423.15,58410.4803125
2023-03-17 20:00:00+01:00,59013.7975,60793.45,8.6,57.181232,17.974781,20,4,3,0,0,62606.735,60764.3125,58267.323541666665
2023-03-17 21:00:00+01:00,55113.785,57684.457500000004,7.7,60.78399,15.778518,21,4,3,0,0,59002.6525,56691.8125,58117.61781250001
2023-03-17 22:00:00+01:00,52074.8475,55272.475,6.8,65.11016,14.48972,22,4,3,0,0,55868.0075,54192.405,57955.581666666665
2023-03-17 23:00:00+01:00,48718.2775,52303.375,6.5,67.430786,14.658676,23,4,3,0,0,52838.705,51646.770000000004,57797.53333333333
2023-03-18 00:00:00+01:00,46173.4225,48474.880000000005,6.75,66.044014,14.8257065,0,5,3,1,0,50122.270000000004,49568.8725,57625.84885416667
2023-03-18 01:00:00+01:00,43657.0325,46615.3675,5.95,72.079285,12.641076,1,5,3,1,0,48237.42,48358.1325,57461.31354166667
2023-03-18 02:00:00+01:00,42528.21,45251.7125,6.95,68.50232,12.074766,2,5,3,1,0,47795.115,47819.31,57270.464062499996
2023-03-18 03:00:00+01:00,41405.545,44868.695,6.6,66.01068,11.966953,3,5,3,1,0,48127.695,47673.66,57051.009687499994
2023-03-18 04:00:00+01:00,41580.92,44899.035,6.2,66.640366,11.177405,4,5,3,1,0,49252.7225,46930.32,56770.92010416667
2023-03-18 05:00:00+01:00,42526.535,45121.175,5.7,69.734055,10.538843,5,5,3,1,0,52433.7725,46726.285,56451.261666666665
2023-03-18 06:00:00+01:00,43662.8375,45944.192500000005,5.3,76.762375,9.36,6,5,3,1,0,58686.305,47231.48,56038.46010416667
2023-03-18 07:00:00+01:00,46487.625,48495.8975,5.65,76.81992,11.609651,7,5,3,1,0,63152.235,49625.47,55412.48229166667
2023-03-18 08:00:00+01:00,49755.175,52091.225,7.5,72.11775,14.264361,8,5,3,1,0,65562.3475,52835.3975,54718.12354166666
2023-03-18 09:00:00+01:00,52071.167499999996,54870.1725,9.45,69.995,12.144331,9,5,3,1,0,65527.152500000004,55435.7975,54059.49135416667
2023-03-18 10:00:00+01:00,52762.4625,55958.325,11.15,67.93915,11.966953,10,5,3,1,0,65131.07,55824.072499999995,53498.8253125
2023-03-18 11:00:00+01:00,53159.5275,55923.4375,12.6,67.079285,11.440979,11,5,3,1,0,63683.1,56504.645000000004,52983.46666666667
2023-03-18 12:00:00+01:00,52464.475,55961.675,14.45,66.11034,10.495713,12,5,3,1,0,62653.2325,56210.5375,52544.98447916666
2023-03-18 13:00:00+01:00,51118.7975,54417.92,16.15,58.675755,9.007196,13,5,3,1,0,62034.6825,54814.1475,52120.45291666667
2023-03-18 14:00:00+01:00,49167.1225,52595.085,16.9,57.677208,9.449572,14,5,3,1,0,59716.8675,53281.725,51665.62437499999
2023-03-18 15:00:00+01:00,47727.735,51688.8625,17.25,56.98865,10.195057,15,5,3,1,0,59940.9675,51341.7,51226.051666666666
2023-03-18 16:00:00+01:00,47340.1575,51687.91,17.15,57.15664,8.404285,16,5,3,1,0,59374.3925,50602.94,50717.16697916667
2023-03-18 17:00:00+01:00,49382.244999999995,53111.985,15.8,72.42254,4.39436,17,5,3,1,0,60775.36,53047.5075,50215.74052083333
2023-03-18 18:00:00+01:00,52112.2625,55328.2275,12.65,77.92991,9.0,18,5,3,1,0,62740.18,56838.8825,49741.027395833335
2023-03-18 19:00:00+01:00,52704.085,55385.417499999996,11.15,80.94065,8.587338,19,5,3,1,0,63152.7775,57250.82,49298.1975
2023-03-18 20:00:00+01:00,49531.6075,52307.74,9.7,87.058,7.42159,20,5,3,1,0,59013.7975,54202.785,48862.83531250001
2023-03-18 21:00:00+01:00,46569.9875,49845.6475,9.05,90.021194,9.693296,21,5,3,1,0,55113.785,51471.95,48467.744062499994
2023-03-18 22:00:00+01:00,44785.145000000004,48208.03,8.45,88.749374,8.049845,22,5,3,1,0,52074.8475,49888.229999999996,48111.7525
2023-03-18 23:00:00+01:00,42113.14,45608.345,7.05,89.55776,7.69592,23,5,3,1,0,48718.2775,47416.29,47808.01489583333
2023-03-19 00:00:00+01:00,39587.0775,43279.8975,6.0,90.102,7.2805495,0,6,3,1,0,46173.4225,45463.59,47532.800833333335
2023-03-19 01:00:00+01:00,38093.2725,41505.465,6.55,87.66467,6.28713,1,6,3,1,0,43657.0325,43770.49,47258.369791666664
2023-03-19 02:00:00+01:00,36816.8025,40541.6525,6.05,88.854256,7.491114,2,6,3,1,0,42528.21,42683.822499999995,47026.54645833333
2023-03-19 03:00:00+01:00,37135.4075,40465.5125,5.35,89.42176,7.968939,3,6,3,1,0,41405.545,41760.4225,46788.57114583333
2023-03-19 04:00:00+01:00,37143.015,40867.875,4.9,90.65517,7.24486,4,6,3,1,0,41580.92,41991.575,46610.64875
2023-03-19 05:00:00+01:00,37580.5925,41229.229999999996,5.1,90.669556,5.95906,5,6,3,1,0,42526.535,42023.417499999996,46425.736041666656
2023-03-19 06:00:00+01:00,37873.2725,41586.69,6.3,87.03015,7.754637,6,6,3,1,0,43662.8375,41615.5275,46219.65510416666
2023-03-19 07:00:00+01:00,39926.9925,43331.3725,7.0,88.9342,6.489992,7,6,3,1,0,46487.625,42979.3325,45978.42322916668
2023-03-19 08:00:00+01:00,43822.675,46510.692500000005,8.75,89.38479,6.8399997,8,6,3,1,0,49755.175,46565.667499999996,45705.06354166667
2023-03-19 09:00:00+01:00,46643.1125,49349.2675,9.15,87.602554,6.8399997,9,6,3,1,0,52071.167499999996,49652.165,45457.87604166667
2023-03-19 10:00:00+01:00,48985.07,51673.994999999995,10.7,85.981705,7.42159,10,6,3,1,0,52762.4625,51460.85,45231.707083333335
2023-03-19 11:00:00+01:00,50861.9325,54062.395000000004,12.5,80.57844,6.989936,11,6,3,1,0,53159.5275,53195.7125,45074.31572916667
2023-03-19 12:00:00+01:00,50552.4825,54138.0225,14.6,75.91702,8.669949,12,6,3,1,0,52464.475,53505.4225,44978.582604166666
2023-03-19 13:00:00+01:00,48228.07,52194.13,14.15,73.836624,13.849477,13,6,3,1,0,51118.7975,52176.5575,44898.91625
2023-03-19 14:00:00+01:00,46503.5,50703.115000000005,15.0,66.228386,15.03835,14,6,3,1,0,49167.1225,50845.655,44778.46927083333
2023-03-19 15:00:00+01:00,45599.1175,50083.015,15.3,66.06947,15.978484,15,6,3,1,0,47727.735,49798.1475,44667.48499999999
2023-03-19 16:00:00+01:00,45525.6125,50185.5375,14.35,66.99191,15.042659,16,6,3,1,0,47340.1575,49129.775,44578.792604166665
2023-03-19 17:00:00+01:00,47194.315,52140.6025,13.65,71.05876,10.587918,17,6,3,1,0,49382.244999999995,51129.494999999995,44503.1865625
2023-03-19 18:00:00+01:00,49302.81,54437.525,12.05,76.52808,7.8954163,18,6,3,1,0,52112.2625,53434.0175,44412.02281250001
2023-03-19 19:00:00+01:00,50098.634999999995,54800.41,9.5,82.96604,7.24486,19,6,3,1,0,52704.085,53573.5475,44294.96229166666
2023-03-19 20:00:00+01:00,47629.0225,52673.9975,9.1,84.35518,7.172949,20,6,3,1,0,49531.6075,50831.05,44186.401875
2023-03-19 21:00:00+01:00,45367.9875,50891.895000000004,9.8,88.561226,8.699793,21,6,3,1,0,46569.9875,49007.695,44107.1275
2023-03-19 22:00:00+01:00,44956.2225,49986.11,8.4,93.42372,7.4128532,22,6,3,1,0,44785.145000000004,48768.6325,44057.04416666667
2023-03-19 23:00:00+01:00,42594.915,47643.905,7.2,96.2996,7.42159,23,6,3,1,0,42113.14,46256.805,44064.17239583333
2023-03-20 00:00:00+01:00,41260.915,45501.6125,6.85,97.289116,7.289444,0,0,3,0,0,39587.0775,44243.06,44084.24635416666
2023-03-20 01:00:00+01:00,40316.4375,43842.8675,9.2,90.03249,8.049845,1,0,3,0,0,38093.2725,43606.4125,44153.989583333336
2023-03-20 02:00:00+01:00,39967.9525,43640.6875,8.35,93.74081,6.1305785,2,0,3,0,0,36816.8025,43377.2675,44246.621458333335
2023-03-20 03:00:00+01:00,40555.2525,44365.555,7.3,95.97242,6.6087217,3,0,3,0,0,37135.4075,44169.182499999995,44377.919375
2023-03-20 04:00:00+01:00,42429.8975,46220.17,6.95,96.29232,8.350138,4,0,3,0,0,37143.015,46119.7875,44520.41291666666
2023-03-20 05:00:00+01:00,46683.9425,50399.0875,6.6,96.2821,7.9526596,5,0,3,0,0,37580.5925,50504.165,44740.6996875
2023-03-20 06:00:00+01:00,53908.5475,58314.68,6.25,96.9404,8.28,6,0,3,0,0,37873.2725,58084.8925,45120.005937500006
2023-03-20 07:00:00+01:00,59029.1325,63934.835,6.55,97.282684,9.36,7,0,3,0,0,39926.9925,63973.0,45788.14239583333
2023-03-20 08:00:00+01:00,62002.45,67424.3425,7.8,95.00768,13.084402,8,0,3,0,0,43822.675,67157.3625,46584.06489583334
2023-03-20 09:00:00+01:00,62719.5975,68435.2675,8.75,93.760086,16.45007,9,0,3,0,0,46643.1125,68017.015,47341.55552083333
2023-03-20 10:00:00+01:00,63503.585,69512.39749999999,9.3,88.82089,18.161278,10,0,3,0,0,48985.07,68177.7225,48011.409062499995
2023-03-20 11:00:00+01:00,63825.575,70432.765,10.9,77.12976,20.929596,11,0,3,0,0,50861.9325,68468.57250000001,48616.3471875
2023-03-20 12:00:00+01:00,63781.6525,70115.55,11.1,73.798546,18.733839,12,0,3,0,0,50552.4825,68396.305,49156.49895833334
2023-03-20 13:00:00+01:00,63483.2875,69394.7375,11.6,69.937195,20.532627,13,0,3,0,0,48228.07,67543.16,49707.714375
2023-03-20 14:00:00+01:00,61547.6775,67713.19,11.7,67.819176,20.188908,14,0,3,0,0,46503.5,65395.4775,50343.348437500004
2023-03-20 15:00:00+01:00,60300.0625,65940.71,11.35,69.16707,19.08,15,0,3,0,0,45599.1175,64177.955,50970.18916666667
2023-03-20 16:00:00+01:00,59537.1275,64987.207500000004,11.0,72.02313,12.682018,16,0,3,0,0,45525.6125,62848.7725,51582.72854166667
2023-03-20 17:00:00+01:00,60623.3675,65041.5375,10.4,78.65409,12.959999,17,0,3,0,0,47194.315,62925.065,52166.541666666664
2023-03-20 18:00:00+01:00,62400.8925,66711.015,9.65,84.12952,11.966953,18,0,3,0,0,49302.81,65325.66,52726.08552083333
2023-03-20 19:00:00+01:00,63110.5775,66655.75,9.0,84.63428,11.792404,19,0,3,0,0,50098.634999999995,65803.4575,53271.838958333334
2023-03-20 20:00:00+01:00,59377.695,62976.5,8.55,82.56214,9.779817,20,0,3,0,0,47629.0225,63090.4,53814.00322916667
2023-03-20 21:00:00+01:00,55683.0,59313.165,8.2,80.25499,9.0645685,21,0,3,0,0,45367.9875,59318.835,54303.53125
2023-03-20 22:00:00+01:00,52278.9975,56047.4475,7.85,79.64712,9.028754,22,0,3,0,0,44956.2225,56232.45,54733.323437499996
2023-03-20 23:00:00+01:00,48243.7875,52364.925,7.65,79.89706,8.825508,23,0,3,0,0,42594.915,52993.8225,55038.439062499994
2023-03-21 00:00:00+01:00,45240.7825,47290.4525,7.45,80.1485,9.0,0,1,3,0,0,41260.915,49260.1075,55273.808750000004
2023-03-21 01:00:00+01:00,43410.542499999996,45416.7525,7.8,83.33216,9.3876505,1,1,3,0,0,40316.4375,46906.7475,55439.6365625
2023-03-21 02:00:00+01:00,42824.645000000004,44689.270000000004,7.6,82.44139,10.182337,2,1,3,0,0,39967.9525,46578.990000000005,55568.55760416667
2023-03-21 03:00:00+01:00,43298.4325,44928.104999999996,7.35,83.56828,9.9571085,3,1,3,0,0,40555.2525,47184.3625,55687.58645833333
2023-03-21 04:00:00+01:00,45235.975,46657.6075,7.15,85.31185,8.891344,4,1,3,0,0,42429.8975,48799.1,55801.885624999995
2023-03-21 05:00:00+01:00,48312.417499999996,50182.565,6.9,87.392265,8.089993,5,1,3,0,0,46683.9425,52207.8525,55918.80552083333
2023-03-21 06:00:00+01:00,54807.1625,56566.9725,6.35,91.07521,6.6087217,6,1,3,0,0,53908.5475,59196.29,55986.658645833326
2023-03-21 07:00:00+01:00,59255.7475,63454.885,6.9,89.235374,7.928177,7,1,3,0,0,59029.1325,62980.835,56024.10093750001
2023-03-21 08:00:00+01:00,62605.405,67428.06,7.4,88.047905,7.754637,8,1,3,0,0,62002.45,65081.45,56033.54322916666
2023-03-21 09:00:00+01:00,63533.04,68650.0925,7.85,86.27967,7.754637,9,1,3,0,0,62719.5975,65797.155,56058.666354166664
2023-03-21 10:00:00+01:00,64303.6425,69913.6425,8.5,83.705956,8.12197,10,1,3,0,0,63503.585,66557.3575,56092.55979166667
2023-03-21 11:00:00+01:00,64712.3275,70881.525,8.95,82.898,8.759178,11,1,3,0,0,63825.575,67891.6375,56125.89552083333
2023-03-21 12:00:00+01:00,64348.7725,70397.4975,9.45,82.39183,9.3876505,12,1,3,0,0,63781.6525,68544.5325,56162.84354166666
2023-03-21 13:00:00+01:00,63792.6725,69733.1925,10.05,81.6255,10.805999,13,1,3,0,0,63483.2875,67574.2975,56186.473541666666
2023-03-21 14:00:00+01:00,62335.6325,68109.5425,10.75,78.169754,12.783802,14,1,3,0,0,61547.6775,66017.5925,56199.364583333336
2023-03-21 15:00:00+01:00,61069.4375,66272.0,11.05,76.104385,12.959999,15,1,3,0,0,60300.0625,64655.79,56232.19604166667
2023-03-21 16:00:00+01:00,60300.917499999996,65479.7575,11.05,76.104385,12.074766,16,1,3,0,0,59537.1275,64343.72,56264.253333333334
2023-03-21 17:00:00+01:00,61466.84,65104.0825,10.4,81.39305,9.531505,17,1,3,0,0,60623.3675,64555.917499999996,56296.07791666667
2023-03-21 18:00:00+01:00,63203.4925,66273.3675,9.95,83.87718,9.0,18,1,3,0,0,62400.8925,65767.3175,56331.22260416666
2023-03-21 19:00:00+01:00,64170.4625,66108.0175,9.7,85.2938,10.365251,19,1,3,0,0,63110.5775,65813.4725,56364.66427083334
2023-03-21 20:00:00+01:00,60584.86,62831.6125,9.55,85.86273,9.885262,20,1,3,0,0,59377.695,63141.93,56408.82614583333
2023-03-21 21:00:00+01:00,56422.4975,59323.409999999996,9.3,90.04,8.049845,21,1,3,0,0,55683.0,59173.57,56459.12468750001
2023-03-21 22:00:00+01:00,52921.4825,56038.1325,9.2,91.89019,7.0911775,22,1,3,0,0,52278.9975,56105.082500000004,56489.93708333333
2023-03-21 23:00:00+01:00,49033.5125,52521.3,9.1,93.14213,7.2,23,1,3,0,0,48243.7875,52336.229999999996,56516.70729166667
2023-03-22 00:00:00+01:00,45573.667499999996,48881.225,8.95,94.40896,8.287822,0,2,3,0,0,45240.7825,50351.96,56549.612499999996
2023-03-22 01:00:00+01:00,44437.9425,46954.7075,9.15,94.41759,7.7043357,1,2,3,0,0,43410.542499999996,49629.245,56563.48270833333
2023-03-22 02:00:00+01:00,44699.207500000004,46256.025,9.15,95.05972,10.296251,2,2,3,0,0,42824.645000000004,49405.0,56606.291041666664
2023-03-22 03:00:00+01:00,45323.065,46744.8025,8.6,95.03862,9.885262,3,2,3,0,0,43298.4325,49324.7375,56684.39781249999
2023-03-22 04:00:00+01:00,46487.21,48319.2925,8.5,93.42877,11.384198,4,2,3,0,0,45235.975,49677.285,56768.75750000001
2023-03-22 05:00:00+01:00,49706.08,51539.955,8.25,92.77927,10.990322,5,2,3,0,0,48312.417499999996,52630.395,56820.89229166667
2023-03-22 06:00:00+01:00,56609.0575,57673.505,8.0,92.76538,12.55879,6,2,3,0,0,54807.1625,59285.68,56878.96156249999
2023-03-22 07:00:00+01:00,61672.305,62155.695,8.0,92.13121,14.168641,7,2,3,0,0,59255.7475,63570.4,56954.04052083333
2023-03-22 08:00:00+01:00,63584.3175,65174.6575,8.75,91.549355,13.527572,8,2,3,0,0,62605.405,66463.27249999999,57054.730416666665
2023-03-22 09:00:00+01:00,63326.225,66459.0925,10.0,87.97897,14.007655,9,2,3,0,0,63533.04,67406.865,57095.5184375
2023-03-22 10:00:00+01:00,63742.432499999995,67532.7875,11.5,82.92954,14.986553,10,2,3,0,0,64303.6425,67658.5825,57086.90114583333
2023-03-22 11:00:00+01:00,63991.8625,68452.1575,12.85,78.75197,16.595179,11,2,3,0,0,64712.3275,68025.48,57063.51739583333
2023-03-22 12:00:00+01:00,64166.49,68029.3125,14.65,68.65946,19.022177,12,2,3,0,0,64348.7725,67821.87,57033.498020833336
2023-03-22 13:00:00+01:00,63863.270000000004,67067.795,15.05,62.53135,19.586119,13,2,3,0,0,63792.6725,66886.7225,57025.90291666667
2023-03-22 14:00:00+01:00,62624.2375,65831.3175,15.35,59.081463,24.967497,14,2,3,0,0,62335.6325,65621.385,57028.84447916667
2023-03-22 15:00:00+01:00,61723.19,64762.6525,15.8,55.66252,25.984919,15,2,3,0,0,61069.4375,63991.99,57040.869687499995
2023-03-22 16:00:00+01:00,60674.990000000005,63582.0325,15.5,56.741734,22.183128,16,2,3,0,0,60300.917499999996,62423.98,57068.109375
2023-03-22 17:00:00+01:00,61456.5125,63775.55,15.05,56.822784,18.775303,17,2,3,0,0,61466.84,61723.275,57083.69572916667
2023-03-22 18:00:00+01:00,63829.6575,64318.165,13.9,58.32047,16.92383,18,2,3,0,0,63203.4925,63771.035,57083.26541666667
2023-03-22 19:00:00+01:00,64517.0625,64427.81,12.8,63.08895,14.24163,19,2,3,0,0,64170.4625,64838.7825,57109.355625
2023-03-22 20:00:00+01:00,61447.7475,61484.5925,11.7,73.40105,11.4862,20,2,3,0,0,60584.86,60888.91,57123.79729166667
2023-03-22 21:00:00+01:00,57247.795,58254.945,11.55,74.131874,13.276144,21,2,3,0,0,56422.4975,57240.9225,57159.7509375
2023-03-22 22:00:00+01:00,53023.78,55210.8825,11.45,72.604645,13.324863,22,2,3,0,0,52921.4825,54578.34,57194.138333333336
2023-03-22 23:00:00+01:00,49016.8025,51563.95,10.75,74.245926,11.480557,23,2,3,0,0,49033.5125,51946.7375,57198.400729166664
2023-03-23 00:00:00+01:00,46623.7275,49237.6575,9.8,77.75517,12.287555,0,3,3,0,0,45573.667499999996,50151.2525,57197.70447916666
2023-03-23 01:00:00+01:00,45462.885,47372.305,10.6,70.71251,13.049689,1,3,3,0,0,44437.9425,49055.31,57241.456979166665
2023-03-23 02:00:00+01:00,44999.45,46821.292499999996,10.65,68.78523,14.81259,2,3,3,0,0,44699.207500000004,48345.744999999995,57284.162916666675
2023-03-23 03:00:00+01:00,45502.085,47215.2225,10.25,70.15432,14.007655,3,3,3,0,0,45323.065,48777.75,57296.67302083334
2023-03-23 04:00:00+01:00,46607.284999999996,48667.8725,10.7,67.139626,15.629971,4,3,3,0,0,46487.21,49363.4975,57304.13218749999
2023-03-23 05:00:00+01:00,50162.355,51937.83,11.35,63.193047,15.856354,5,3,3,0,0,49706.08,52942.424999999996,57309.135312499995
2023-03-23 06:00:00+01:00,56700.0475,58429.96,10.9,72.50296,16.831684,6,3,3,0,0,56609.0575,58675.6375,57328.146770833344
2023-03-23 07:00:00+01:00,61292.7,62406.61,10.15,86.511246,15.629971,7,3,3,0,0,61672.305,62281.9725,57331.93802083333
2023-03-23 08:00:00+01:00,63095.095,65306.7375,10.55,88.924866,16.641972,8,3,3,0,0,63584.3175,64496.5225,57316.121145833335
2023-03-23 09:00:00+01:00,63032.555,66567.74,10.8,90.151726,18.079027,9,3,3,0,0,63326.225,64734.51,57295.736874999995
2023-03-23 10:00:00+01:00,65110.2475,67964.6625,12.1,85.54941,22.26768,10,3,3,0,0,63742.432499999995,64934.6975,57283.50062500001
2023-03-23 11:00:00+01:00,66206.775,69004.045,13.55,79.917015,22.17144,11,3,3,0,0,63991.8625,65104.7525,57340.49291666666
2023-03-23 12:00:00+01:00,66660.305,68557.26,14.85,69.164024,27.792374,12,3,3,0,0,64166.49,64309.875,57432.7809375
2023-03-23 13:00:00+01:00,66411.2325,67421.4975,14.5,66.121086,23.051247,13,3,3,0,0,63863.270000000004,62965.3625,57536.689895833326
2023-03-23 14:00:00+01:00,64694.16,65732.3175,14.75,65.95113,21.986542,14,3,3,0,0,62624.2375,61513.9825,57642.85499999999
2023-03-23 15:00:00+01:00,62956.135,64678.9375,14.7,65.940346,22.59699,15,3,3,0,0,61723.19,60410.005,57729.10177083334
2023-03-23 16:00:00+01:00,61725.805,63619.505000000005,14.1,69.24752,21.749483,16,3,3,0,0,60674.990000000005,59936.7725,57780.47447916667
2023-03-23 17:00:00+01:00,63004.81,63752.925,14.05,68.305626,16.516901,17,3,3,0,0,61456.5125,61718.66,57824.25843749999
2023-03-23 18:00:00+01:00,63644.4875,64498.385,12.8,71.62382,13.722565,18,3,3,0,0,63829.6575,64479.545,57888.770833333336
2023-03-23 19:00:00+01:00,63254.67,64898.2275,11.6,78.56571,8.714677,19,3,3,0,0,64517.0625,66588.54000000001,57881.05541666667
2023-03-23 20:00:00+01:00,59691.5725,61702.3775,9.65,88.247574,10.315115,20,3,3,0,0,61447.7475,62606.735,57828.455729166664
2023-03-23 21:00:00+01:00,56026.08,58632.8875,10.05,86.20751,12.475961,21,3,3,0,0,57247.795,59002.6525,57755.28177083333
2023-03-23 22:00:00+01:00,52786.5875,55485.4675,9.55,88.53984,11.183201,22,3,3,0,0,53023.78,55868.0075,57704.37697916667
2023-03-23 23:00:00+01:00,49414.905,51949.1725,9.3,88.21683,12.979984,23,3,3,0,0,49016.8025,52838.705,57694.49395833333
2023-03-24 00:00:00+01:00,46498.3625,49662.7825,9.1,88.80412,12.397806,0,4,3,0,0,46623.7275,50122.270000000004,57711.0815625
2023-03-24 01:00:00+01:00,45059.2575,47860.9525,9.55,87.0436,12.303366,1,4,3,0,0,45462.885,48237.42,57705.85802083334
2023-03-24 02:00:00+01:00,44649.275,47532.0625,9.65,86.75684,13.450708,2,4,3,0,0,44999.45,47795.115,57689.040208333325
2023-03-24 03:00:00+01:00,45648.854999999996,48061.185,10.05,85.33149,13.797913,3,4,3,0,0,45502.085,48127.695,57674.449583333335
2023-03-24 04:00:00+01:00,46880.3725,49584.3475,10.5,84.514175,16.171976,4,4,3,0,0,46607.284999999996,49252.7225,57680.565
2023-03-24 05:00:00+01:00,50191.3025,52903.9,11.2,86.032974,20.948164,5,4,3,0,0,50162.355,52433.7725,57691.943645833344
2023-03-24 06:00:00+01:00,55969.1175,59264.3675,10.9,89.25373,19.469975,6,4,3,0,0,56700.0475,58686.305,57693.14979166666
2023-03-24 07:00:00+01:00,61050.4275,63789.34,11.45,87.22419,21.603,7,4,3,0,0,61292.7,63152.235,57662.694375
2023-03-24 08:00:00+01:00,64184.3525,66836.3675,12.3,85.28449,22.26477,8,4,3,0,0,63095.095,65562.3475,57652.599687500006
2023-03-24 09:00:00+01:00,65273.8525,68619.725,13.15,82.8533,24.149532,9,4,3,0,0,63032.555,65527.152500000004,57697.98541666667
2023-03-24 10:00:00+01:00,65972.685,69291.31,14.15,78.41892,27.567635,10,4,3,0,0,65110.2475,65131.07,57791.3728125
2023-03-24 11:00:00+01:00,66184.44,70263.94,14.65,72.941376,31.452133,11,4,3,0,0,66206.775,63683.1,57827.307708333334
2023-03-24 12:00:00+01:00,64557.705,69512.87,14.3,75.11045,28.337282,12,4,3,0,0,66660.305,62653.2325,57826.37708333333
2023-03-24 13:00:00+01:00,62565.3,67769.0775,15.65,65.92242,25.582806,13,4,3,0,0,66411.2325,62034.6825,57738.768749999996
2023-03-24 14:00:00+01:00,60971.25,65433.0025,15.8,57.796185,26.405453,14,4,3,0,0,64694.16,59716.8675,57578.521562500006
2023-03-24 15:00:00+01:00,60082.455,64267.3375,15.2,58.043007,24.72495,15,4,3,0,0,62956.135,59940.9675,57423.400312499994
2023-03-24 16:00:00+01:00,59251.479999999996,62694.7775,13.9,64.43391,16.766108,16,4,3,0,0,61725.805,59374.3925,57303.66364583333
2023-03-24 17:00:00+01:00,59940.979999999996,62984.865000000005,13.7,63.078686,15.484185,17,4,3,0,0,63004.81,60775.36,57200.566770833335
2023-03-24 18:00:00+01:00,61577.645000000004,64071.057499999995,12.1,66.97303,11.609651,18,4,3,0,0,63644.4875,62740.18,57072.9071875
2023-03-24 19:00:00+01:00,61984.915,64268.67,9.95,76.44842,10.44,19,4,3,0,0,63254.67,63152.7775,56986.78875
2023-03-24 20:00:00+01:00,57954.355,60986.045,9.5,77.708336,13.849477,20,4,3,0,0,59691.5725,59013.7975,56933.88229166667
2023-03-24 21:00:00+01:00,53598.4525,57663.6575,8.85,79.24042,11.753876,21,4,3,0,0,56026.08,55113.785,56861.49822916667
2023-03-24 22:00:00+01:00,51272.490000000005,54645.8375,7.85,87.1798,12.387348,22,4,3,0,0,52786.5875,52074.8475,56760.34708333333
2023-03-24 23:00:00+01:00,47744.305,51090.49,8.05,84.52677,14.512064,23,4,3,0,0,49414.905,48718.2775,56697.259687499994
2023-03-25 00:00:00+01:00,44796.72,47835.8275,7.45,85.641655,12.229406,0,5,3,1,0,46498.3625,46173.4225,56627.65135416667
2023-03-25 01:00:00+01:00,43031.8525,45782.8425,7.3,82.11542,15.986593,1,5,3,1,0,45059.2575,43657.0325,56556.74958333333
2023-03-25 02:00:00+01:00,41899.3725,44650.145000000004,7.45,79.868225,13.281023,2,5,3,1,0,44649.275,42528.21,56472.27437500001
2023-03-25 03:00:00+01:00,41768.0875,44381.4825,7.4,82.12842,15.484185,3,5,3,1,0,45648.854999999996,41405.545,56357.69510416666
2023-03-25 04:00:00+01:00,42250.41,44678.805,7.45,82.99949,15.349684,4,5,3,1,0,46880.3725,41580.92,56195.996458333335
2023-03-25 05:00:00+01:00,42888.985,45159.505000000005,7.4,84.15892,11.753876,5,5,3,1,0,50191.3025,42526.535,56003.081354166665
2023-03-25 06:00:00+01:00,43574.54,46158.682499999995,7.4,84.15892,16.595179,6,5,3,1,0,55969.1175,43662.8375,55698.818125
2023-03-25 07:00:00+01:00,46368.9875,48678.2925,7.7,83.610344,20.497883,7,5,3,1,0,61050.4275,46487.625,55182.37739583334
2023-03-25 08:00:00+01:00,50155.5125,52286.31,8.05,83.652275,19.734436,8,5,3,1,0,64184.3525,49755.175,54570.650729166664
2023-03-25 09:00:00+01:00,53225.104999999996,55380.5975,9.75,77.21226,23.358423,9,5,3,1,0,65273.8525,52071.167499999996,53986.11572916666
2023-03-25 10:00:00+01:00,54257.875,56924.79,10.7,70.00025,26.427528,10,5,3,1,0,65972.685,52762.4625,53484.08458333334
2023-03-25 11:00:00+01:00,55185.072499999995,57768.32,10.9,66.71611,25.9225,11,5,3,1,0,66184.44,53159.5275,52995.967500000006
2023-03-25 12:00:00+01:00,54213.46,56966.93,11.05,68.86714,22.79684,12,5,3,1,0,64557.705,52464.475,52537.660520833335
2023-03-25 13:00:00+01:00,52319.225,55108.7525,11.85,67.85052,20.767975,13,5,3,1,0,62565.3,51118.7975,52106.65031250001
2023-03-25 14:00:00+01:00,50824.3825,53179.0325,11.3,63.402576,24.884306,14,5,3,1,0,60971.25,49167.1225,51679.730520833335
2023-03-25 15:00:00+01:00,50224.6475,52215.8725,9.95,71.57542,24.464113,15,5,3,1,0,60082.455,47727.735,51256.944375
2023-03-25 16:00:00+01:00,50174.8725,51984.5525,10.75,73.73613,16.363178,16,5,3,1,0,59251.479999999996,47340.1575,50846.20239583333
2023-03-25 17:00:00+01:00,51892.495,52941.345,11.4,63.4256,19.386593,17,5,3,1,0,59940.979999999996,49382.244999999995,50468.010416666664
2023-03-25 18:00:00+01:00,53905.0175,54495.26,8.85,76.267494,18.089775,18,5,3,1,0,61577.645000000004,52112.2625,50132.65687499999
2023-03-25 19:00:00+01:00,54437.9675,54790.6875,8.5,77.822014,16.992609,19,5,3,1,0,61984.915,52704.085,49812.964062499996
2023-03-25 20:00:00+01:00,51366.585,52580.055,8.35,75.91851,18.374111,20,5,3,1,0,57954.355,49531.6075,49498.50791666666
2023-03-25 21:00:00+01:00,48918.1,50633.565,8.1,76.410324,20.08916,21,5,3,1,0,53598.4525,46569.9875,49224.017499999994
2023-03-25 22:00:00+01:00,47030.065,49345.085,8.0,74.53884,22.682856,22,5,3,1,0,51272.490000000005,44785.145000000004,49029.0028125
2023-03-25 23:00:00+01:00,43745.485,47079.957500000004,7.7,76.88259,24.514387,23,5,3,1,0,47744.305,42113.14,48852.23510416667
2023-03-26 00:00:00+01:00,41808.1125,44191.582500000004,7.35,82.40942,26.901417,0,6,3,1,0,44796.72,39587.0775,48685.61760416667
2023-03-26 01:00:00+01:00,40247.8875,42299.82,7.2,82.96839,23.313995,1,6,3,1,0,43031.8525,38093.2725,48561.09229166666
2023-03-26 03:00:00+02:00,39754.1975,40792.94,6.9,83.222015,23.051247,3,6,3,1,0,41899.3725,36816.8025,48445.09375
2023-03-26 04:00:00+02:00,39720.1725,41309.7525,6.9,87.697105,24.36591,4,6,3,1,0,41768.0875,37135.4075,48355.71145833334
2023-03-26 05:00:00+02:00,40098.335,41311.46,7.25,85.62034,23.266697,5,6,3,1,0,42250.41,37143.015,48270.38166666666
2023-03-26 06:00:00+02:00,39562.7125,41207.6225,6.8,85.27368,23.40277,6,6,3,1,0,42888.985,37580.5925,48180.711875
2023-03-26 07:00:00+02:00,39784.9325,42391.86,6.75,88.29633,21.599998,7,6,3,1,0,43574.54,37873.2725,48042.1171875
2023-03-26 08:00:00+02:00,42067.76,45657.807499999995,6.55,88.89643,18.751125,8,6,3,1,0,46368.9875,39926.9925,47884.21687499999
2023-03-26 09:00:00+02:00,45321.3025,48860.83,7.05,83.82462,20.892412,9,6,3,1,0,50155.5125,43822.675,47704.9990625
2023-03-26 10:00:00+02:00,48298.8675,51327.3775,7.7,75.809135,22.505037,10,6,3,1,0,53225.104999999996,46643.1125,47503.57364583333
2023-03-26 11:00:00+02:00,50738.5175,53099.23,7.6,77.13695,20.211363,11,6,3,1,0,54257.875,48985.07,47298.313749999994
2023-03-26 12:00:00+02:00,50694.5675,52618.7025,8.1,76.67846,20.211363,12,6,3,1,0,55185.072499999995,50861.9325,47151.673854166664
2023-03-26 13:00:00+02:00,49460.7425,50556.82,9.5,68.78901,21.9718,13,6,3,1,0,54213.46,50552.4825,46964.569479166676
2023-03-26 14:00:00+02:00,48752.869999999995,48892.97,10.1,65.61611,17.581125,14,6,3,1,0,52319.225,48228.07,46766.53958333333
2023-03-26 15:00:00+02:00,47764.175,48234.475,10.7,62.821426,17.208603,15,6,3,1,0,50824.3825,46503.5,46617.941458333335
2023-03-26 16:00:00+02:00,47182.215,48100.0525,10.8,60.459686,14.007655,16,6,3,1,0,50224.6475,45599.1175,46490.432812499996
2023-03-26 17:00:00+02:00,48409.83,49688.115000000005,10.7,57.924175,10.805998,17,6,3,1,0,50174.8725,45525.6125,46363.66479166667
2023-03-26 18:00:00+02:00,51214.0075,51360.042499999996,10.3,56.398785,7.928177,18,6,3,1,0,51892.495,47194.315,46290.12135416667
2023-03-26 19:00:00+02:00,52294.83,51978.5725,8.85,66.97826,5.1544156,19,6,3,1,0,53905.0175,49302.81,46261.85104166667
2023-03-26 20:00:00+02:00,51608.35,50510.515,7.15,68.544205,7.342588,20,6,3,1,0,54437.9675,50098.634999999995,46194.75989583333
2023-03-26 21:00:00+02:00,50066.8225,48945.055,6.6,66.968704,12.758432,21,6,3,1,0,51366.585,47629.0225,46076.85916666667
2023-03-26 22:00:00+02:00,49114.775,48125.2725,5.8,67.76819,18.1041,22,6,3,1,0,48918.1,45367.9875,46022.70239583333
2023-03-26 23:00:00+02:00,45754.22,45863.705,4.95,69.83336,15.256526,23,6,3,1,0,47030.065,44956.2225,46030.8971875
2023-03-27 00:00:00+02:00,44141.9225,44997.58,5.0,68.836655,15.815435,0,0,3,0,0,43745.485,42594.915,45977.736979166664
2023-03-27 01:00:00+02:00,43007.0825,43556.6225,4.35,75.23412,17.518356,1,0,3,0,0,41808.1125,41260.915,45994.255208333336
2023-03-27 02:00:00+02:00,42540.165,43252.4875,3.9,71.16176,14.044615,2,0,3,0,0,40247.8875,40316.4375,46044.21229166666
2023-03-27 03:00:00+02:00,43251.1225,43717.305,3.3,75.32408,14.618837,3,0,3,0,0,39754.1975,39967.9525,46139.72385416666
2023-03-27 04:00:00+02:00,44792.2275,45618.9075,3.4,73.71085,12.661564,4,0,3,0,0,39720.1725,40555.2525,46285.42906249999
2023-03-27 05:00:00+02:00,48196.8075,49082.317500000005,2.75,74.67854,15.617529,5,0,3,0,0,40098.335,42429.8975,46496.7646875
2023-03-27 06:00:00+02:00,55596.6325,55494.57,1.5,72.815414,15.315873,6,0,3,0,0,39562.7125,46683.9425,46834.20104166667
2023-03-27 07:00:00+02:00,60095.6075,60627.09,0.25,78.20596,12.88981,7,0,3,0,0,39784.9325,53908.5475,47502.28104166666
2023-03-27 08:00:00+02:00,62699.225,64141.6575,0.8,80.64349,13.246826,8,0,3,0,0,42067.76,59029.1325,48348.559166666666
2023-03-27 09:00:00+02:00,62937.722499999996,65684.325,2.3,74.323875,22.932877,9,0,3,0,0,45321.3025,62002.45,49208.20354166667
2023-03-27 10:00:00+02:00,64129.86,66883.9175,3.2,64.76114,22.26477,10,0,3,0,0,48298.8675,62719.5975,49942.221041666664
2023-03-27 11:00:00+02:00,64722.7725,67701.27249999999,4.25,56.883392,23.507751,11,0,3,0,0,50738.5175,63503.585,50601.84572916667
2023-03-27 12:00:00+02:00,64196.615000000005,67326.95999999999,5.0,51.609352,22.218153,12,0,3,0,0,50694.5675,63825.575,51184.52302083333
2023-03-27 13:00:00+02:00,63929.795,66381.12,5.7,46.461792,22.218153,13,0,3,0,0,49460.7425,63781.6525,51747.10833333333
2023-03-27 14:00:00+02:00,62240.435,64976.335,6.2,49.304108,20.073025,14,0,3,0,0,48752.869999999995,63483.2875,52349.985520833325
2023-03-27 15:00:00+02:00,60808.33,63942.015,5.55,51.37788,21.30093,15,0,3,0,0,47764.175,61547.6775,52911.96739583334
2023-03-27 16:00:00+02:00,60076.042499999996,62864.2525,5.0,56.23891,20.808498,16,0,3,0,0,47182.215,60300.0625,53455.47385416667
2023-03-27 17:00:00+02:00,60196.3375,63004.69,5.65,56.410965,18.971008,17,0,3,0,0,48409.83,59537.1275,53992.71666666667
2023-03-27 18:00:00+02:00,61188.1,63517.035,4.95,49.31669,22.065973,18,0,3,0,0,51214.0075,60623.3675,54483.82114583333
2023-03-27 19:00:00+02:00,62618.79,63852.295,3.65,61.813183,18.709612,19,0,3,0,0,52294.83,62400.8925,54899.40833333333
2023-03-27 20:00:00+02:00,61833.5925,61200.465,2.65,67.83424,15.683776,20,0,3,0,0,51608.35,63110.5775,55329.573333333334
2023-03-27 21:00:00+02:00,57890.7825,58454.17,2.65,65.11709,18.391735,21,0,3,0,0,50066.8225,59377.695,55755.62510416668
2023-03-27 22:00:00+02:00,55222.405,55824.1925,2.3,66.26134,21.26744,22,0,3,0,0,49114.775,55683.0,56081.623437500006
2023-03-27 23:00:00+02:00,51869.43,52356.2475,2.2,65.74618,22.319998,23,0,3,0,0,45754.22,52278.9975,56336.10802083334
2023-03-28 00:00:00+02:00,49670.9625,50023.4925,2.1,66.961815,27.103,0,1,3,0,0,44141.9225,48243.7875,56590.9084375
2023-03-28 01:00:00+02:00,48552.265,48217.515,1.65,72.843994,26.564486,1,1,3,0,0,43007.0825,45240.7825,56821.28510416666
2023-03-28 02:00:00+02:00,47996.259999999995,47826.292499999996,0.65,79.43802,22.380884,2,1,3,0,0,42540.165,43410.542499999996,57052.334375000006
2023-03-28 03:00:00+02:00,47764.395000000004,48137.7275,0.15,82.36145,20.288164,3,1,3,0,0,43251.1225,42824.645000000004,57279.67166666667
2023-03-28 04:00:00+02:00,49348.2,49471.17,-0.1,82.32836,21.261345,4,1,3,0,0,44792.2275,43298.4325,57467.724687500006
2023-03-28 05:00:00+02:00,52529.0925,52147.104999999996,-0.35,82.60159,20.316889,5,1,3,0,0,48196.8075,45235.975,57657.556875
2023-03-28 06:00:00+02:00,59182.9675,57846.395,-0.55,82.268585,19.67195,6,1,3,0,0,55596.6325,48312.417499999996,57838.068750000006
2023-03-28 07:00:00+02:00,63278.785,61734.9675,-0.8,82.235245,18.58451,7,1,3,0,0,60095.6075,54807.1625,57987.49937500001
2023-03-28 08:00:00+02:00,65101.9775,64387.545,0.0,77.875206,19.513195,8,1,3,0,0,62699.225,59255.7475,58120.13177083334
2023-03-28 09:00:00+02:00,65363.670000000006,65497.0,1.25,73.03886,20.456745,9,1,3,0,0,62937.722499999996,62605.405,58220.246458333335
2023-03-28 10:00:00+02:00,64983.165,66484.3875,2.5,62.460636,25.20257,10,1,3,0,0,64129.86,63533.04,58321.32760416667
2023-03-28 11:00:00+02:00,65531.675,67229.58249999999,3.65,54.425476,26.478971,11,1,3,0,0,64722.7725,64303.6425,58356.88197916667
2023-03-28 12:00:00+02:00,65670.6025,66517.92,4.65,47.760487,28.775238,12,1,3,0,0,64196.615000000005,64712.3275,58390.58625
2023-03-28 13:00:00+02:00,63905.4825,65444.55,5.15,45.776154,27.248455,13,1,3,0,0,63929.795,64348.7725,58452.00239583334
2023-03-28 14:00:00+02:00,61767.9125,64056.825,5.8,43.758244,23.686249,14,1,3,0,0,62240.435,63792.6725,58450.989375000005
2023-03-28 15:00:00+02:00,60815.567500000005,62906.4725,6.55,39.847775,22.406927,15,1,3,0,0,60808.33,62335.6325,58431.300937500004
2023-03-28 16:00:00+02:00,59476.7325,61974.8175,6.8,37.699463,21.897945,16,1,3,0,0,60076.042499999996,61069.4375,58431.6025
2023-03-28 17:00:00+02:00,59639.175,62182.2075,6.95,35.907593,19.107151,17,1,3,0,0,60196.3375,60300.917499999996,58406.63125
2023-03-28 18:00:00+02:00,60762.75,62713.5475,6.7,36.109177,13.246826,18,1,3,0,0,61188.1,61466.84,58383.41614583333
2023-03-28 19:00:00+02:00,62229.7875,63020.5275,4.45,66.01065,7.9932966,19,1,3,0,0,62618.79,63203.4925,58365.69322916667
2023-03-28 20:00:00+02:00,60484.47,60506.832500000004,5.15,42.739395,2.5455842,20,1,3,0,0,61833.5925,64170.4625,58349.48479166667
2023-03-28 21:00:00+02:00,57418.9075,57621.9325,3.65,52.01196,4.896529,21,1,3,0,0,57890.7825,60584.86,58293.27135416667
2023-03-28 22:00:00+02:00,54076.16,54815.58,0.9,74.62165,9.422101,22,1,3,0,0,55222.405,56422.4975,58273.60989583333
2023-03-28 23:00:00+02:00,50267.957500000004,51266.07,0.75,82.44049,9.957108,23,1,3,0,0,51869.43,52921.4825,58225.84968749999
2023-03-29 00:00:00+02:00,47456.1375,50133.6,0.1,85.45525,8.473393,0,2,3,0,0,49670.9625,49033.5125,58159.121666666666
2023-03-29 01:00:00+02:00,46037.325,48498.5675,0.2,87.053925,7.6367526,1,2,3,0,0,48552.265,45573.667499999996,58066.83729166668
2023-03-29 02:00:00+02:00,45644.307499999995,47885.035,1.05,81.8757,9.007196,2,2,3,0,0,47996.259999999995,44437.9425,57962.048125
2023-03-29 03:00:00+02:00,46109.93,48118.1175,0.75,83.35593,9.885262,3,2,3,0,0,47764.395000000004,44699.207500000004,57864.050104166665
2023-03-29 04:00:00+02:00,47692.54,49308.415,1.55,78.9905,11.525623,4,2,3,0,0,49348.2,45323.065,57795.114062500004
2023-03-29 05:00:00+02:00,50967.37,52223.33,2.05,75.104324,13.009903,5,2,3,0,0,52529.0925,46487.21,57726.128229166665
2023-03-29 06:00:00+02:00,57663.6075,57914.472499999996,1.85,74.792404,12.6462,6,2,3,0,0,59182.9675,49706.08,57661.05645833333
2023-03-29 07:00:00+02:00,62107.590000000004,61987.3375,0.95,77.73953,11.5199995,7,2,3,0,0,63278.785,56609.0575,57597.74979166666
2023-03-29 08:00:00+02:00,64525.97,64585.7725,1.9,75.35511,13.138765,8,2,3,0,0,65101.9775,61672.305,57548.950000000004
2023-03-29 09:00:00+02:00,65387.2575,65567.175,3.85,71.41219,12.224107,9,2,3,0,0,65363.670000000006,63584.3175,57524.9496875
2023-03-29 10:00:00+02:00,66391.3175,67184.0275,5.9,67.30119,14.007655,10,2,3,0,0,64983.165,63326.225,57525.9325
2023-03-29 11:00:00+02:00,66750.87,67847.0675,7.7,65.54728,14.168641,11,2,3,0,0,65531.675,63742.432499999995,57584.605520833335
2023-03-29 12:00:00+02:00,65615.5175,67439.15,9.05,60.24597,18.278645,12,2,3,0,0,65670.6025,63991.8625,57635.4053125
2023-03-29 13:00:00+02:00,64178.72,66347.265,9.65,59.116375,22.183128,13,2,3,0,0,63905.4825,64166.49,57633.11010416666
2023-03-29 14:00:00+02:00,62212.409999999996,64628.3225,9.95,57.939888,18.391737,14,2,3,0,0,61767.9125,63863.270000000004,57644.495
2023-03-29 15:00:00+02:00,61410.0875,63539.0625,10.25,55.586056,17.873556,15,2,3,0,0,60815.567500000005,62624.2375,57663.01572916666
2023-03-29 16:00:00+02:00,60086.3625,62389.7175,10.5,54.083393,19.469976,16,2,3,0,0,59476.7325,61723.19,57687.78739583333
2023-03-29 17:00:00+02:00,60438.405,62431.69,9.85,60.441994,15.815435,17,2,3,0,0,59639.175,60674.990000000005,57713.18864583334
2023-03-29 18:00:00+02:00,60778.82,63069.7775,9.1,68.465004,10.383987,18,2,3,0,0,60762.75,61456.5125,57746.489895833336
2023-03-29 19:00:00+02:00,61793.1525,63523.729999999996,8.2,76.15966,5.8603754,19,2,3,0,0,62229.7875,63829.6575,57747.15947916667
2023-03-29 20:00:00+02:00,59573.035,61511.04,5.6,85.74462,7.208994,20,2,3,0,0,60484.47,64517.0625,57728.96635416666
2023-03-29 21:00:00+02:00,56078.8725,58313.59,7.1,79.81763,9.028754,21,2,3,0,0,57418.9075,61447.7475,57690.989895833336
2023-03-29 22:00:00+02:00,52711.43,55516.2875,7.7,77.42434,7.928178,22,2,3,0,0,54076.16,57247.795,57635.15510416666
2023-03-29 23:00:00+02:00,49082.645000000004,52040.034999999996,7.85,77.992836,7.5599995,23,2,3,0,0,50267.957500000004,53023.78,57578.29135416667
2023-03-30 00:00:00+02:00,45388.1675,48755.405,7.7,81.31211,6.489992,0,3,3,0,0,47456.1375,49016.8025,57528.90333333334
2023-03-30 01:00:00+02:00,43964.0175,46992.375,7.0,87.40173,7.42159,1,3,3,0,0,46037.325,46623.7275,57442.737916666665
2023-03-30 02:00:00+02:00,43366.8775,46146.8,7.6,90.53376,8.049845,2,3,3,0,0,45644.307499999995,45462.885,57356.35010416666
2023-03-30 03:00:00+02:00,43362.1175,46518.2725,7.7,92.74866,8.854829,3,3,3,0,0,46109.93,44999.45,57261.457187500004
2023-03-30 04:00:00+02:00,46096.185,47741.6625,7.45,93.05453,9.387651,4,3,3,0,0,47692.54,45502.085,57146.965
2023-03-30 05:00:00+02:00,50231.33,50997.4975,7.45,92.41583,10.966713,5,3,3,0,0,50967.37,46607.284999999996,57080.45020833334
2023-03-30 06:00:00+02:00,56329.225,57204.585,7.3,92.40707,10.966713,6,3,3,0,0,57663.6075,50162.355,57049.78187499999
2023-03-30 07:00:00+02:00,61249.7375,61742.384999999995,7.15,92.39829,11.620809,7,3,3,0,0,62107.590000000004,56700.0475,56994.18260416667
2023-03-30 08:00:00+02:00,63991.6,64321.765,7.95,90.87087,14.512064,8,3,3,0,0,64525.97,61292.7,56958.43875
2023-03-30 09:00:00+02:00,65346.802500000005,65181.4475,9.7,90.376175,15.856356,9,3,3,0,0,65387.2575,63095.095,56936.17333333333
2023-03-30 10:00:00+02:00,66250.9975,66683.2125,11.8,83.24643,14.578888,10,3,3,0,0,66391.3175,63032.555,56934.487708333334
2023-03-30 11:00:00+02:00,66700.5325,67377.35250000001,14.05,75.57317,17.429354,11,3,3,0,0,66750.87,65110.2475,56928.64104166667
2023-03-30 12:00:00+02:00,67258.005,66972.0725,14.85,73.46686,24.195107,12,3,3,0,0,65615.5175,66206.775,56926.54364583333
2023-03-30 13:00:00+02:00,65583.5525,65907.5,15.65,69.09198,21.986542,13,3,3,0,0,64178.72,66660.305,56994.980625000004
2023-03-30 14:00:00+02:00,63999.345,64369.6075,16.75,66.15786,24.458813,14,3,3,0,0,62212.409999999996,66411.2325,57053.5153125
2023-03-30 15:00:00+02:00,62677.8675,63157.0325,16.1,69.87649,18.671474,15,3,3,0,0,61410.0875,64694.16,57127.9709375
2023-03-30 16:00:00+02:00,61744.6025,61939.22,13.4,77.78295,25.277023,16,3,3,0,0,60086.3625,62956.135,57180.79510416667
2023-03-30 17:00:00+02:00,61565.8025,62122.16,12.95,83.942726,18.58451,17,3,3,0,0,60438.405,61725.805,57249.8884375
2023-03-30 18:00:00+02:00,61939.03,62668.5025,13.05,83.39602,18.455048,18,3,3,0,0,60778.82,63004.81,57296.863333333335
2023-03-30 19:00:00+02:00,62636.605,63010.745,12.25,81.63687,22.35481,19,3,3,0,0,61793.1525,63644.4875,57345.205416666664
2023-03-30 20:00:00+02:00,61349.5925,61075.565,10.55,87.73081,15.844089,20,3,3,0,0,59573.035,63254.67,57380.349270833336
2023-03-30 21:00:00+02:00,57972.9875,58352.3025,9.65,85.58033,15.978486,21,3,3,0,0,56078.8725,59691.5725,57454.3725
2023-03-30 22:00:00+02:00,54605.1225,55299.56,8.95,88.4883,13.527572,22,3,3,0,0,52711.43,56026.08,57533.29395833334
2023-03-30 23:00:00+02:00,50388.0725,51869.5625,8.8,89.08338,13.779114,23,3,3,0,0,49082.645000000004,52786.5875,57612.1978125
2023-03-31 00:00:00+02:00,47522.8975,48928.9675,8.7,87.86194,16.42247,0,4,3,0,0,45388.1675,49414.905,57666.590625000004
2023-03-31 01:00:00+02:00,46532.64,47092.9625,8.7,86.96161,15.2947035,1,4,3,0,0,43964.0175,46498.3625,57755.53770833334
2023-03-31 02:00:00+02:00,45591.4375,46351.985,8.9,86.09002,14.003028,2,4,3,0,0,43366.8775,45059.2575,57862.56364583334
2023-03-31 03:00:00+02:00,45530.6625,46696.447499999995,8.7,88.46672,17.31746,3,4,3,0,0,43362.1175,44649.275,57955.25364583333
2023-03-31 04:00:00+02:00,46599.0475,48149.5375,8.8,88.47535,15.484185,4,4,3,0,0,46096.185,45648.854999999996,58045.6096875
2023-03-31 05:00:00+02:00,49904.7425,51128.455,8.2,89.956894,13.044722,5,4,3,0,0,50231.33,46880.3725,58066.56229166666
2023-03-31 06:00:00+02:00,56087.4325,57312.4075,7.7,91.16693,11.720751,6,4,3,0,0,56329.225,50191.3025,58052.95447916668
2023-03-31 07:00:00+02:00,60357.3975,61339.1725,7.25,92.404144,11.384198,7,4,3,0,0,61249.7375,55969.1175,58042.879791666666
2023-03-31 08:00:00+02:00,63246.625,63750.295,8.25,90.89169,13.363711,8,4,3,0,0,63991.6,61050.4275,58005.69895833333
2023-03-31 09:00:00+02:00,63714.8025,64906.465,9.55,89.448456,10.587917,9,4,3,0,0,65346.802500000005,64184.3525,57974.65833333333
2023-03-31 10:00:00+02:00,64823.43,65992.195,11.1,84.01113,11.91812,10,4,3,0,0,66250.9975,65273.8525,57906.65833333333
2023-03-31 11:00:00+02:00,64545.325,66582.9525,12.25,76.0426,17.49615,11,4,3,0,0,66700.5325,65972.685,57847.17635416667
2023-03-31 12:00:00+02:00,63946.325,66020.33,13.2,74.419785,15.696165,12,4,3,0,0,67258.005,66184.44,57757.37604166667
2023-03-31 13:00:00+02:00,61985.3125,64937.542499999996,11.85,81.30943,18.089775,13,4,3,0,0,65583.5525,64557.705,57619.389375
2023-03-31 14:00:00+02:00,60300.192500000005,63126.32,11.95,85.24704,8.766573,14,4,3,0,0,63999.345,62565.3,57469.46270833333
2023-03-31 15:00:00+02:00,59166.055,61444.2575,13.25,78.02152,14.145756,15,4,3,0,0,62677.8675,60971.25,57315.33135416667
2023-03-31 16:00:00+02:00,58263.4525,60295.5,10.55,86.25816,22.545315,16,4,3,0,0,61744.6025,60082.455,57169.005833333336
2023-03-31 17:00:00+02:00,58721.8425,60214.8875,10.15,89.193344,13.684735,17,4,3,0,0,61565.8025,59251.479999999996,57023.957916666666
2023-03-31 18:00:00+02:00,58896.4675,60659.884999999995,9.85,90.69383,10.464797,18,4,3,0,0,61939.03,59940.979999999996,56905.45958333334
2023-03-31 19:00:00+02:00,60053.7075,60891.705,9.6,91.91485,7.10031,19,4,3,0,0,62636.605,61577.645000000004,56778.68614583334
2023-03-31 20:00:00+02:00,58294.6575,58749.715,9.0,94.09112,4.5820518,20,4,3,0,0,61349.5925,61984.915,56671.06541666667
2023-03-31 21:00:00+02:00,55010.6475,55707.94,8.35,95.678925,5.815978,21,4,3,0,0,57972.9875,57954.355,56543.776458333334
2023-03-31 22:00:00+02:00,52318.225,52892.8025,8.65,92.48535,7.145796,22,4,3,0,0,54605.1225,53598.4525,56420.345624999994
2023-03-31 23:00:00+02:00,48516.22,49729.5775,8.6,94.39381,8.404285,23,4,3,0,0,50388.0725,51272.490000000005,56325.058229166665
2023-04-01 00:00:00+02:00,45240.795,47280.36,8.7,93.75767,9.693296,0,5,4,1,0,47522.8975,47744.305,56247.064374999994
2023-04-01 01:00:00+02:00,43201.005000000005,45240.1025,8.35,94.061386,8.587338,1,5,4,1,0,46532.64,44796.72,56151.97677083333
2023-04-01 02:00:00+02:00,42086.270000000004,44073.0925,8.3,94.380775,9.0,2,5,4,1,0,45591.4375,43031.8525,56013.15864583334
2023-04-01 03:00:00+02:00,42123.82,44042.0175,8.2,95.67387,7.342588,3,5,4,1,0,45530.6625,41899.3725,55867.11000000001
2023-04-01 04:00:00+02:00,42422.12,44417.4125,8.25,96.00224,6.130579,4,5,4,1,0,46599.0475,41768.0875,55725.158229166664
2023-04-01 05:00:00+02:00,43285.135,44453.009999999995,7.95,96.6507,4.802999,5,5,4,1,0,49904.7425,42250.41,55551.11958333334
2023-04-01 06:00:00+02:00,45271.3775,45052.8575,7.85,97.31042,3.4152596,6,5,4,1,0,56087.4325,42888.985,55275.30260416667
2023-04-01 07:00:00+02:00,47792.552500000005,47496.755,7.85,97.31042,4.0249224,7,5,4,1,0,60357.3975,43574.54,54824.63364583333
2023-04-01 08:00:00+02:00,51465.159999999996,51219.03,8.25,95.67555,2.6208394,8,5,4,1,0,63246.625,46368.9875,54301.098437500004
2023-04-01 09:00:00+02:00,54666.2975,54611.2875,8.45,95.35707,5.00128,9,5,4,1,0,63714.8025,50155.5125,53810.2040625
2023-04-01 10:00:00+02:00,56869.909999999996,57003.595,8.65,95.36429,7.69592,10,5,4,1,0,64823.43,53225.104999999996,53433.183020833334
2023-04-01 11:00:00+02:00,58126.6325,57802.11,9.25,91.89328,9.746631,11,5,4,1,0,64545.325,54257.875,53101.78635416666
2023-04-01 12:00:00+02:00,57685.3225,56698.3975,9.15,92.82893,12.074766,12,5,4,1,0,63946.325,55185.072499999995,52834.34083333333
2023-04-01 13:00:00+02:00,56119.14,55093.957500000004,9.25,89.12022,15.379206,13,5,4,1,0,61985.3125,54213.46,52573.465729166666
2023-04-01 14:00:00+02:00,54354.125,53828.405,7.8,89.61695,19.602652,14,5,4,1,0,60300.192500000005,52319.225,52329.041875
2023-04-01 15:00:00+02:00,53794.44,53221.162500000006,7.6,89.91112,18.864824,15,5,4,1,0,59166.055,50824.3825,52081.2890625
2023-04-01 16:00:00+02:00,53205.025,53699.035,7.75,88.68998,19.61587,16,5,4,1,0,58263.4525,50224.6475,51857.471770833334
2023-04-01 17:00:00+02:00,54448.345,54186.13,7.3,88.95927,19.107151,17,5,4,1,0,58721.8425,50174.8725,51646.70395833333
2023-04-01 18:00:00+02:00,54393.0525,55232.2125,6.85,87.99835,19.914215,18,5,4,1,0,58896.4675,51892.495,51468.6415625
2023-04-01 19:00:00+02:00,55402.335,55329.5325,6.15,90.42841,21.203358,19,5,4,1,0,60053.7075,53905.0175,51280.99927083333
2023-04-01 20:00:00+02:00,53663.332500000004,53399.1075,5.35,90.68747,22.493519,20,5,4,1,0,58294.6575,54437.9675,51087.19208333333
2023-04-01 21:00:00+02:00,50749.96,50927.835,4.55,89.99141,23.708124,21,5,4,1,0,55010.6475,51366.585,50894.22020833333
2023-04-01 22:00:00+02:00,49254.5975,48825.3625,3.9,87.415016,22.493519,22,5,4,1,0,52318.225,48918.1,50716.691562500004
2023-04-01 23:00:00+02:00,46121.2425,46526.7575,3.05,87.96277,20.972897,23,5,4,1,0,48516.22,47030.065,50589.04041666666
2023-04-02 00:00:00+02:00,44344.2575,44374.18,2.65,87.29469,21.533897,0,6,4,1,0,45240.795,43745.485,50489.2496875
2023-04-02 01:00:00+02:00,42028.817500000005,42581.6425,2.25,86.6269,22.493519,1,6,4,1,0,43201.005000000005,41808.1125,50451.893958333334
2023-04-02 02:00:00+02:00,40559.3275,42104.89,2.1,86.61162,19.586119,2,6,4,1,0,42086.270000000004,40247.8875,50403.05281249999
2023-04-02 03:00:00+02:00,40102.7125,42010.18,2.05,85.35895,17.786331,3,6,4,1,0,42123.82,39754.1975,50339.43020833333
2023-04-02 04:00:00+02:00,40344.1175,41844.74,2.05,84.12734,17.208603,4,6,4,1,0,42422.12,39720.1725,50255.21739583334
2023-04-02 05:00:00+02:00,40351.035,41786.292499999996,2.3,79.39463,18.668005,5,6,4,1,0,43285.135,40098.335,50168.63395833334
2023-04-02 06:00:00+02:00,40298.655,41252.945,2.35,76.54933,20.26899,6,6,4,1,0,45271.3775,39562.7125,50046.379791666666
2023-04-02 07:00:00+02:00,41549.2,42560.335,2.15,75.12201,18.289274,7,6,4,1,0,47792.552500000005,39784.9325,49839.183020833334
2023-04-02 08:00:00+02:00,44592.08,45378.75,2.6,73.293076,18.289274,8,6,4,1,0,51465.159999999996,42067.76,49579.043333333335
2023-04-02 09:00:00+02:00,47760.807499999995,48556.455,3.25,69.99635,24.485292,9,6,4,1,0,54666.2975,45321.3025,49292.665
2023-04-02 10:00:00+02:00,50097.025,51197.8125,4.6,65.32222,26.14403,10,6,4,1,0,56869.909999999996,48298.8675,49004.93625
2023-04-02 11:00:00+02:00,51456.505000000005,53230.615,5.85,59.23141,25.77962,11,6,4,1,0,58126.6325,50738.5175,48722.732708333344
2023-04-02 12:00:00+02:00,51745.1075,53004.5175,6.9,54.096786,25.133053,12,6,4,1,0,57685.3225,50694.5675,48444.81072916667
2023-04-02 13:00:00+02:00,50596.0075,51201.7725,7.75,50.856518,24.066206,13,6,4,1,0,56119.14,49460.7425,48197.30177083333
2023-04-02 14:00:00+02:00,49009.095,49886.11,6.65,57.300453,23.042812,14,6,4,1,0,54354.125,48752.869999999995,47967.17124999999
2023-04-02 15:00:00+02:00,48142.275,49258.1925,7.05,55.342575,23.188583,15,6,4,1,0,53794.44,47764.175,47744.46166666666
2023-04-02 16:00:00+02:00,47908.5475,48997.59,7.15,54.16441,22.218153,16,6,4,1,0,53205.025,47182.215,47508.95479166667
2023-04-02 17:00:00+02:00,49429.9075,50526.16,7.05,52.955524,22.7057,17,6,4,1,0,54448.345,48409.83,47288.268229166664
2023-04-02 18:00:00+02:00,51512.542499999996,52300.165,6.55,51.466297,23.828083,18,6,4,1,0,54393.0525,51214.0075,47079.166666666664
2023-04-02 19:00:00+02:00,52530.3125,52847.585,5.6,55.77505,20.60823,19,6,4,1,0,55402.335,52294.83,46959.145416666666
2023-04-02 20:00:00+02:00,52408.990000000005,52070.3,4.2,60.13749,20.268991,20,6,4,1,0,53663.332500000004,51608.35,46839.477812499994
2023-04-02 21:00:00+02:00,50608.91,50854.185,2.55,67.31091,18.837322,21,6,4,1,0,50749.96,50066.8225,46787.213541666664
2023-04-02 22:00:00+02:00,49894.4725,50153.765,1.75,65.64356,19.694992,22,6,4,1,0,49254.5975,49114.775,46781.33645833333
2023-04-02 23:00:00+02:00,47585.7625,47558.0725,1.0,68.4954,19.376562,23,6,4,1,0,46121.2425,45754.22,46807.99791666667
2023-04-03 00:00:00+02:00,45460.2225,45207.545,0.4,70.98861,17.713316,0,0,4,0,0,44344.2575,44141.9225,46869.019583333335
2023-04-03 01:00:00+02:00,43516.8575,43664.2,0.0,70.90774,16.135872,1,0,4,0,0,42028.817500000005,43007.0825,46915.518125
2023-04-03 02:00:00+02:00,42901.8275,43512.2175,-0.1,74.16136,17.377226,2,0,4,0,0,40559.3275,42540.165,46977.51979166667
2023-04-03 03:00:00+02:00,43306.1275,44128.495,-0.35,70.30301,15.856354,3,0,4,0,0,40102.7125,43251.1225,47075.12395833334
2023-04-03 04:00:00+02:00,44834.4675,45653.457500000004,-0.6,70.78585,15.990646,4,0,4,0,0,40344.1175,44792.2275,47208.599583333336
2023-04-03 05:00:00+02:00,48694.54,48625.6175,-0.8,76.01157,15.315873,5,0,4,0,0,40351.035,48196.8075,47395.6975
2023-04-03 06:00:00+02:00,55624.405,55028.09,-1.15,82.80557,13.779114,6,0,4,0,0,40298.655,55596.6325,47743.34354166667
2023-04-03 07:00:00+02:00,59824.69,59632.1,-1.35,85.61193,13.237039,7,0,4,0,0,41549.2,60095.6075,48381.916458333326
2023-04-03 08:00:00+02:00,61841.4775,62590.2025,0.1,78.47378,13.527572,8,0,4,0,0,44592.08,62699.225,49143.395208333335
2023-04-03 09:00:00+02:00,62677.215,63744.067500000005,1.55,68.102234,17.174677,9,0,4,0,0,47760.807499999995,62937.722499999996,49862.12010416666
2023-04-03 10:00:00+02:00,62761.604999999996,65154.362499999996,2.75,57.34559,24.184391,10,0,4,0,0,50097.025,64129.86,50483.637083333335
2023-04-03 11:00:00+02:00,62923.1175,65782.86,3.1,57.87158,22.218153,11,0,4,0,0,51456.505000000005,64722.7725,51011.32791666666
2023-04-03 12:00:00+02:00,62151.59,65535.105,3.25,57.47714,20.746122,12,0,4,0,0,51745.1075,64196.615000000005,51489.103437499994
2023-04-03 13:00:00+02:00,61257.5325,64745.3925,3.5,57.54273,19.67195,13,0,4,0,0,50596.0075,63929.795,51922.706875
2023-04-03 14:00:00+02:00,59272.945,63134.520000000004,3.8,56.340355,20.00512,14,0,4,0,0,49009.095,62240.435,52366.93708333333
2023-04-03 15:00:00+02:00,58452.0875,62117.12,3.65,58.88949,18.998316,15,0,4,0,0,48142.275,60808.33,52794.5975
2023-04-03 16:00:00+02:00,57557.07,61133.56,3.75,59.13551,18.532133,16,0,4,0,0,47908.5475,60076.042499999996,53224.173020833325
2023-04-03 17:00:00+02:00,58052.7675,61604.935,3.55,59.750404,18.388212,17,0,4,0,0,49429.9075,60196.3375,53626.19479166667
2023-04-03 18:00:00+02:00,59079.75,62168.2475,3.5,57.54273,18.03237,18,0,4,0,0,51512.542499999996,61188.1,53985.480625000004
2023-04-03 19:00:00+02:00,61208.2525,62468.3775,3.1,60.99091,15.379206,19,0,4,0,0,52530.3125,62618.79,54300.78093750001
2023-04-03 20:00:00+02:00,59969.61,61203.292499999996,2.6,64.62195,12.768586,20,0,4,0,0,52408.990000000005,61833.5925,54662.36177083334
2023-04-03 21:00:00+02:00,57014.9275,58315.825,2.25,66.995026,13.441071,21,0,4,0,0,50608.91,57890.7825,54977.387604166666
2023-04-03 22:00:00+02:00,53829.53,55623.7,1.75,68.91236,14.118243,22,0,4,0,0,49894.4725,55222.405,55244.305
2023-04-03 23:00:00+02:00,50221.045,52326.8425,1.35,69.08532,12.864649,23,0,4,0,0,47585.7625,51869.43,55408.26572916666
2023-04-04 00:00:00+02:00,48200.884999999995,48751.625,0.75,70.79342,11.770403,0,1,4,0,0,45460.2225,49670.9625,55518.069166666675
2023-04-04 01:00:00+02:00,46652.285,47083.5275,0.2,71.48387,10.805998,1,1,4,0,0,43516.8575,48552.265,55632.2634375
2023-04-04 02:00:00+02:00,45827.0025,46461.195,-0.85,76.28957,11.983188,2,1,4,0,0,42901.8275,47996.259999999995,55762.90625
2023-04-04 03:00:00+02:00,45859.9025,46948.7225,-1.4,78.82753,9.387651,3,1,4,0,0,43306.1275,47764.395000000004,55884.78854166666
2023-04-04 04:00:00+02:00,46822.375,48522.74,-1.6,80.29546,8.049845,4,1,4,0,0,44834.4675,49348.2,55991.19583333333
2023-04-04 05:00:00+02:00,50264.4125,51320.42,-2.3,84.86535,7.8625183,5,1,4,0,0,48694.54,52529.0925,56074.025312499994
2023-04-04 06:00:00+02:00,56042.645000000004,56969.735,-3.4,89.35154,7.771331,6,1,4,0,0,55624.405,59182.9675,56139.43666666667
2023-04-04 07:00:00+02:00,60110.2,61182.83,-3.5,90.36135,7.5170207,7,1,4,0,0,59824.69,63278.785,56156.86333333334
2023-04-04 08:00:00+02:00,62651.152500000004,63950.46,-1.7,87.18763,8.825508,8,1,4,0,0,61841.4775,65101.9775,56168.75958333333
2023-04-04 09:00:00+02:00,62739.8675,64874.270000000004,0.6,79.13679,6.28713,9,1,4,0,0,62677.215,65363.670000000006,56202.49604166666
2023-04-04 10:00:00+02:00,62955.56,66227.225,2.35,66.76814,7.4128532,10,1,4,0,0,62761.604999999996,64983.165,56205.106562500005
2023-04-04 11:00:00+02:00,62609.2975,66956.4175,3.4,60.61138,7.072878,11,1,4,0,0,62923.1175,65531.675,56213.18802083333
2023-04-04 12:00:00+02:00,62103.255,66620.9025,4.6,53.26877,10.931203,12,1,4,0,0,62151.59,65670.6025,56200.1121875
2023-04-04 13:00:00+02:00,60388.8,65822.10500000001,4.75,51.73332,10.8955765,13,1,4,0,0,61257.5325,63905.4825,56198.098229166666
2023-04-04 14:00:00+02:00,58484.604999999996,64134.115,5.25,50.719696,11.874544,14,1,4,0,0,59272.945,61767.9125,56161.901041666664
2023-04-04 15:00:00+02:00,56964.4025,62879.8025,5.75,49.17543,13.207634,15,1,4,0,0,58452.0875,60815.567500000005,56129.05354166666
2023-04-04 16:00:00+02:00,56558.36,61802.145000000004,5.65,48.41358,13.450708,16,1,4,0,0,57557.07,59476.7325,56067.06666666667
2023-04-04 17:00:00+02:00,57574.854999999996,61991.545,5.3,48.31254,13.1041975,17,1,4,0,0,58052.7675,59639.175,56025.45374999999
2023-04-04 18:00:00+02:00,58923.475,62306.2625,5.25,48.84761,12.758432,18,1,4,0,0,59079.75,60762.75,56005.54072916667
2023-04-04 19:00:00+02:00,60118.625,62508.6575,4.7,57.214294,5.315336,19,1,4,0,0,61208.2525,62229.7875,55999.02927083333
2023-04-04 20:00:00+02:00,59744.9925,61143.9225,3.2,66.95642,6.12,20,1,4,0,0,59969.61,60484.47,55953.628124999996
2023-04-04 21:00:00+02:00,56759.2825,58316.055,2.55,65.8257,6.696387,21,1,4,0,0,57014.9275,57418.9075,55944.26906249999
2023-04-04 22:00:00+02:00,53831.96,55642.755000000005,0.45,72.61422,7.5685663,22,1,4,0,0,53829.53,54076.16,55933.6171875
2023-04-04 23:00:00+02:00,50348.055,52259.45,-1.45,78.227585,7.9932966,23,1,4,0,0,50221.045,50267.957500000004,55933.71843750001
2023-04-05 00:00:00+02:00,47825.4125,48790.5575,-2.45,81.39451,9.983106,0,2,4,0,0,48200.884999999995,47456.1375,55939.01052083333
2023-04-05 01:00:00+02:00,46375.3225,47238.052500000005,-2.8,81.036995,9.793058,1,2,4,0,0,46652.285,46037.325,55923.36583333334
2023-04-05 02:00:00+02:00,45365.652500000004,46655.875,-2.55,85.47839,7.7043357,2,2,4,0,0,45827.0025,45644.307499999995,55911.825729166674
2023-04-05 03:00:00+02:00,46033.3125,46965.0025,-2.65,84.824585,7.42159,3,2,4,0,0,45859.9025,46109.93,55892.6028125
2023-04-05 04:00:00+02:00,46941.405,48056.4625,-1.45,78.52316,6.6087217,4,2,4,0,0,46822.375,47692.54,55899.82822916666
2023-04-05 05:00:00+02:00,50224.6725,50854.0475,-0.35,75.52068,7.145796,5,2,4,0,0,50264.4125,50967.37,55904.7878125
2023-04-05 06:00:00+02:00,55720.565,56394.354999999996,-0.3,78.99842,6.1305785,6,2,4,0,0,56042.645000000004,57663.6075,55903.13197916667
2023-04-05 07:00:00+02:00,60309.78,60517.2325,-0.5,83.19843,6.3690495,7,2,4,0,0,60110.2,62107.590000000004,55889.71197916666
2023-04-05 08:00:00+02:00,62125.89,63038.145,0.5,83.01794,8.714677,8,2,4,0,0,62651.152500000004,64525.97,55898.0278125
2023-04-05 09:00:00+02:00,62493.985,63667.837499999994,2.2,76.8055,6.9527545,9,2,4,0,0,62739.8675,65387.2575,55876.141875
2023-04-05 10:00:00+02:00,62790.6075,64668.5725,3.8,74.59385,6.162207,10,2,4,0,0,62955.56,66391.3175,55865.89677083333
2023-04-05 11:00:00+02:00,62587.4675,64996.14,5.1,72.43723,4.829907,11,2,4,0,0,62609.2975,66750.87,55859.02375
2023-04-05 12:00:00+02:00,61223.3425,64556.485,5.8,70.259026,4.3498964,12,2,4,0,0,62103.255,65615.5175,55858.114166666666
2023-04-05 13:00:00+02:00,59332.2275,63490.4925,6.65,62.764416,6.489992,13,2,4,0,0,60388.8,64178.72,55821.451145833336
2023-04-05 14:00:00+02:00,57577.5025,61810.9,7.2,57.44301,10.137692,14,2,4,0,0,58484.604999999996,62212.409999999996,55777.427291666674
2023-04-05 15:00:00+02:00,57354.13,60550.8175,5.15,66.167114,12.620554,15,2,4,0,0,56964.4025,61410.0875,55739.63135416667
2023-04-05 16:00:00+02:00,56389.8975,59457.9375,5.65,68.47549,5.0142193,16,2,4,0,0,56558.36,60086.3625,55755.869999999995
2023-04-05 17:00:00+02:00,56500.8525,60201.0975,5.4,69.6727,3.4152596,17,2,4,0,0,57574.854999999996,60438.405,55748.850729166676
2023-04-05 18:00:00+02:00,57669.1775,60666.1325,5.6,67.97105,2.9024127,18,2,4,0,0,58923.475,60778.82,55704.10062499999
2023-04-05 19:00:00+02:00,59217.045,61161.1175,4.6,84.12706,2.6208394,19,2,4,0,0,60118.625,61793.1525,55651.838229166664
2023-04-05 20:00:00+02:00,59128.4625,59869.5325,2.4,86.64216,7.491114,20,2,4,0,0,59744.9925,59573.035,55614.27239583334
2023-04-05 21:00:00+02:00,55893.6775,57237.8,0.85,91.01733,7.072878,21,2,4,0,0,56759.2825,56078.8725,55588.583645833336
2023-04-05 22:00:00+02:00,53398.8975,54370.9325,0.25,93.33071,7.42159,22,2,4,0,0,53831.96,52711.43,55552.516770833325
2023-04-05 23:00:00+02:00,50270.9625,50919.994999999995,-0.6,93.62855,7.754637,23,2,4,0,0,50348.055,49082.645000000004,55534.472499999996
2023-04-06 00:00:00+02:00,47764.905,48710.8275,-1.35,93.936455,7.754637,0,3,4,0,0,47825.4125,45388.1675,55531.2603125
2023-04-06 01:00:00+02:00,46225.7175,47189.82,-1.95,94.25618,7.69592,1,3,4,0,0,46375.3225,43964.0175,55528.739166666666
2023-04-06 02:00:00+02:00,45441.9125,46508.79,0.25,88.02362,7.9932976,2,3,4,0,0,45365.652500000004,43366.8775,55522.50562499999
2023-04-06 03:00:00+02:00,45232.0075,46883.72,-1.25,89.863045,6.519877,3,3,4,0,0,46033.3125,43362.1175,55525.683125
2023-04-06 04:00:00+02:00,46761.685,47857.7,-2.3,90.79134,7.6367526,4,3,4,0,0,46941.405,46096.185,55492.29541666667
2023-04-06 05:00:00+02:00,50091.59,50764.29,-2.95,91.77135,7.491114,5,3,4,0,0,50224.6725,50231.33,55484.80708333334
2023-04-06 06:00:00+02:00,55104.5125,56160.11,-2.75,92.128815,6.1305785,6,3,4,0,0,55720.565,56329.225,55479.26197916666
2023-04-06 07:00:00+02:00,58624.854999999996,60370.6425,-2.3,92.84679,6.9153743,7,3,4,0,0,60309.78,61249.7375,55453.59312499999
2023-04-06 08:00:00+02:00,61102.4625,62826.085,0.05,88.6544,8.435069,8,3,4,0,0,62125.89,63991.6,55383.38791666666
2023-04-06 09:00:00+02:00,61478.4675,63660.4275,2.85,82.71316,5.8603754,9,3,4,0,0,62493.985,65346.802500000005,55340.74510416667
2023-04-06 10:00:00+02:00,61091.96,64792.155,5.8,72.30977,7.491114,10,3,4,0,0,62790.6075,66250.9975,55298.431875
2023-04-06 11:00:00+02:00,61170.215,65203.787500000006,7.7,54.711,10.685391,11,3,4,0,0,62587.4675,66700.5325,55227.65489583334
2023-04-06 12:00:00+02:00,60392.1775,65052.51,8.8,47.013336,12.904882,12,3,4,0,0,61223.3425,67258.005,55168.602708333325
2023-04-06 13:00:00+02:00,58941.985,64323.8825,9.45,43.048775,13.202726,13,3,4,0,0,59332.2275,65583.5525,55133.970833333326
2023-04-06 14:00:00+02:00,57610.905,62704.345,9.7,43.441998,10.1887,14,3,4,0,0,57577.5025,63999.345,55117.71072916666
2023-04-06 15:00:00+02:00,57167.4,61201.305,9.65,43.749077,10.195057,15,3,4,0,0,57354.13,62677.8675,55119.1025
2023-04-06 16:00:00+02:00,57154.9625,60084.4675,9.75,42.819542,8.209263,16,3,4,0,0,56389.8975,61744.6025,55111.32208333333
2023-04-06 17:00:00+02:00,57348.725,60590.31,9.7,41.095116,7.5685663,17,3,4,0,0,56500.8525,61565.8025,55143.199791666666
2023-04-06 18:00:00+02:00,57744.68,60940.207500000004,9.2,44.595715,9.6932955,18,3,4,0,0,57669.1775,61939.03,55178.5278125
2023-04-06 19:00:00+02:00,58217.0325,61086.8775,8.05,53.034653,11.542478,19,3,4,0,0,59217.045,62636.605,55181.67375000001
2023-04-06 20:00:00+02:00,56711.545,59952.94,6.45,54.777214,13.004921,20,3,4,0,0,59128.4625,61349.5925,55140.0065625
2023-04-06 21:00:00+02:00,54482.5075,57315.3375,4.65,59.584988,11.874544,21,3,4,0,0,55893.6775,57972.9875,55039.301666666666
2023-04-06 22:00:00+02:00,51646.932499999995,54520.1475,3.5,62.93564,10.931203,22,3,4,0,0,53398.8975,54605.1225,54980.50291666667
2023-04-06 23:00:00+02:00,47727.9875,51140.3775,2.15,68.741,8.4042845,23,3,4,0,0,50270.9625,50388.0725,54907.504375
2023-04-07 00:00:00+02:00,44838.7825,42919.5725,1.4,71.45504,8.287822,0,4,4,0,1,47764.905,47522.8975,54801.54708333333
2023-04-07 01:00:00+02:00,42321.08,41135.2025,1.55,70.69122,8.64,1,4,4,0,1,46225.7175,46532.64,54679.62531249999
2023-04-07 02:00:00+02:00,41026.4875,40481.15,0.3,77.92354,8.905908,2,4,4,0,1,45441.9125,45591.4375,54516.93208333334
2023-04-07 03:00:00+02:00,40764.3,40347.205,0.0,77.875206,8.089993,3,4,4,0,1,45232.0075,45530.6625,54332.95604166667
2023-04-07 04:00:00+02:00,40798.854999999996,40560.0275,-0.45,78.38687,7.968939,4,4,4,0,1,46761.685,46599.0475,54146.801562500004
2023-04-07 05:00:00+02:00,40373.3525,40701.4675,-1.05,82.20181,9.19939,5,4,4,0,1,50091.59,49904.7425,53898.3503125
2023-04-07 06:00:00+02:00,40321.09,40773.7575,-0.75,82.54916,8.161764,6,4,4,0,1,55104.5125,56087.4325,53493.423749999994
2023-04-07 07:00:00+02:00,42005.957500000004,42548.4675,0.6,78.55235,7.653705,7,4,4,0,1,58624.854999999996,60357.3975,52877.4478125
2023-04-07 08:00:00+02:00,45037.3925,45258.3475,1.9,79.62561,10.315115,8,4,4,0,1,61102.4625,63246.625,52184.99375
2023-04-07 09:00:00+02:00,47376.515,48009.99,3.1,80.09335,9.726664,9,4,4,0,1,61478.4675,63714.8025,51515.61583333334
2023-04-07 10:00:00+02:00,49181.825,50215.405,4.25,77.14338,10.195057,10,4,4,0,1,61091.96,64823.43,50928.034479166665
2023-04-07 11:00:00+02:00,51159.99,51872.5125,4.75,73.160355,10.703569,11,4,4,0,1,61170.215,64545.325,50431.77885416666
2023-04-07 12:00:00+02:00,51539.520000000004,51763.11,4.7,70.54718,11.304229,12,4,4,0,1,60392.1775,63946.325,50014.68614583334
2023-04-07 13:00:00+02:00,48872.28,50251.7425,4.55,78.3107,12.879752,13,4,4,0,1,58941.985,61985.3125,49645.82541666667
2023-04-07 14:00:00+02:00,47063.3025,48545.3675,4.75,79.75828,15.192682,14,4,4,0,1,57610.905,60300.192500000005,49226.254375
2023-04-07 15:00:00+02:00,46248.42,47892.3875,5.25,80.40245,12.979984,15,4,4,0,1,57167.4,59166.055,48786.7709375
2023-04-07 16:00:00+02:00,46038.9375,47364.705,5.6,80.166756,14.618837,16,4,4,0,1,57154.9625,58263.4525,48331.8134375
2023-04-07 17:00:00+02:00,47509.572499999995,48135.6225,5.5,82.75486,14.689589,17,4,4,0,1,57348.725,58721.8425,47868.64572916667
2023-04-07 18:00:00+02:00,49388.3575,48735.994999999995,5.6,86.04748,13.896187,18,4,4,0,1,57744.68,58896.4675,47458.68104166666
2023-04-07 19:00:00+02:00,50494.875,49275.9925,5.45,90.06027,11.384199,19,4,4,0,1,58217.0325,60053.7075,47110.5009375
2023-04-07 20:00:00+02:00,49976.3775,48758.5025,5.1,92.92686,10.028439,20,4,4,0,1,56711.545,58294.6575,46788.744375
2023-04-07 21:00:00+02:00,48374.92,47487.085,4.9,94.8931,9.47012,21,4,4,0,1,54482.5075,55010.6475,46508.112395833334
2023-04-07 22:00:00+02:00,46551.4225,46143.9875,4.75,95.89074,10.239453,22,4,4,0,1,51646.932499999995,52318.225,46253.62958333333
2023-04-07 23:00:00+02:00,44273.667499999996,43888.667499999996,4.6,96.56097,11.367109,23,4,4,0,1,47727.9875,48516.22,46041.31666666667
2023-04-08 00:00:00+02:00,41755.0175,44284.3225,4.45,96.55688,11.609651,0,5,4,1,0,44838.7825,45240.795,45897.386666666665
2023-04-08 01:00:00+02:00,39382.625,42705.3675,4.4,96.21689,12.964998,1,5,4,1,0,42321.08,43201.005000000005,45768.896458333336
2023-04-08 02:00:00+02:00,38080.4075,41909.28,4.05,95.19409,14.332341,2,5,4,1,0,41026.4875,42086.270000000004,45646.46083333334
2023-04-08 03:00:00+02:00,38059.015,41703.705,3.9,94.85267,13.779114,3,5,4,1,0,40764.3,42123.82,45523.7075
2023-04-08 04:00:00+02:00,38660.53999999999,42128.4625,3.75,94.51153,13.37825,4,5,4,1,0,40798.854999999996,42422.12,45410.98729166666
2023-04-08 05:00:00+02:00,39056.7875,42616.61,3.85,94.182106,13.854155,5,5,4,1,0,40373.3525,43285.135,45321.89083333333
2023-04-08 06:00:00+02:00,40243.5725,43603.3375,4.05,94.52449,13.363711,6,5,4,1,0,40321.09,45271.3775,45267.03395833333
2023-04-08 07:00:00+02:00,42050.5075,45630.76,4.3,94.868904,12.538134,7,5,4,1,0,42005.957500000004,47792.552500000005,45263.80406250001
2023-04-08 08:00:00+02:00,45436.54,49209.845,5.5,92.62433,13.324863,8,5,4,1,0,45037.3925,51465.159999999996,45265.6603125
2023-04-08 09:00:00+02:00,47703.695,52035.270000000004,7.05,89.86889,11.592894,9,5,4,1,0,47376.515,54666.2975,45282.29145833334
2023-04-08 10:00:00+02:00,49232.7025,54029.5025,8.25,86.32036,10.195057,10,5,4,1,0,49181.825,56869.909999999996,45295.92395833333
2023-04-08 11:00:00+02:00,49944.2,55235.39,9.7,74.57642,15.256526,11,5,4,1,0,51159.99,58126.6325,45298.043854166666
2023-04-08 12:00:00+02:00,49162.4875,54353.0175,10.4,70.67342,15.509274,12,5,4,1,0,51539.520000000004,57685.3225,45247.385937499996
2023-04-08 13:00:00+02:00,47864.6375,52956.6475,11.55,61.928375,14.458382,13,5,4,1,0,48872.28,56119.14,45148.34291666667
2023-04-08 14:00:00+02:00,46817.1625,51643.869999999995,10.6,65.72645,14.84318,14,5,4,1,0,47063.3025,54354.125,45106.3578125
2023-04-08 15:00:00+02:00,46408.1875,50841.0875,11.2,62.71803,15.175612,15,5,4,1,0,46248.42,53794.44,45096.10197916667
2023-04-08 16:00:00+02:00,46080.149999999994,50600.1975,11.5,61.270042,15.175612,16,5,4,1,0,46038.9375,53205.025,45102.75895833334
2023-04-08 17:00:00+02:00,47226.89750000001,51470.119999999995,11.4,61.46103,14.182355,17,5,4,1,0,47509.572499999995,54448.345,45104.47614583333
2023-04-08 18:00:00+02:00,48474.7975,52011.0225,11.25,61.640953,13.049689,18,5,4,1,0,49388.3575,54393.0525,45092.69802083333
2023-04-08 19:00:00+02:00,48983.47,51931.5925,9.9,71.069115,6.9527545,19,5,4,1,0,50494.875,55402.335,45054.63302083334
2023-04-08 20:00:00+02:00,47763.7,50501.2825,6.75,85.56684,9.565437,20,5,4,1,0,49976.3775,53663.332500000004,44991.6578125
2023-04-08 21:00:00+02:00,45309.832500000004,48710.1175,6.6,86.45309,7.5942082,21,5,4,1,0,48374.92,50749.96,44899.462916666664
2023-04-08 22:00:00+02:00,43593.885,47174.005,5.8,84.86422,7.729527,22,5,4,1,0,46551.4225,49254.5975,44771.7509375
2023-04-08 23:00:00+02:00,41303.8775,44658.630000000005,4.4,86.843216,8.473393,23,5,4,1,0,44273.667499999996,46121.2425,44648.52020833333
2023-04-09 00:00:00+02:00,39153.2825,42257.145000000004,3.3,87.357475,9.605998,0,6,4,1,0,41755.0175,44344.2575,44524.778958333336
2023-04-09 01:00:00+02:00,36717.875,40529.7425,5.0,80.080414,5.3999996,1,6,4,1,0,39382.625,42028.817500000005,44416.37333333333
2023-04-09 02:00:00+02:00,35690.6625,39369.917499999996,3.4,90.546326,5.815978,2,6,4,1,0,38080.4075,40559.3275,44305.34208333333
2023-04-09 03:00:00+02:00,35526.6925,39147.4125,3.05,92.1526,5.0911684,3,6,4,1,0,38059.015,40102.7125,44205.769375
2023-04-09 04:00:00+02:00,35557.6475,39295.335,2.3,96.49727,4.6800003,4,6,4,1,0,38660.53999999999,40344.1175,44100.255937500006
2023-04-09 05:00:00+02:00,36079.6475,39081.5775,0.0,99.27714,7.8954163,5,6,4,1,0,39056.7875,40351.035,43970.96875
2023-04-09 06:00:00+02:00,35930.2525,37831.192500000005,0.5,99.639465,6.924738,6,6,4,1,0,40243.5725,40298.655,43846.92125000001
2023-04-09 07:00:00+02:00,37009.835,38738.432499999995,1.85,99.64342,4.73506,7,6,4,1,0,42050.5075,41549.2,43667.199583333335
2023-04-09 08:00:00+02:00,39409.195,41639.58,3.1,98.24617,3.9763298,8,6,4,1,0,45436.54,44592.08,43457.1715625
2023-04-09 09:00:00+02:00,41813.534999999996,44556.685,4.2,95.53577,5.1165614,9,6,4,1,0,47703.695,47760.807499999995,43206.0321875
2023-04-09 10:00:00+02:00,41920.3375,46527.9525,5.05,96.236336,6.439876,10,6,4,1,0,49232.7025,50097.025,42960.60885416666
2023-04-09 11:00:00+02:00,42898.067500000005,48161.8525,7.4,84.452576,7.289445,11,6,4,1,0,49944.2,51456.505000000005,42655.92697916667
2023-04-09 12:00:00+02:00,42287.2275,47793.9475,9.25,79.0255,7.145796,12,6,4,1,0,49162.4875,51745.1075,42362.338125
2023-04-09 13:00:00+02:00,40766.015,46000.9975,10.65,72.95893,6.9527545,13,6,4,1,0,47864.6375,50596.0075,42075.86895833333
2023-04-09 14:00:00+02:00,39087.99,44214.04,10.7,73.72721,5.0911684,14,6,4,1,0,46817.1625,49009.095,41780.09302083334
2023-04-09 15:00:00+02:00,37152.125,43463.435,11.85,66.00022,5.04,15,6,4,1,0,46408.1875,48142.275,41458.04416666667
2023-04-09 16:00:00+02:00,36670.9825,43469.442500000005,12.3,63.41177,6.489992,16,6,4,1,0,46080.149999999994,47908.5475,41072.37489583334
2023-04-09 17:00:00+02:00,37412.8925,44643.3525,12.4,61.058514,7.5942073,17,6,4,1,0,47226.89750000001,49429.9075,40680.32625
2023-04-09 18:00:00+02:00,40488.4625,46162.6925,12.0,62.68571,9.178235,18,6,4,1,0,48474.7975,51512.542499999996,40271.409375
2023-04-09 19:00:00+02:00,42501.6625,46684.265,10.55,73.44634,6.9247384,19,6,4,1,0,48983.47,52530.3125,39938.645416666666
2023-04-09 20:00:00+02:00,42676.597499999996,46499.1775,7.2,87.42061,7.491114,20,6,4,1,0,47763.7,52408.990000000005,39668.57010416667
2023-04-09 21:00:00+02:00,42411.5725,45545.385,5.7,91.66964,8.209263,21,6,4,1,0,45309.832500000004,50608.91,39456.6075
2023-04-09 22:00:00+02:00,42035.972499999996,45026.39,4.35,94.87092,10.495713,22,6,4,1,0,43593.885,49894.4725,39335.846666666665
2023-04-09 23:00:00+02:00,39522.54,42851.6925,3.85,96.54039,9.659814,23,6,4,1,0,41303.8775,47585.7625,39270.933645833335
2023-04-10 00:00:00+02:00,37438.1075,40014.8175,3.15,98.944824,9.793059,0,0,4,0,1,39153.2825,45460.2225,39196.71125
2023-04-10 01:00:00+02:00,35809.692500000005,38473.1,2.95,99.294304,9.1641035,1,0,4,0,1,36717.875,43516.8575,39125.245624999996
2023-04-10 02:00:00+02:00,34991.795,37769.6225,4.85,95.55866,6.792466,2,0,4,0,1,35690.6625,42901.8275,39087.4046875
2023-04-10 03:00:00+02:00,34767.8025,37700.62,2.7,95.823265,10.182337,3,0,4,0,1,35526.6925,43306.1275,39058.285208333335
2023-04-10 04:00:00+02:00,35277.49,38202.125,2.35,95.128845,8.4963045,4,0,4,0,1,35557.6475,44834.4675,39026.66479166666
2023-04-10 05:00:00+02:00,36043.494999999995,38903.865,3.8,93.184456,5.6002855,5,0,4,0,1,36079.6475,48694.54,39014.9915625
2023-04-10 06:00:00+02:00,36469.245,39358.73,3.3,95.16547,5.1544156,6,0,4,0,1,35930.2525,55624.405,39013.48520833333
2023-04-10 07:00:00+02:00,37462.5,40731.815,1.85,98.58046,4.6938252,7,0,4,0,1,37009.835,59824.69,39035.94322916667
2023-04-10 08:00:00+02:00,40053.287500000006,43529.35249999999,3.85,95.86132,6.9247384,8,0,4,0,1,39409.195,61841.4775,39054.80427083333
2023-04-10 09:00:00+02:00,42453.8875,46192.4475,6.15,92.33943,5.0911684,9,0,4,0,1,41813.534999999996,62677.215,39081.64145833333
2023-04-10 10:00:00+02:00,43167.3425,48144.8925,8.6,88.76205,5.8048253,10,0,4,0,1,41920.3375,62761.604999999996,39108.3228125
2023-04-10 11:00:00+02:00,44340.7825,49400.15,10.75,83.11926,7.729527,11,0,4,0,1,42898.067500000005,62923.1175,39160.28135416666
2023-04-10 12:00:00+02:00,44523.915,49338.2025,12.75,68.7402,13.217443,12,0,4,0,1,42287.2275,62151.59,39220.394479166665
2023-04-10 13:00:00+02:00,42530.2375,47796.5,13.85,63.329712,12.72283,13,0,4,0,1,40766.015,61257.5325,39313.589791666665
2023-04-10 14:00:00+02:00,41341.755000000005,46359.75,14.75,61.61566,12.387348,14,0,4,0,1,39087.99,59272.945,39387.0990625
2023-04-10 15:00:00+02:00,41917.5075,45201.4925,15.4,56.32855,16.434305,15,0,4,0,1,37152.125,58452.0875,39481.0059375
2023-04-10 16:00:00+02:00,43085.215,44976.35,15.0,53.945065,17.238699,16,0,4,0,1,36670.9825,57557.07,39679.56354166666
2023-04-10 17:00:00+02:00,45221.729999999996,46449.66,15.15,52.146965,20.730501,17,0,4,0,1,37412.8925,58052.7675,39946.82322916667
2023-04-10 18:00:00+02:00,47328.8875,47850.63,14.55,57.0886,14.693999,18,0,4,0,1,40488.4625,59079.75,40272.191458333335
2023-04-10 19:00:00+02:00,48669.665,48706.3275,13.15,63.38739,11.885453,19,0,4,0,1,42501.6625,61208.2525,40557.20916666667
2023-04-10 20:00:00+02:00,48669.7025,48306.575,11.15,67.00229,12.7279215,20,0,4,0,1,42676.597499999996,59969.61,40814.20927083333
2023-04-10 21:00:00+02:00,48029.445,47204.322499999995,11.0,58.61835,18.775303,21,0,4,0,1,42411.5725,57014.9275,41063.92197916667
2023-04-10 22:00:00+02:00,47719.715,45720.905,10.85,54.176723,20.456745,22,0,4,0,1,42035.972499999996,53829.53,41298.0
2023-04-10 23:00:00+02:00,44330.442500000005,43263.4625,10.65,54.123425,20.523157,23,0,4,0,1,39522.54,50221.045,41534.822604166664
2023-04-11 00:00:00+02:00,41978.595,45371.1975,10.1,56.548527,20.948164,0,1,4,0,0,37438.1075,48200.884999999995,41735.151875
2023-04-11 01:00:00+02:00,40471.6225,43860.54,9.85,58.329113,21.325253,1,1,4,0,0,35809.692500000005,46652.285,41924.33885416667
2023-04-11 02:00:00+02:00,39645.285,43287.1875,10.3,56.398785,21.068459,2,1,4,0,0,34991.795,45827.0025,42118.5859375
2023-04-11 03:00:00+02:00,39495.979999999996,43689.99,9.9,57.10588,21.629978,3,1,4,0,0,34767.8025,45859.9025,42312.481354166666
2023-04-11 04:00:00+02:00,41409.7125,45286.2425,9.7,57.054405,21.829777,4,1,4,0,0,35277.49,46822.375,42509.48875
2023-04-11 05:00:00+02:00,45029.8275,48220.832500000004,9.6,57.438446,19.443333,5,1,4,0,0,36043.494999999995,50264.4125,42764.998020833336
2023-04-11 06:00:00+02:00,52090.9225,54193.6375,8.9,64.2,14.84318,6,1,4,0,0,36469.245,56042.645000000004,43139.42854166667
2023-04-11 07:00:00+02:00,56581.0925,58928.415,7.95,83.64032,13.979871,7,1,4,0,0,37462.5,60110.2,43790.33177083333
2023-04-11 08:00:00+02:00,58815.14,61796.1375,7.95,89.013306,14.33234,8,1,4,0,0,40053.287500000006,62651.152500000004,44586.939791666664
2023-04-11 09:00:00+02:00,60156.6625,62653.775,8.35,91.2106,12.768586,9,1,4,0,0,42453.8875,62739.8675,45368.683645833335
2023-04-11 10:00:00+02:00,61449.9325,63320.33,9.75,83.56723,16.87398,10,1,4,0,0,43167.3425,62955.56,46106.299270833326
2023-04-11 11:00:00+02:00,62251.9775,63714.455,10.8,77.64401,18.899143,11,1,4,0,0,44340.7825,62609.2975,46868.073854166665
2023-04-11 12:00:00+02:00,62756.4625,63351.7475,11.3,72.32781,20.617662,12,1,4,0,0,44523.915,62103.255,47614.37364583334
2023-04-11 13:00:00+02:00,60672.58,62226.69,12.15,62.72061,24.522316,13,1,4,0,0,42530.2375,60388.8,48374.06312499999
2023-04-11 14:00:00+02:00,58853.8225,60527.715,11.4,62.32742,25.364037,14,1,4,0,0,41341.755000000005,58484.604999999996,49129.994062499994
2023-04-11 15:00:00+02:00,57427.5925,59263.07,10.6,73.20219,20.008356,15,1,4,0,0,41917.5075,56964.4025,49859.66354166667
2023-04-11 16:00:00+02:00,56177.1,58076.715000000004,11.0,64.225845,27.238941,16,1,4,0,0,43085.215,56558.36,50505.917083333334
2023-04-11 17:00:00+02:00,56308.795,58898.46,10.1,66.776955,27.397867,17,1,4,0,0,45221.729999999996,57574.854999999996,51051.41229166667
2023-04-11 18:00:00+02:00,56804.14,59756.01,9.45,67.58115,28.910038,18,1,4,0,0,47328.8875,58923.475,51513.373333333344
2023-04-11 19:00:00+02:00,57088.98,60229.5325,8.35,70.26871,20.929596,19,1,4,0,0,48669.665,60118.625,51908.17552083333
2023-04-11 20:00:00+02:00,56136.3925,58899.8575,7.25,79.002655,17.298738,20,1,4,0,0,48669.7025,59744.9925,52258.9803125
2023-04-11 21:00:00+02:00,53374.6275,56039.8875,6.6,82.89348,13.202726,21,1,4,0,0,48029.445,56759.2825,52570.09239583334
2023-04-11 22:00:00+02:00,50085.225,53060.4,5.9,85.776535,11.212135,22,1,4,0,0,47719.715,53831.96,52792.80833333333
2023-04-11 23:00:00+02:00,47069.5025,49516.1625,4.85,89.38128,7.208994,23,1,4,0,0,44330.442500000005,50348.055,52891.371250000004
2023-04-12 00:00:00+02:00,44638.44,46254.205,3.15,92.15873,8.049845,0,2,4,0,0,41978.595,47825.4125,53005.49875
2023-04-12 01:00:00+02:00,42440.495,43944.085,2.9,92.80418,7.289444,1,2,4,0,0,40471.6225,46375.3225,53116.325625
2023-04-12 02:00:00+02:00,41836.89,43245.225,2.55,94.79735,6.9527545,2,2,4,0,0,39645.285,45365.652500000004,53198.361979166664
2023-04-12 03:00:00+02:00,42595.832500000004,43520.525,1.15,96.46475,9.1641035,3,2,4,0,0,39495.979999999996,46033.3125,53289.67885416667
2023-04-12 04:00:00+02:00,43593.4925,45004.915,0.45,97.853165,8.473393,4,2,4,0,0,41409.7125,46941.405,53418.839375
2023-04-12 05:00:00+02:00,47025.325,48463.4675,0.25,97.142075,7.5599995,5,2,4,0,0,45029.8275,50224.6725,53509.83020833333
2023-04-12 06:00:00+02:00,53294.270000000004,54660.1975,-0.15,96.07651,7.072878,6,2,4,0,0,52090.9225,55720.565,53592.97593750001
2023-04-12 07:00:00+02:00,58752.785,59727.770000000004,0.9,94.72851,7.968939,7,2,4,0,0,56581.0925,60309.78,53643.11541666667
2023-04-12 08:00:00+02:00,61560.9725,62545.935,3.7,87.708626,10.495713,8,2,4,0,0,58815.14,62125.89,53733.60260416667
2023-04-12 09:00:00+02:00,62427.770000000004,63518.3625,6.75,81.756,11.212135,9,2,4,0,0,60156.6625,62493.985,53848.012291666666
2023-04-12 10:00:00+02:00,64074.76,64778.7425,9.2,70.190834,14.88242,10,2,4,0,0,61449.9325,62790.6075,53942.64177083334
2023-04-12 11:00:00+02:00,65512.505000000005,65337.8875,11.0,58.825733,18.193361,11,2,4,0,0,62251.9775,62587.4675,54052.00958333333
2023-04-12 12:00:00+02:00,65020.14,64810.24,12.4,47.0181,20.808498,12,2,4,0,0,62756.4625,61223.3425,54187.864895833336
2023-04-12 13:00:00+02:00,63725.635,63636.175,13.35,41.265434,22.26768,13,2,4,0,0,60672.58,59332.2275,54282.18479166667
2023-04-12 14:00:00+02:00,61532.4625,62092.7175,14.2,42.11303,22.461807,14,2,4,0,0,58853.8225,57577.5025,54409.395416666666
2023-04-12 15:00:00+02:00,59639.99,60976.9375,14.55,37.900536,23.132626,15,2,4,0,0,57427.5925,57354.13,54521.00541666666
2023-04-12 16:00:00+02:00,58459.3225,59814.409999999996,13.9,44.185913,18.720001,16,2,4,0,0,56177.1,56389.8975,54613.188645833325
2023-04-12 17:00:00+02:00,58824.9775,60302.0,12.7,50.760162,16.575644,17,2,4,0,0,56308.795,56500.8525,54708.28125
2023-04-12 18:00:00+02:00,59259.0125,60774.865,11.75,58.393967,15.905319,18,2,4,0,0,56804.14,57669.1775,54813.1221875
2023-04-12 19:00:00+02:00,60480.66,61078.7175,10.65,70.233536,15.815435,19,2,4,0,0,57088.98,59217.045,54915.408541666664
2023-04-12 20:00:00+02:00,59262.375,59533.295,9.9,76.44024,14.77755,20,2,4,0,0,56136.3925,59128.4625,55056.72854166667
2023-04-12 21:00:00+02:00,56245.7575,56846.854999999996,9.9,75.65162,16.78156,21,2,4,0,0,53374.6275,55893.6775,55186.9778125
2023-04-12 22:00:00+02:00,52411.205,53784.5325,9.65,78.000725,16.489416,22,2,4,0,0,50085.225,53398.8975,55306.608229166675
2023-04-12 23:00:00+02:00,48643.9,50261.08,9.25,82.935165,16.299694,23,2,4,0,0,47069.5025,50270.9625,55403.52406249999
2023-04-13 00:00:00+02:00,45872.91,46979.1175,8.85,86.67814,15.141414,0,3,4,0,0,44638.44,47764.905,55469.12395833334
2023-04-13 01:00:00+02:00,43839.055,45171.33,8.55,88.757835,14.81259,1,3,4,0,0,42440.495,46225.7175,55520.560208333336
2023-04-13 02:00:00+02:00,43867.7725,44252.6975,8.2,92.7765,9.779817,2,3,4,0,0,41836.89,45441.9125,55578.83354166666
2023-04-13 03:00:00+02:00,44177.485,44453.1775,7.8,94.68283,15.192682,3,3,4,0,0,42595.832500000004,45232.0075,55663.45364583333
2023-04-13 04:00:00+02:00,45287.61,45445.3125,7.0,94.97646,14.578888,4,3,4,0,0,43593.4925,46761.685,55729.355833333335
2023-04-13 05:00:00+02:00,48052.935,48536.8075,6.4,95.28218,11.726277,5,3,4,0,0,47025.325,50091.59,55799.944062500006
2023-04-13 06:00:00+02:00,53920.604999999996,54671.49,5.8,95.59179,8.0899935,6,3,4,0,0,53294.270000000004,55104.5125,55842.76114583333
2023-04-13 07:00:00+02:00,58145.545,58582.125,5.55,95.25059,8.089993,7,3,4,0,0,58752.785,58624.854999999996,55868.8584375
2023-04-13 08:00:00+02:00,60967.520000000004,61408.0475,6.35,93.6431,10.239453,8,3,4,0,0,61560.9725,61102.4625,55843.55677083333
2023-04-13 09:00:00+02:00,62163.275,63193.185,7.4,90.20707,10.538843,9,3,4,0,0,62427.770000000004,61478.4675,55818.82958333334
2023-04-13 10:00:00+02:00,64137.16,64735.8525,8.8,82.30893,12.181625,10,3,4,0,0,64074.76,61091.96,55807.808958333335
2023-04-13 11:00:00+02:00,63869.78,66011.455,9.75,75.36486,16.039202,11,3,4,0,0,65512.505000000005,61170.215,55810.40895833333
2023-04-13 12:00:00+02:00,62588.7675,66548.555,11.3,63.846817,16.299694,12,3,4,0,0,65020.14,60392.1775,55741.962083333325
2023-04-13 13:00:00+02:00,61048.07,65521.1625,11.45,60.617405,15.408671,13,3,4,0,0,63725.635,58941.985,55640.65489583334
2023-04-13 14:00:00+02:00,57884.68,64009.2825,11.65,60.242313,16.78156,14,3,4,0,0,61532.4625,57610.905,55529.0896875
2023-04-13 15:00:00+02:00,57324.365,62634.335,11.95,58.239323,12.783802,15,3,4,0,0,59639.99,57167.4,55377.098750000005
2023-04-13 16:00:00+02:00,56555.1575,59974.44,12.7,55.634506,11.269782,16,3,4,0,0,58459.3225,57154.9625,55280.614375000005
2023-04-13 17:00:00+02:00,57410.932499999995,59687.0675,12.55,55.400578,11.435313,17,3,4,0,0,58824.9775,57348.725,55201.27416666667
2023-04-13 18:00:00+02:00,57524.792499999996,59521.6125,12.4,56.145405,7.9932966,18,3,4,0,0,59259.0125,57744.68,55142.355625000004
2023-04-13 19:00:00+02:00,58108.375,59327.26,11.4,76.42259,4.198285,19,3,4,0,0,60480.66,58217.0325,55070.09645833334
2023-04-13 20:00:00+02:00,57584.8375,57810.630000000005,10.2,66.33224,4.896529,20,3,4,0,0,59262.375,56711.545,54971.25125
2023-04-13 21:00:00+02:00,55137.4225,54993.8775,8.45,74.356834,3.8773184,21,3,4,0,0,56245.7575,54482.5075,54901.353854166664
2023-04-13 22:00:00+02:00,52042.3875,51839.69,7.95,77.19321,3.2599385,22,3,4,0,0,52411.205,51646.932499999995,54855.17322916666
2023-04-13 23:00:00+02:00,48958.41,48652.31,7.65,78.51035,3.319036,23,3,4,0,0,48643.9,47727.9875,54839.80583333334
2023-04-14 00:00:00+02:00,45923.065,45927.2125,6.55,83.76502,3.8268526,0,4,4,0,0,45872.91,44838.7825,54852.91041666666
2023-04-14 01:00:00+02:00,44159.6375,44395.285,6.1,85.496864,5.0911684,1,4,4,0,0,43839.055,42321.08,54855.00020833333
2023-04-14 02:00:00+02:00,43387.1475,43869.86,6.85,77.56199,7.8954163,2,4,4,0,0,43867.7725,41026.4875,54868.357812500006
2023-04-14 03:00:00+02:00,43309.5075,44318.090000000004,6.1,83.41671,6.618519,3,4,4,0,0,44177.485,40764.3,54848.33177083334
2023-04-14 04:00:00+02:00,45116.177500000005,45654.0475,6.35,83.44718,6.489992,4,4,4,0,0,45287.61,40798.854999999996,54812.16604166667
2023-04-14 05:00:00+02:00,47949.68,48532.119999999995,6.1,87.622795,6.151683,5,4,4,0,0,48052.935,40373.3525,54805.02302083333
2023-04-14 06:00:00+02:00,53537.7725,54168.69,6.05,90.42108,7.628263,6,4,4,0,0,53920.604999999996,40321.09,54800.72072916667
2023-04-14 07:00:00+02:00,57941.9675,59108.12,6.05,92.33351,9.504273,7,4,4,0,0,58145.545,42005.957500000004,54784.769375
2023-04-14 08:00:00+02:00,60162.17,62133.0975,6.85,90.166,9.339208,8,4,4,0,0,60967.520000000004,45037.3925,54776.28697916667
2023-04-14 09:00:00+02:00,60862.1,63507.95,7.55,88.67292,7.5170207,9,4,4,0,0,62163.275,47376.515,54742.73072916666
2023-04-14 10:00:00+02:00,60779.93,65167.75,7.8,89.61695,10.315115,10,4,4,0,0,64137.16,49181.825,54688.51510416667
2023-04-14 11:00:00+02:00,60861.8125,66048.9075,8.15,91.82495,14.003029,11,4,4,0,0,63869.78,51159.99,54548.630520833336
2023-04-14 12:00:00+02:00,60675.015,65298.1375,8.4,89.663956,18.806337,12,4,4,0,0,62588.7675,51539.520000000004,54423.29854166667
2023-04-14 13:00:00+02:00,58881.1175,63724.0225,8.35,90.27744,17.28,13,4,4,0,0,61048.07,48872.28,54343.55885416667
2023-04-14 14:00:00+02:00,56278.8475,61733.0275,8.0,87.49573,17.935081,14,4,4,0,0,57884.68,47063.3025,54253.269166666665
2023-04-14 15:00:00+02:00,55370.7825,60345.6275,8.05,89.328606,20.991426,15,4,4,0,0,57324.365,46248.42,54186.35947916666
2023-04-14 16:00:00+02:00,55015.615,59119.06,8.7,88.163864,21.24305,16,4,4,0,0,56555.1575,46038.9375,54104.96020833333
2023-04-14 17:00:00+02:00,55501.2275,59004.615,8.3,92.14926,18.709612,17,4,4,0,0,57410.932499999995,47509.572499999995,54040.81260416666
2023-04-14 18:00:00+02:00,56112.695,58887.3125,8.35,92.784805,15.484185,18,4,4,0,0,57524.792499999996,49388.3575,53961.24156249999
2023-04-14 19:00:00+02:00,56740.8225,58809.4025,8.05,94.693146,13.339445,19,4,4,0,0,58108.375,50494.875,53902.40416666667
2023-04-14 20:00:00+02:00,55989.494999999995,57027.3725,7.7,95.65696,12.783802,20,4,4,0,0,57584.8375,49976.3775,53845.4228125
2023-04-14 21:00:00+02:00,53516.55,54179.765,7.55,96.30974,10.315115,21,4,4,0,0,55137.4225,48374.92,53778.95020833333
2023-04-14 22:00:00+02:00,50808.85,51160.9925,7.55,96.30974,9.178235,22,4,4,0,0,52042.3875,46551.4225,53711.41385416666
2023-04-14 23:00:00+02:00,48215.2,47729.5325,7.65,95.983444,9.360001,23,4,4,0,0,48958.41,44273.667499999996,53660.01645833333
2023-04-15 00:00:00+02:00,45369.64,43886.255,7.9,94.686966,10.105681,0,5,4,1,0,45923.065,41755.0175,53629.049375
2023-04-15 01:00:00+02:00,43131.705,42051.055,8.35,93.421165,10.163227,1,5,4,1,0,44159.6375,39382.625,53605.99
2023-04-15 02:00:00+02:00,41842.7,40871.2125,7.05,94.326004,13.339445,2,5,4,1,0,43387.1475,38080.4075,53563.159479166665
2023-04-15 03:00:00+02:00,41446.0875,40511.837499999994,7.65,94.02913,11.620809,3,5,4,1,0,43309.5075,38059.015,53498.807499999995
2023-04-15 04:00:00+02:00,41564.5275,40892.065,8.45,93.42624,11.966954,4,5,4,1,0,45116.177500000005,38660.53999999999,53421.165
2023-04-15 05:00:00+02:00,42115.4,41429.415,8.95,92.502594,12.979984,5,5,4,1,0,47949.68,39056.7875,53273.17958333332
2023-04-15 06:00:00+02:00,43123.4825,42312.667499999996,8.95,92.817924,14.386494,6,5,4,1,0,53537.7725,40243.5725,53030.08458333334
2023-04-15 07:00:00+02:00,44960.3825,44306.542499999996,8.9,91.871635,15.696165,7,5,4,1,0,57941.9675,42050.5075,52596.15583333333
2023-04-15 08:00:00+02:00,47926.625,47760.6275,9.05,90.32882,16.641972,8,5,4,1,0,60162.17,45436.54,52055.25645833334
2023-04-15 09:00:00+02:00,50839.0525,50744.28,9.4,88.52699,16.800856,9,5,4,1,0,60862.1,47703.695,51545.442083333335
2023-04-15 10:00:00+02:00,52163.9825,52926.21,9.9,84.73513,20.68356,10,5,4,1,0,60779.93,49232.7025,51127.815104166664
2023-04-15 11:00:00+02:00,53636.04,54191.3375,11.15,79.035194,23.068108,11,5,4,1,0,60861.8125,49944.2,50768.817291666666
2023-04-15 12:00:00+02:00,53284.0475,53722.99,11.0,80.645386,18.678415,12,5,4,1,0,60675.015,49162.4875,50467.7434375
2023-04-15 13:00:00+02:00,51226.8,52597.4875,11.0,82.5873,18.193361,13,5,4,1,0,58881.1175,47864.6375,50159.786458333336
2023-04-15 14:00:00+02:00,49933.7725,51117.725000000006,10.1,86.21259,19.08,14,5,4,1,0,56278.8475,46817.1625,49840.8565625
2023-04-15 15:00:00+02:00,49419.6425,50077.29,10.1,89.7954,19.319628,15,5,4,1,0,55370.7825,46408.1875,49576.478437499994
2023-04-15 16:00:00+02:00,49717.0925,49858.2025,10.05,91.632416,12.88981,16,5,4,1,0,55015.615,46080.149999999994,49328.51427083334
2023-04-15 17:00:00+02:00,50693.785,50509.325000000004,10.2,92.26224,11.988594,17,5,4,1,0,55501.2275,47226.89750000001,49107.7425
2023-04-15 18:00:00+02:00,51761.4125,50877.985,10.15,91.329895,12.496718,18,5,4,1,0,56112.695,48474.7975,48907.43239583333
2023-04-15 19:00:00+02:00,51822.4975,50585.6125,9.95,91.00835,13.276144,19,5,4,1,0,56740.8225,48983.47,48726.128958333335
2023-04-15 20:00:00+02:00,50759.55,48812.8725,9.65,91.297005,11.212135,20,5,4,1,0,55989.494999999995,47763.7,48521.19875
2023-04-15 21:00:00+02:00,48273.3925,46655.3375,9.45,91.90561,10.195057,21,5,4,1,0,53516.55,45309.832500000004,48303.28437500001
2023-04-15 22:00:00+02:00,46501.1225,44984.9,9.25,93.15001,10.1887,22,5,4,1,0,50808.85,43593.885,48084.81947916667
2023-04-15 23:00:00+02:00,43924.927500000005,42506.7675,9.05,93.774475,11.435313,23,5,4,1,0,48215.2,41303.8775,47905.33083333333
2023-04-16 00:00:00+02:00,41182.8675,39976.42,8.85,94.084274,11.609651,0,6,4,1,0,45369.64,39153.2825,47726.56947916667
2023-04-16 01:00:00+02:00,39277.8425,37700.525,8.75,94.72186,10.495713,1,6,4,1,0,43131.705,36717.875,47552.120625
2023-04-16 02:00:00+02:00,37945.2725,36586.3625,8.75,94.079704,10.308831,2,6,4,1,0,41842.7,35690.6625,47391.543020833335
2023-04-16 03:00:00+02:00,37800.85,36504.0775,8.8,94.402466,10.661107,3,6,4,1,0,41446.0875,35526.6925,47229.15020833333
2023-04-16 04:00:00+02:00,38023.417499999996,36745.332500000004,8.45,95.6823,11.013882,4,6,4,1,0,41564.5275,35557.6475,47077.2653125
2023-04-16 05:00:00+02:00,38262.770000000004,37138.65,8.45,95.6823,10.829959,5,6,4,1,0,42115.4,36079.6475,46929.7190625
2023-04-16 06:00:00+02:00,37798.942500000005,37120.4275,8.45,95.03285,12.224107,6,6,4,1,0,43123.4825,35930.2525,46769.1928125
2023-04-16 07:00:00+02:00,39134.675,38861.645000000004,8.3,95.67724,12.413476,7,6,4,1,0,44960.3825,37009.835,46547.33697916666
2023-04-16 08:00:00+02:00,42481.37,42283.38,8.3,95.67724,11.620809,8,6,4,1,0,47926.625,39409.195,46304.59916666666
2023-04-16 09:00:00+02:00,45650.0675,45549.5475,8.45,95.03285,13.708391,9,6,4,1,0,50839.0525,41813.534999999996,46077.713541666664
2023-04-16 10:00:00+02:00,47663.5,47843.405,8.85,92.18222,13.570615,10,6,4,1,0,52163.9825,41920.3375,45861.50583333333
2023-04-16 11:00:00+02:00,49920.5575,49603.4475,9.45,88.53128,12.522619,11,6,4,1,0,53636.04,42898.067500000005,45673.98572916666
2023-04-16 12:00:00+02:00,49463.3325,48991.84,10.4,83.644516,15.03835,12,6,4,1,0,53284.0475,42287.2275,45519.17395833333
2023-04-16 13:00:00+02:00,47604.78,47414.455,10.6,82.81866,15.03835,13,6,4,1,0,51226.8,40766.015,45359.9775
2023-04-16 14:00:00+02:00,45893.1925,45977.11,10.55,84.23311,12.074766,14,6,4,1,0,49933.7725,39087.99,45209.06
2023-04-16 15:00:00+02:00,45180.6075,45027.1725,10.35,84.49724,16.215992,15,6,4,1,0,49419.6425,37152.125,45040.70250000001
2023-04-16 16:00:00+02:00,44903.159999999996,44871.7875,9.95,85.32074,16.923828,16,6,4,1,0,49717.0925,36670.9825,44864.07604166667
2023-04-16 17:00:00+02:00,46280.0225,45796.3975,9.9,85.60678,14.05845,17,6,4,1,0,50693.785,37412.8925,44663.495520833334
2023-04-16 18:00:00+02:00,48631.7825,47204.4775,10.05,84.175674,13.363711,18,6,4,1,0,51761.4125,40488.4625,44479.588749999995
2023-04-16 19:00:00+02:00,49367.4925,47374.04,9.75,83.56723,13.797913,19,6,4,1,0,51822.4975,42501.6625,44349.1875
2023-04-16 20:00:00+02:00,48900.82,46981.3125,9.05,83.7712,14.759999,20,6,4,1,0,50759.55,42676.597499999996,44246.895625
2023-04-16 21:00:00+02:00,47279.885,45918.5475,8.45,87.83923,14.759999,21,6,4,1,0,48273.3925,42411.5725,44169.44854166667
2023-04-16 22:00:00+02:00,46295.85,45728.79,8.1,89.332634,14.332341,22,6,4,1,0,46501.1225,42035.972499999996,44128.05239583333
2023-04-16 23:00:00+02:00,43817.45,43421.7475,7.65,90.53735,14.332341,23,6,4,1,0,43924.927500000005,39522.54,44119.49937500001
2023-04-17 00:00:00+02:00,41761.7625,43580.305,7.45,90.83602,14.759999,0,0,4,0,0,41182.8675,37438.1075,44115.021145833336
2023-04-17 01:00:00+02:00,40026.5925,42075.885,7.4,90.832504,15.281989,1,0,4,0,0,39277.8425,35809.692500000005,44139.141770833325
2023-04-17 02:00:00+02:00,39489.63,41558.6175,7.2,92.72067,14.408997,2,0,4,0,0,37945.2725,34991.795,44170.339687499996
2023-04-17 03:00:00+02:00,40072.79,42135.6025,6.45,93.648026,13.708391,3,0,4,0,0,37800.85,34767.8025,44234.68791666667
2023-04-17 04:00:00+02:00,41545.16,44003.4375,5.9,92.9707,13.979871,4,0,4,0,0,38023.417499999996,35277.49,44329.35208333333
2023-04-17 05:00:00+02:00,45833.7225,47419.58,5.15,92.929596,13.979871,5,0,4,0,0,38262.770000000004,36043.494999999995,44476.091354166674
2023-04-17 06:00:00+02:00,53080.759999999995,54353.51,4.45,93.548164,13.358861,6,0,4,0,0,37798.942500000005,36469.245,44791.54770833333
2023-04-17 07:00:00+02:00,57814.765,59116.7,4.7,92.25288,13.779114,7,0,4,0,0,39134.675,37462.5,45428.29010416666
2023-04-17 08:00:00+02:00,60916.595,62246.0125,5.7,90.39537,14.039999,8,0,4,0,0,42481.37,40053.287500000006,46206.6271875
2023-04-17 09:00:00+02:00,61909.05,63494.1875,6.95,86.48846,14.168641,9,0,4,0,0,45650.0675,42453.8875,46974.7615625
2023-04-17 10:00:00+02:00,61891.3725,64878.869999999995,8.3,79.71241,12.7279215,10,0,4,0,0,47663.5,43167.3425,47652.21916666667
2023-04-17 11:00:00+02:00,63018.7625,65533.955,9.6,69.05118,15.192682,11,0,4,0,0,49920.5575,44340.7825,48245.04718749999
2023-04-17 12:00:00+02:00,62460.985,65319.125,10.4,62.310814,14.689588,12,0,4,0,0,49463.3325,44523.915,48790.80572916667
2023-04-17 13:00:00+02:00,61535.582500000004,64101.915,11.15,59.27962,14.081477,13,0,4,0,0,47604.78,42530.2375,49332.37458333333
2023-04-17 14:00:00+02:00,60209.9525,62252.277500000004,8.8,72.617355,17.072504,14,0,4,0,0,45893.1925,41341.755000000005,49912.8246875
2023-04-17 15:00:00+02:00,59025.185,61116.145,8.85,71.86679,16.923828,15,0,4,0,0,45180.6075,41917.5075,50509.356354166666
2023-04-17 16:00:00+02:00,58142.465,59725.2625,8.7,72.59872,17.10284,16,0,4,0,0,44903.159999999996,43085.215,51086.213749999995
2023-04-17 17:00:00+02:00,58680.4175,60075.295,8.1,78.03169,14.291592,17,0,4,0,0,46280.0225,45221.729999999996,51637.85145833334
2023-04-17 18:00:00+02:00,59401.21,60566.5025,7.8,80.76021,12.229406,18,0,4,0,0,48631.7825,47328.8875,52154.534583333334
2023-04-17 19:00:00+02:00,59883.03,61221.28,7.6,88.677185,11.841756,19,0,4,0,0,49367.4925,48669.665,52603.26072916666
2023-04-17 20:00:00+02:00,58407.77250000001,59807.07,7.4,92.0949,13.556282,20,0,4,0,0,48900.82,48669.7025,53041.408124999994
2023-04-17 21:00:00+02:00,55936.7125,57117.3675,7.35,92.72909,15.141414,21,0,4,0,0,47279.885,48029.445,53437.53114583332
2023-04-17 22:00:00+02:00,52407.6275,53887.7575,7.2,92.08274,15.807239,22,0,4,0,0,46295.85,47719.715,53798.23229166667
2023-04-17 23:00:00+02:00,48410.854999999996,50425.28,7.0,89.55381,16.704155,23,0,4,0,0,43817.45,44330.442500000005,54052.8896875
2023-04-18 00:00:00+02:00,45580.1,44758.485,6.6,88.90064,17.339897,0,1,4,0,0,41761.7625,41978.595,54244.2815625
2023-04-18 01:00:00+02:00,43963.192500000005,42899.555,5.75,90.08305,16.595179,1,1,4,0,0,40026.5925,40471.6225,54403.37895833334
2023-04-18 02:00:00+02:00,43054.2775,42267.785,4.85,93.56834,13.276144,2,1,4,0,0,39489.63,39645.285,54567.403958333336
2023-04-18 03:00:00+02:00,43009.7175,42673.7625,4.3,94.53526,10.799999,3,1,4,0,0,40072.79,39495.979999999996,54715.9309375
2023-04-18 04:00:00+02:00,44782.7625,44383.33,3.85,95.186485,10.495713,4,1,4,0,0,41545.16,41409.7125,54838.30291666667
2023-04-18 05:00:00+02:00,48324.725,47801.6025,3.6,95.514496,11.966953,5,1,4,0,0,45833.7225,45029.8275,54973.20302083334
2023-04-18 06:00:00+02:00,54643.067500000005,53999.957500000004,3.3,95.50379,13.441071,6,1,4,0,0,53080.759999999995,52090.9225,55076.994791666664
2023-04-18 07:00:00+02:00,59082.04,59975.55,3.4,94.16143,14.182355,7,1,4,0,0,57814.765,56581.0925,55142.090937500005
2023-04-18 08:00:00+02:00,62013.854999999996,63180.369999999995,4.6,90.9542,13.358861,8,1,4,0,0,60916.595,58815.14,55194.8940625
2023-04-18 09:00:00+02:00,63164.0425,64112.582500000004,6.25,87.02528,13.5515,9,1,4,0,0,61909.05,60156.6625,55240.613229166665
2023-04-18 10:00:00+02:00,63850.695,65393.5325,8.2,83.09223,15.137133,10,1,4,0,0,61891.3725,61449.9325,55292.90458333333
2023-04-18 11:00:00+02:00,64246.405,66141.0875,10.5,76.01345,16.055355,11,1,4,0,0,63018.7625,62251.9775,55374.54302083334
2023-04-18 12:00:00+02:00,63476.990000000005,65855.51,12.4,69.37886,18.775303,12,1,4,0,0,62460.985,62756.4625,55425.69479166666
2023-04-18 13:00:00+02:00,62474.2575,64594.165,13.55,65.91596,18.971008,13,1,4,0,0,61535.582500000004,60672.58,55468.02833333334
2023-04-18 14:00:00+02:00,60037.0325,62575.685,11.9,70.237595,20.12461,14,1,4,0,0,60209.9525,58853.8225,55507.13979166667
2023-04-18 15:00:00+02:00,58352.385,61373.83,12.05,69.070656,20.633371,15,1,4,0,0,59025.185,57427.5925,55499.93479166666
2023-04-18 16:00:00+02:00,57886.3875,59982.075,12.8,65.5271,18.0,16,1,4,0,0,58142.465,56177.1,55471.901458333334
2023-04-18 17:00:00+02:00,58443.46,60385.604999999996,13.25,64.73137,17.174677,17,1,4,0,0,58680.4175,56308.795,55461.231562500005
2023-04-18 18:00:00+02:00,59730.785,60853.9075,12.35,69.36883,21.915693,18,1,4,0,0,59401.21,56804.14,55451.35833333334
2023-04-18 19:00:00+02:00,60476.0025,61377.26,11.2,69.13666,21.746502,19,1,4,0,0,59883.03,57088.98,55465.090625000004
2023-04-18 20:00:00+02:00,59228.63,60068.75,9.25,77.40042,19.469975,20,1,4,0,0,58407.77250000001,56136.3925,55489.7978125
2023-04-18 21:00:00+02:00,56338.9025,57186.03,8.1,78.03169,20.326454,21,1,4,0,0,55936.7125,53374.6275,55524.00020833334
2023-04-18 22:00:00+02:00,53150.795,53835.615,6.7,81.46245,19.161337,22,1,4,0,0,52407.6275,50085.225,55540.75812499999
2023-04-18 23:00:00+02:00,49101.815,50184.3625,5.45,87.25399,17.388409,23,1,4,0,0,48410.854999999996,47069.5025,55571.723437500004
2023-04-19 00:00:00+02:00,46466.0325,46267.76,5.15,85.39371,18.359999,0,2,4,0,0,45580.1,44638.44,55600.5134375
2023-04-19 01:00:00+02:00,44469.755000000005,44423.740000000005,5.0,70.863525,18.847641,1,2,4,0,0,43963.192500000005,42440.495,55637.42729166666
2023-04-19 02:00:00+02:00,43775.11,43674.2475,4.3,69.19319,21.485697,2,2,4,0,0,43054.2775,41836.89,55658.5340625
2023-04-19 03:00:00+02:00,44166.5225,44225.4625,4.5,66.50738,20.00512,3,2,4,0,0,43009.7175,42595.832500000004,55688.56875
2023-04-19 04:00:00+02:00,45677.0325,45702.0175,4.25,65.96577,19.64228,4,2,4,0,0,44782.7625,43593.4925,55736.76895833333
2023-04-19 05:00:00+02:00,49272.159999999996,49216.645000000004,3.7,72.96383,21.325253,5,2,4,0,0,48324.725,47025.325,55774.03020833333
2023-04-19 06:00:00+02:00,55686.0175,55363.259999999995,3.3,78.39881,18.345877,6,2,4,0,0,54643.067500000005,53294.270000000004,55813.506666666675
2023-04-19 07:00:00+02:00,59882.3925,60048.025,3.75,79.89878,18.228943,7,2,4,0,0,59082.04,58752.785,55856.962916666664
2023-04-19 08:00:00+02:00,62127.5225,62652.33,5.45,76.239655,17.654688,8,2,4,0,0,62013.854999999996,61560.9725,55890.3109375
2023-04-19 09:00:00+02:00,62757.317500000005,63342.785,7.05,69.75864,23.14103,9,2,4,0,0,63164.0425,62427.770000000004,55895.04708333333
2023-04-19 10:00:00+02:00,63748.302500000005,64067.6475,8.4,64.77439,24.858253,10,2,4,0,0,63850.695,64074.76,55878.10020833334
2023-04-19 11:00:00+02:00,64401.545,64853.715,9.7,58.49962,25.516865,11,2,4,0,0,64246.405,65512.505000000005,55873.83385416667
2023-04-19 12:00:00+02:00,63022.2725,64797.775,10.7,53.943645,26.758923,12,2,4,0,0,63476.990000000005,65020.14,55880.29802083334
2023-04-19 13:00:00+02:00,62090.7675,63821.9375,11.4,52.61047,25.537172,13,2,4,0,0,62474.2575,63725.635,55861.35145833332
2023-04-19 14:00:00+02:00,60394.125,61825.2375,11.45,48.989136,24.795612,14,2,4,0,0,60037.0325,61532.4625,55845.372708333336
2023-04-19 15:00:00+02:00,59047.1475,60697.2625,10.95,50.096294,25.872454,15,2,4,0,0,58352.385,59639.99,55860.2515625
2023-04-19 16:00:00+02:00,58074.6625,59770.9,9.15,59.627853,24.379204,16,2,4,0,0,57886.3875,58459.3225,55889.200000000004
2023-04-19 17:00:00+02:00,58566.985,60174.375,7.65,65.536095,21.791153,17,2,4,0,0,58443.46,58824.9775,55897.04479166667
2023-04-19 18:00:00+02:00,58749.965,60365.745,5.8,84.26776,22.19773,18,2,4,0,0,59730.785,59259.0125,55902.19166666666
2023-04-19 19:00:00+02:00,60277.7325,60570.515,4.6,91.59851,21.046917,19,2,4,0,0,60476.0025,60480.66,55861.324166666665
2023-04-19 20:00:00+02:00,58998.32,58797.11,4.35,93.87351,20.724247,20,2,4,0,0,59228.63,59262.375,55853.06291666667
2023-04-19 21:00:00+02:00,56380.9725,56138.9075,5.35,92.61572,17.373497,21,2,4,0,0,56338.9025,56245.7575,55843.46666666667
2023-04-19 22:00:00+02:00,52920.119999999995,53068.165,5.7,91.03054,16.676977,22,2,4,0,0,53150.795,52411.205,55845.21958333333
2023-04-19 23:00:00+02:00,49317.0375,49266.69,5.65,90.39169,15.696165,23,2,4,0,0,49101.815,48643.9,55835.608125
2023-04-20 00:00:00+02:00,46962.95,46420.69,5.35,92.9406,10.685391,0,3,4,0,0,46466.0325,45872.91,55844.57572916666
2023-04-20 01:00:00+02:00,45210.9125,44544.735,5.75,92.96251,9.605998,1,3,4,0,0,44469.755000000005,43839.055,55865.28062500001
2023-04-20 02:00:00+02:00,44754.6375,43812.8,5.5,89.43388,10.990322,2,3,4,0,0,43775.11,43867.7725,55896.16218749999
2023-04-20 03:00:00+02:00,45060.7125,44252.955,5.35,91.96898,9.19939,3,3,4,0,0,44166.5225,44177.485,55936.97583333333
2023-04-20 04:00:00+02:00,45585.2775,45609.235,5.4,92.61858,7.10031,4,3,4,0,0,45677.0325,45287.61,55974.23375000001
2023-04-20 05:00:00+02:00,49262.6225,49135.225,4.3,96.21388,6.12,5,3,4,0,0,49272.159999999996,48052.935,55970.410625
2023-04-20 06:00:00+02:00,55287.015,55158.3,4.05,96.88648,5.8048253,6,3,4,0,0,55686.0175,53920.604999999996,55970.01322916666
2023-04-20 07:00:00+02:00,59327.05,59686.91,5.35,94.58017,6.28713,7,3,4,0,0,59882.3925,58145.545,55953.388125000005
2023-04-20 08:00:00+02:00,62250.4475,62466.4975,5.8,92.64146,7.289445,8,3,4,0,0,62127.5225,60967.520000000004,55930.24885416666
2023-04-20 09:00:00+02:00,62227.835,63505.55,6.6,85.25181,9.255571,9,3,4,0,0,62757.317500000005,62163.275,55935.370729166665
2023-04-20 10:00:00+02:00,62952.0125,64455.270000000004,8.55,77.829834,12.620554,10,3,4,0,0,63748.302500000005,64137.16,55913.308958333335
2023-04-20 11:00:00+02:00,64056.6375,64954.7425,8.75,77.86104,12.959999,11,3,4,0,0,64401.545,63869.78,55880.130208333336
2023-04-20 12:00:00+02:00,64480.2375,64488.69,9.1,78.18619,13.493999,12,3,4,0,0,63022.2725,62588.7675,55865.7590625
2023-04-20 13:00:00+02:00,63224.2575,63502.9875,11.7,69.23789,16.203999,13,3,4,0,0,62090.7675,61048.07,55926.50760416667
2023-04-20 14:00:00+02:00,61468.8425,62024.03,11.5,76.17844,13.905509,14,3,4,0,0,60394.125,57884.68,55973.736354166664
2023-04-20 15:00:00+02:00,60325.1775,60561.9075,13.45,67.950455,16.394829,15,3,4,0,0,59047.1475,57324.365,56018.51624999999
2023-04-20 16:00:00+02:00,59841.6725,59714.955,14.15,64.27005,18.72346,16,3,4,0,0,58074.6625,56555.1575,56071.767499999994
2023-04-20 17:00:00+02:00,60169.4125,59926.807499999995,14.85,62.272694,19.829433,17,3,4,0,0,58566.985,57410.932499999995,56145.392916666664
2023-04-20 18:00:00+02:00,60601.815,59778.905,14.55,66.35639,16.071491,18,3,4,0,0,58749.965,57524.792499999996,56212.16072916667
2023-04-20 19:00:00+02:00,59988.5025,59897.4725,13.8,70.84741,12.397806,19,3,4,0,0,60277.7325,58108.375,56289.32114583333
2023-04-20 20:00:00+02:00,58510.55,58531.2675,11.9,76.50379,12.879752,20,3,4,0,0,58998.32,57584.8375,56277.269895833335
2023-04-20 21:00:00+02:00,56321.685,55666.067500000005,11.55,75.410286,16.167967,21,3,4,0,0,56380.9725,55137.4225,56256.94614583333
2023-04-20 22:00:00+02:00,53794.265,52648.3725,11.2,77.177376,14.561099,22,3,4,0,0,52920.119999999995,52042.3875,56254.47583333334
2023-04-20 23:00:00+02:00,50422.615000000005,49118.115,10.6,80.865906,13.202726,23,3,4,0,0,49317.0375,48958.41,56290.89854166666
2023-04-21 00:00:00+02:00,47854.725,46675.317500000005,9.55,85.86273,13.138765,0,4,4,0,0,46962.95,45923.065,56336.964270833334
2023-04-21 01:00:00+02:00,44941.17,44630.535,9.1,87.00028,13.450708,1,4,4,0,0,45210.9125,44159.6375,56374.1215625
2023-04-21 02:00:00+02:00,44166.3425,43943.0475,9.3,81.807594,15.034041,2,4,4,0,0,44754.6375,43387.1475,56362.88229166667
2023-04-21 03:00:00+02:00,44556.11,44366.175,9.0,79.53754,15.978486,3,4,4,0,0,45060.7125,43309.5075,56338.37
2023-04-21 04:00:00+02:00,45824.9025,45669.582500000004,8.65,76.7681,15.542662,4,4,4,0,0,45585.2775,45116.177500000005,56317.344895833325
2023-04-21 05:00:00+02:00,48301.905,48892.53,8.3,74.85364,16.766108,5,4,4,0,0,49262.6225,47949.68,56327.32927083334
2023-04-21 06:00:00+02:00,54368.675,54677.475000000006,7.9,75.04742,16.24394,6,4,4,0,0,55287.015,53537.7725,56287.299375
2023-04-21 07:00:00+02:00,58269.51,59389.4925,8.25,75.10791,16.343367,7,4,4,0,0,59327.05,57941.9675,56249.035208333335
2023-04-21 08:00:00+02:00,60125.4925,61988.7325,9.8,75.11274,14.973576,8,4,4,0,0,62250.4475,60162.17,56204.97104166667
2023-04-21 09:00:00+02:00,60701.5275,62723.3225,11.45,71.12224,16.65754,9,4,4,0,0,62227.835,60862.1,56116.43125
2023-04-21 10:00:00+02:00,60369.9575,63711.21,13.15,67.656685,16.954432,10,4,4,0,0,62952.0125,60779.93,56052.83510416667
2023-04-21 11:00:00+02:00,60706.7025,64372.2725,15.0,64.45967,16.575644,11,4,4,0,0,64056.6375,60861.8125,55945.24947916667
2023-04-21 12:00:00+02:00,60038.74,63608.1275,16.65,61.228832,16.93531,12,4,4,0,0,64480.2375,60675.015,55805.668854166666
2023-04-21 13:00:00+02:00,58015.61,62339.725,17.9,56.576923,18.72,13,4,4,0,0,63224.2575,58881.1175,55620.60645833333
2023-04-21 14:00:00+02:00,56290.9725,60678.8425,18.3,42.84384,21.316135,14,4,4,0,0,61468.8425,56278.8475,55403.57947916666
2023-04-21 15:00:00+02:00,55483.65,59167.71,18.7,42.957756,21.746504,15,4,4,0,0,60325.1775,55370.7825,55187.83489583334
2023-04-21 16:00:00+02:00,54989.0375,57269.175,18.1,43.385056,19.469976,16,4,4,0,0,59841.6725,55015.615,54986.104583333334
2023-04-21 17:00:00+02:00,55843.465,58443.01,18.05,42.772522,19.416653,17,4,4,0,0,60169.4125,55501.2275,54783.911458333336
2023-04-21 18:00:00+02:00,55552.1175,58651.0475,17.7,45.582584,19.586117,18,4,4,0,0,60601.815,56112.695,54603.66364583333
2023-04-21 19:00:00+02:00,55061.3125,58605.9925,16.25,50.315456,16.09969,19,4,4,0,0,59988.5025,56740.8225,54393.25958333333
2023-04-21 20:00:00+02:00,53818.5625,57047.365,14.3,55.660435,15.273505,20,4,4,0,0,58510.55,55989.494999999995,54187.96
2023-04-21 21:00:00+02:00,52936.3275,54180.365,12.5,58.99177,14.869351,21,4,4,0,0,56321.685,53516.55,53992.46052083333
2023-04-21 22:00:00+02:00,50613.035,51048.854999999996,11.5,58.126217,15.84409,22,4,4,0,0,53794.265,50808.85,53851.40395833333
2023-04-21 23:00:00+02:00,46857.725,47491.8525,11.15,59.488834,15.745627,23,4,4,0,0,50422.615000000005,48215.2,53718.85270833334
2023-04-22 00:00:00+02:00,43822.4025,43396.35,10.35,64.529724,14.587776,0,5,4,1,0,47854.725,45369.64,53570.315624999996
2023-04-22 01:00:00+02:00,41729.4825,41356.8025,9.6,67.8508,13.441071,1,5,4,1,0,44941.17,43131.705,53402.3021875
2023-04-22 02:00:00+02:00,40131.8225,40121.925,9.4,65.000015,12.10157,2,5,4,1,0,44166.3425,41842.7,53268.481875
2023-04-22 03:00:00+02:00,39807.175,39799.0625,8.75,67.43216,12.181625,3,5,4,1,0,44556.11,41446.0875,53100.376874999994
2023-04-22 04:00:00+02:00,39803.04,39914.025,8.25,69.26199,12.758432,4,5,4,1,0,45824.9025,41564.5275,52902.504583333335
2023-04-22 05:00:00+02:00,39904.4975,40561.47,7.7,71.64672,12.10157,5,5,4,1,0,48301.905,42115.4,52651.59364583334
2023-04-22 06:00:00+02:00,40823.395000000004,41511.64,7.0,75.423164,11.113451,6,5,4,1,0,54368.675,43123.4825,52301.70166666667
2023-04-22 07:00:00+02:00,42833.625,43845.36,7.75,75.817566,12.768586,7,5,4,1,0,58269.51,44960.3825,51737.315
2023-04-22 08:00:00+02:00,45844.5625,47384.5025,9.65,76.39927,14.458382,8,5,4,1,0,60125.4925,47926.625,51094.153125000004
2023-04-22 09:00:00+02:00,47867.1425,50398.0825,11.75,71.91653,12.594856,9,5,4,1,0,60701.5275,50839.0525,50499.114375000005
2023-04-22 10:00:00+02:00,49303.0225,52529.9225,13.9,68.04347,12.599998,10,5,4,1,0,60369.9575,52163.9825,49964.34833333333
2023-04-22 11:00:00+02:00,49624.03,53692.6575,16.05,63.399063,13.684735,11,5,4,1,0,60706.7025,53636.04,49503.22604166666
2023-04-22 12:00:00+02:00,49048.385,53151.045,17.9,58.119396,14.982228,12,5,4,1,0,60038.74,53284.0475,49041.44802083333
2023-04-22 13:00:00+02:00,47782.7875,51561.5875,19.3,50.793392,15.7908325,13,5,4,1,0,58015.61,51226.8,48583.5165625
2023-04-22 14:00:00+02:00,46937.7625,50082.285,20.35,39.583576,16.434305,14,5,4,1,0,56290.9725,49933.7725,48157.14895833333
2023-04-22 15:00:00+02:00,46474.445,49248.6225,20.6,39.791862,15.807239,15,5,4,1,0,55483.65,49419.6425,47767.431875
2023-04-22 16:00:00+02:00,46367.155,48981.38,20.65,40.218796,15.315873,16,5,4,1,0,54989.0375,49717.0925,47392.04833333334
2023-04-22 17:00:00+02:00,47035.135,50054.457500000004,20.45,41.707405,13.779114,17,5,4,1,0,55843.465,50693.785,47032.80322916667
2023-04-22 18:00:00+02:00,48302.1975,50784.3975,19.6,49.352184,11.753876,18,5,4,1,0,55552.1175,51761.4125,46665.78947916667
2023-04-22 19:00:00+02:00,48448.785,50372.975,17.7,57.487053,10.44,19,5,4,1,0,55061.3125,51822.4975,46363.70947916667
2023-04-22 20:00:00+02:00,47627.0675,48970.085,15.05,61.058693,10.195057,20,5,4,1,0,53818.5625,50759.55,46088.1875
2023-04-22 21:00:00+02:00,46606.135,46830.18,13.45,63.238243,10.948973,21,5,4,1,0,52936.3275,48273.3925,45830.20854166666
2023-04-22 22:00:00+02:00,44600.979999999996,44985.495,12.75,64.84291,11.966954,22,5,4,1,0,50613.035,46501.1225,45566.450520833336
2023-04-22 23:00:00+02:00,42224.895000000004,42189.9925,12.55,65.02231,13.276144,23,5,4,1,0,46857.725,43924.927500000005,45315.94822916667
2023-04-23 00:00:00+02:00,39716.37,39787.6025,12.0,67.41536,12.819235,0,6,4,1,0,43822.4025,41182.8675,45122.91364583333
2023-04-23 01:00:00+02:00,37435.4125,37941.57,11.7,68.52528,13.608762,1,6,4,1,0,41729.4825,39277.8425,44951.82895833333
2023-04-23 02:00:00+02:00,36218.4775,37005.035,12.6,63.480476,11.885453,2,6,4,1,0,40131.8225,37945.2725,44772.909374999996
2023-04-23 03:00:00+02:00,35614.9625,36879.6,12.5,66.82786,11.298495,3,6,4,1,0,39807.175,37800.85,44609.85333333333
2023-04-23 04:00:00+02:00,35660.0,37093.6375,12.0,82.15633,9.178235,4,6,4,1,0,39803.04,38023.417499999996,44435.177812500006
2023-04-23 05:00:00+02:00,36059.475000000006,37338.082500000004,12.2,83.29452,8.64,5,6,4,1,0,39904.4975,38262.770000000004,44262.551145833335
2023-04-23 06:00:00+02:00,36207.125,37511.5075,11.25,88.386566,8.39657,6,6,4,1,0,40823.395000000004,37798.942500000005,44102.341875000006
2023-04-23 07:00:00+02:00,37834.535,38856.0525,11.95,87.56369,10.144082,7,6,4,1,0,42833.625,39134.675,43909.99729166667
2023-04-23 08:00:00+02:00,41341.5025,42095.325,13.0,87.368805,10.948973,8,6,4,1,0,45844.5625,42481.37,43701.701875
2023-04-23 09:00:00+02:00,43456.49,45523.03,13.5,87.12628,10.97262,9,6,4,1,0,47867.1425,45650.0675,43514.074375000004
2023-04-23 10:00:00+02:00,44547.5475,47870.41,13.1,92.43008,10.97262,10,6,4,1,0,49303.0225,47663.5,43330.2971875
2023-04-23 11:00:00+02:00,46869.5925,49956.052500000005,13.35,89.44757,14.277983,11,6,4,1,0,49624.03,49920.5575,43132.152395833335
2023-04-23 12:00:00+02:00,46770.545,49767.5775,14.2,87.19183,16.24394,12,6,4,1,0,49048.385,49463.3325,43017.38416666666
2023-04-23 13:00:00+02:00,44408.895000000004,47915.06,13.95,84.89611,16.055353,13,6,4,1,0,47782.7875,47604.78,42922.474166666674
2023-04-23 14:00:00+02:00,42590.692500000005,46023.885,13.4,83.16029,8.12197,14,6,4,1,0,46937.7625,45893.1925,42781.8953125
2023-04-23 15:00:00+02:00,41677.095,45133.32,15.1,71.57308,12.7279215,15,6,4,1,0,46474.445,45180.6075,42600.76739583333
2023-04-23 16:00:00+02:00,41462.46,45069.25,15.7,65.93317,9.904906,16,6,4,1,0,46367.155,44903.159999999996,42400.8778125
2023-04-23 17:00:00+02:00,43320.2975,46401.7025,16.2,62.79545,7.9036193,17,6,4,1,0,47035.135,46280.0225,42196.51552083334
2023-04-23 18:00:00+02:00,44897.625,47891.53,16.35,58.525875,4.2136917,18,6,4,1,0,48302.1975,48631.7825,42041.730625000004
2023-04-23 19:00:00+02:00,45471.95,48349.8125,15.55,75.82045,2.5959969,19,6,4,1,0,48448.785,49367.4925,41899.8734375
2023-04-23 20:00:00+02:00,45555.957500000004,48219.5375,13.5,69.362526,3.96,20,6,4,1,0,47627.0675,48900.82,41775.83864583333
2023-04-23 21:00:00+02:00,44970.1475,46966.755,10.85,83.13144,7.172949,21,6,4,1,0,46606.135,47279.885,41689.542395833334
2023-04-23 22:00:00+02:00,44801.2825,45926.5175,10.65,84.24457,10.137692,22,6,4,1,0,44600.979999999996,46295.85,41621.37625
2023-04-23 23:00:00+02:00,42069.28,43226.79,10.2,87.401924,11.252519,23,6,4,1,0,42224.895000000004,43817.45,41629.7221875
2023-04-24 00:00:00+02:00,39761.155,41390.81,9.95,89.78391,11.726277,0,0,4,0,0,39716.37,41761.7625,41623.238229166665
2023-04-24 01:00:00+02:00,38378.575,39838.505,9.95,91.936325,13.363711,1,0,4,0,0,37435.4125,40026.5925,41625.10427083333
2023-04-24 02:00:00+02:00,37764.479999999996,39278.865,9.9,93.49903,13.138765,2,0,4,0,0,36218.4775,39489.63,41664.402708333335
2023-04-24 03:00:00+02:00,38367.655,39725.5075,9.5,94.75238,10.182337,3,0,4,0,0,35614.9625,40072.79,41728.81947916667
2023-04-24 04:00:00+02:00,40264.2375,41523.315,9.35,93.78881,8.669949,4,0,4,0,0,35660.0,41545.16,41843.51500000001
2023-04-24 05:00:00+02:00,44765.4075,45222.0025,9.9,91.933266,9.028754,5,0,4,0,0,36059.475000000006,45833.7225,42035.35822916667
2023-04-24 06:00:00+02:00,52829.025,52578.075,10.5,89.22159,9.779817,6,0,4,0,0,36207.125,53080.759999999995,42398.105416666665
2023-04-24 07:00:00+02:00,58147.79,57826.155,10.45,91.04225,9.793058,7,0,4,0,0,37834.535,57814.765,43090.68458333333
2023-04-24 08:00:00+02:00,60975.6425,60977.5325,11.85,88.43809,11.435313,8,0,4,0,0,41341.5025,60916.595,43937.07020833334
2023-04-24 09:00:00+02:00,62534.95,62180.729999999996,13.45,79.902954,13.783817,9,0,4,0,0,43456.49,61909.05,44755.159374999996
2023-04-24 10:00:00+02:00,62825.21,63195.275,14.6,70.28782,13.513193,10,0,4,0,0,44547.5475,61891.3725,45550.09520833333
2023-04-24 11:00:00+02:00,63514.925,64039.34,15.65,59.96567,15.124284,11,0,4,0,0,46869.5925,63018.7625,46311.66447916667
2023-04-24 12:00:00+02:00,62742.667499999996,64163.807499999995,14.8,71.03864,17.429354,12,0,4,0,0,46770.545,62460.985,47005.22
2023-04-24 13:00:00+02:00,62158.675,63126.51,15.2,67.397194,23.051247,13,0,4,0,0,44408.895000000004,61535.582500000004,47670.72510416666
2023-04-24 14:00:00+02:00,60680.58,61389.5375,14.85,67.0972,17.786331,14,0,4,0,0,42590.692500000005,60209.9525,48410.299270833326
2023-04-24 15:00:00+02:00,59622.725,60357.88,15.65,60.58031,19.373219,15,0,4,0,0,41677.095,59025.185,49164.044583333336
2023-04-24 16:00:00+02:00,58794.99,59199.1925,15.9,53.074226,22.065973,16,0,4,0,0,41462.46,58142.465,49911.779166666674
2023-04-24 17:00:00+02:00,58434.8,59530.69,15.4,48.536545,23.090569,17,0,4,0,0,43320.2975,58680.4175,50633.967916666676
2023-04-24 18:00:00+02:00,59116.9975,59728.665,14.7,50.771366,24.387178,18,0,4,0,0,44897.625,59401.21,51263.738854166666
2023-04-24 19:00:00+02:00,59057.7725,60027.24,13.05,57.705017,24.675106,19,0,4,0,0,45471.95,59883.03,51856.21270833333
2023-04-24 20:00:00+02:00,57743.87,58622.7025,10.7,66.44083,25.772078,20,0,4,0,0,45555.957500000004,58407.77250000001,52422.28864583333
2023-04-24 21:00:00+02:00,55883.815,56023.47,9.45,68.77871,23.051247,21,0,4,0,0,44970.1475,55936.7125,52930.11833333334
2023-04-24 22:00:00+02:00,52605.185,52917.145000000004,9.05,69.4251,20.431387,22,0,4,0,0,44801.2825,52407.6275,53384.85447916667
2023-04-24 23:00:00+02:00,49520.92,49162.542499999996,8.1,74.29487,16.516901,23,0,4,0,0,42069.28,48410.854999999996,53710.01708333334
2023-04-25 00:00:00+02:00,46770.270000000004,45234.832500000004,7.95,75.85129,16.1198,0,1,4,0,0,39761.155,45580.1,54020.50208333333
2023-04-25 01:00:00+02:00,44970.835,43306.29,7.45,79.868225,16.904673,1,1,4,0,0,38378.575,43963.192500000005,54312.54854166667
2023-04-25 02:00:00+02:00,44107.9775,42608.1725,7.3,81.257996,17.31746,2,1,4,0,0,37764.479999999996,43054.2775,54587.22604166667
2023-04-25 03:00:00+02:00,44376.565,42992.855,7.55,78.220146,17.917007,3,1,4,0,0,38367.655,43009.7175,54851.53843750001
2023-04-25 04:00:00+02:00,45355.075,44568.5825,7.55,75.25158,18.792551,4,1,4,0,0,40264.2375,44782.7625,55101.9096875
2023-04-25 05:00:00+02:00,48748.1475,48055.3625,6.85,78.38777,17.114204,5,1,4,0,0,44765.4075,48324.725,55314.027916666666
2023-04-25 06:00:00+02:00,55291.655,54491.479999999996,6.6,80.30948,15.379206,6,1,4,0,0,52829.025,54643.067500000005,55479.975416666675
2023-04-25 07:00:00+02:00,60239.205,59249.8675,7.7,76.88259,15.815435,7,1,4,0,0,58147.79,59082.04,55582.585
2023-04-25 08:00:00+02:00,62187.7475,62173.7775,7.95,76.65393,20.16,8,1,4,0,0,60975.6425,62013.854999999996,55669.72729166666
2023-04-25 09:00:00+02:00,63063.685,63252.7375,8.15,75.88493,19.93048,9,1,4,0,0,62534.95,63164.0425,55720.23166666667
2023-04-25 10:00:00+02:00,63566.979999999996,64219.775,8.25,74.582794,20.176065,10,1,4,0,0,62825.21,63850.695,55742.26229166667
2023-04-25 11:00:00+02:00,64488.745,65084.1725,8.9,66.28191,19.562946,11,1,4,0,0,63514.925,64246.405,55773.169375
2023-04-25 12:00:00+02:00,63649.8475,65029.7525,10.45,56.639053,22.45315,12,1,4,0,0,62742.667499999996,63476.990000000005,55813.745208333334
2023-04-25 13:00:00+02:00,61898.8425,64066.845,10.45,53.876774,23.675303,13,1,4,0,0,62158.675,62474.2575,55851.544375000005
2023-04-25 14:00:00+02:00,60241.515,62193.2625,10.45,49.41812,24.023088,14,1,4,0,0,60680.58,60037.0325,55840.71802083334
2023-04-25 15:00:00+02:00,59100.935,60996.2575,9.6,49.358418,24.821732,15,1,4,0,0,59622.725,58352.385,55822.42364583333
2023-04-25 16:00:00+02:00,58205.2675,59926.5525,9.2,50.88845,23.795427,16,1,4,0,0,58794.99,57886.3875,55800.68239583333
2023-04-25 17:00:00+02:00,58608.8325,59891.95,9.3,49.6347,24.280659,17,1,4,0,0,58434.8,58443.46,55776.110624999994
2023-04-25 18:00:00+02:00,59121.5325,59883.5475,9.3,52.416706,19.839235,18,1,4,0,0,59116.9975,59730.785,55783.361979166664
2023-04-25 19:00:00+02:00,59423.1725,60172.1875,8.6,58.641712,18.1041,19,1,4,0,0,59057.7725,60476.0025,55783.5509375
2023-04-25 20:00:00+02:00,58375.6775,58541.985,7.65,60.334423,10.594036,20,1,4,0,0,57743.87,59228.63,55798.7759375
2023-04-25 21:00:00+02:00,56675.16,56082.9675,6.25,63.126575,11.013882,21,1,4,0,0,55883.815,56338.9025,55825.10125
2023-04-25 22:00:00+02:00,53511.71,53079.43,6.1,60.832615,12.224107,22,1,4,0,0,52605.185,53150.795,55858.07395833333
2023-04-25 23:00:00+02:00,49940.305,49262.47,5.8,61.654453,14.689589,23,1,4,0,0,49520.92,49101.815,55895.84583333333
2023-04-26 00:00:00+02:00,46417.240000000005,46889.17,4.95,67.09457,15.745627,0,2,4,0,0,46770.270000000004,46466.0325,55913.32020833334
2023-04-26 01:00:00+02:00,45143.527500000004,45130.3125,4.35,71.77076,16.700275,1,2,4,0,0,44970.835,44469.755000000005,55898.610625
2023-04-26 02:00:00+02:00,44651.3725,44379.7725,3.65,76.21117,15.905319,2,2,4,0,0,44107.9775,43775.11,55905.80614583334
2023-04-26 03:00:00+02:00,44990.9725,44620.53,3.25,79.24892,16.215992,3,2,4,0,0,44376.565,44166.5225,55928.447604166664
2023-04-26 04:00:00+02:00,46423.9075,45738.725,2.95,81.24181,16.563911,4,2,4,0,0,45355.075,45677.0325,55954.04791666667
2023-04-26 05:00:00+02:00,50180.917499999996,48923.8975,2.65,82.687454,16.919998,5,2,4,0,0,48748.1475,49272.159999999996,55998.58260416667
2023-04-26 06:00:00+02:00,56101.7125,55145.45,2.4,84.474686,16.923828,6,2,4,0,0,55291.655,55686.0175,56058.28135416666
2023-04-26 07:00:00+02:00,59942.3225,59378.3475,3.15,83.050896,18.36353,7,2,4,0,0,60239.205,59882.3925,56092.03375
2023-04-26 08:00:00+02:00,61536.08,62254.3725,4.4,78.56943,19.09358,8,2,4,0,0,62187.7475,62127.5225,56079.66364583333
2023-04-26 09:00:00+02:00,61168.9225,63376.6025,5.8,72.830666,21.129885,9,2,4,0,0,63063.685,62757.317500000005,56052.510833333334
2023-04-26 10:00:00+02:00,62157.4925,64942.4775,6.75,64.39784,23.587555,10,2,4,0,0,63566.979999999996,63748.302500000005,55973.56239583334
2023-04-26 11:00:00+02:00,62624.2375,65821.8825,7.5,58.574825,23.000591,11,2,4,0,0,64488.745,64401.545,55914.83375
2023-04-26 12:00:00+02:00,61991.955,65936.9325,8.2,56.256603,22.884789,12,2,4,0,0,63649.8475,63022.2725,55837.145937500005
2023-04-26 13:00:00+02:00,60848.8375,65472.9125,8.9,55.430218,22.768398,13,2,4,0,0,61898.8425,62090.7675,55768.06708333333
2023-04-26 14:00:00+02:00,58906.4025,63867.8775,9.25,51.087826,22.101183,14,2,4,0,0,60241.515,60394.125,55724.316875
2023-04-26 15:00:00+02:00,57909.3225,62868.162500000006,9.75,48.157253,22.702845,15,2,4,0,0,59100.935,59047.1475,55668.6871875
2023-04-26 16:00:00+02:00,57461.1725,61538.3475,9.25,49.62064,21.398056,16,2,4,0,0,58205.2675,58074.6625,55619.03666666666
2023-04-26 17:00:00+02:00,58007.2375,61252.58,9.4,48.587486,20.192118,17,2,4,0,0,58608.8325,58566.985,55588.03270833334
2023-04-26 18:00:00+02:00,58312.3675,60729.16,9.05,49.92777,17.581125,18,2,4,0,0,59121.5325,58749.965,55562.966250000005
2023-04-26 19:00:00+02:00,58538.4375,60105.7975,8.75,52.83968,14.973576,19,2,4,0,0,59423.1725,60277.7325,55529.25104166667
2023-04-26 20:00:00+02:00,57116.9825,58074.825,7.75,58.004253,14.039999,20,2,4,0,0,58375.6775,58998.32,55492.387083333335
2023-04-26 21:00:00+02:00,55703.235,55604.205,7.1,63.784985,12.413476,21,2,4,0,0,56675.16,56380.9725,55439.941458333335
2023-04-26 22:00:00+02:00,52225.9675,52617.52,6.65,67.22095,10.08,22,2,4,0,0,53511.71,52920.119999999995,55399.44458333334
2023-04-26 23:00:00+02:00,48701.725,49127.1325,5.7,71.77286,9.114471,23,2,4,0,0,49940.305,49317.0375,55345.871979166666
2023-04-27 00:00:00+02:00,45911.4975,46424.8475,4.35,79.12881,9.531505,0,3,4,0,0,46417.240000000005,46962.95,55294.26447916666
2023-04-27 01:00:00+02:00,44166.59,44745.6175,4.55,79.158936,10.446206,1,3,4,0,0,45143.527500000004,45210.9125,55273.191875
2023-04-27 02:00:00+02:00,43675.4375,44057.9,4.6,78.03762,8.905908,2,3,4,0,0,44651.3725,44754.6375,55232.48614583333
2023-04-27 03:00:00+02:00,44332.8425,44326.869999999995,4.45,78.57714,8.699793,3,3,4,0,0,44990.9725,45060.7125,55191.82218750001
2023-04-27 04:00:00+02:00,45149.72,45607.917499999996,4.25,79.39881,7.754637,4,3,4,0,0,46423.9075,45585.2775,55164.40010416667
2023-04-27 05:00:00+02:00,48585.9875,49058.527500000004,2.5,88.22943,6.725354,5,3,4,0,0,50180.917499999996,49262.6225,55111.308958333335
2023-04-27 06:00:00+02:00,54922.185,54977.2025,1.9,90.43561,6.519877,6,3,4,0,0,56101.7125,55287.015,55044.853541666664
2023-04-27 07:00:00+02:00,58828.845,59002.0,3.45,86.748276,9.007196,7,3,4,0,0,59942.3225,59327.05,54995.7065625
2023-04-27 08:00:00+02:00,61226.375,61727.645000000004,4.9,81.21795,8.647496,8,3,4,0,0,61536.08,62250.4475,54949.31166666667
2023-04-27 09:00:00+02:00,61771.6375,62613.07,6.45,73.99993,12.074766,9,3,4,0,0,61168.9225,62227.835,54936.40729166666
2023-04-27 10:00:00+02:00,61287.565,63465.8875,7.5,64.569664,13.910169,10,3,4,0,0,62157.4925,62952.0125,54961.52041666667
2023-04-27 11:00:00+02:00,61651.3675,64219.96,8.45,59.24014,14.561099,11,3,4,0,0,62624.2375,64056.6375,54925.2734375
2023-04-27 12:00:00+02:00,60513.9375,63862.44,9.5,53.621586,16.520823,12,3,4,0,0,61991.955,64480.2375,54884.737187499995
2023-04-27 13:00:00+02:00,59483.755000000005,62953.7825,9.7,49.566525,16.676977,13,3,4,0,0,60848.8375,63224.2575,54823.153125000004
2023-04-27 14:00:00+02:00,58282.1075,61689.825,9.45,50.773113,17.015474,14,3,4,0,0,58906.4025,61468.8425,54766.2746875
2023-04-27 15:00:00+02:00,56993.1075,60544.354999999996,10.1,49.141193,16.167967,15,3,4,0,0,57909.3225,60325.1775,54740.262395833335
2023-04-27 16:00:00+02:00,56376.4825,59580.0675,9.65,49.914177,13.849476,16,3,4,0,0,57461.1725,59841.6725,54702.08677083333
2023-04-27 17:00:00+02:00,57290.9275,59845.0375,9.9,49.084835,12.661564,17,3,4,0,0,58007.2375,60169.4125,54656.89135416667
2023-04-27 18:00:00+02:00,57755.47,59803.822499999995,9.85,46.119064,11.298495,18,3,4,0,0,58312.3675,60601.815,54627.04510416667
2023-04-27 19:00:00+02:00,57823.8725,59393.275,9.45,55.375652,5.0142193,19,3,4,0,0,58538.4375,59988.5025,54603.84104166667
2023-04-27 20:00:00+02:00,56850.69,57869.2,7.3,66.40337,6.6087217,20,3,4,0,0,57116.9825,58510.55,54574.0675
2023-04-27 21:00:00+02:00,55113.235,55576.03,5.9,67.789604,6.489992,21,3,4,0,0,55703.235,56321.685,54562.97197916667
2023-04-27 22:00:00+02:00,51684.1325,52610.8775,3.8,77.62982,8.759178,22,3,4,0,0,52225.9675,53794.265,54538.38864583333
2023-04-27 23:00:00+02:00,47970.915,48810.965,3.15,80.3914,7.92,23,3,4,0,0,48701.725,50422.615000000005,54515.8121875
2023-04-28 00:00:00+02:00,44913.7225,45854.354999999996,2.4,84.169,8.311245,0,4,4,0,0,45911.4975,47854.725,54485.36177083334
2023-04-28 01:00:00+02:00,43125.31,44445.7375,2.3,83.54827,7.628263,1,4,4,0,0,44166.59,44941.17,54443.7878125
2023-04-28 02:00:00+02:00,41934.545,43632.3975,2.45,83.56671,8.049845,2,4,4,0,0,43675.4375,44166.3425,54400.40114583333
2023-04-28 03:00:00+02:00,41844.6175,43918.5175,1.7,86.57073,7.928177,3,4,4,0,0,44332.8425,44556.11,54327.86395833333
2023-04-28 04:00:00+02:00,43083.94,45107.705,2.05,86.606514,6.9153743,4,4,4,0,0,45149.72,45824.9025,54224.187916666655
2023-04-28 05:00:00+02:00,46466.125,48321.455,2.5,85.10024,7.4128532,5,4,4,0,0,48585.9875,48301.905,54138.11375
2023-04-28 06:00:00+02:00,52845.0925,54106.9875,2.55,84.1868,8.534353,6,4,4,0,0,54922.185,54368.675,54049.78614583334
2023-04-28 07:00:00+02:00,57956.3425,59471.47,4.45,76.898415,12.313893,7,4,4,0,0,58828.845,58269.51,53963.240625000006
2023-04-28 08:00:00+02:00,60862.322499999995,62069.865,6.7,74.04493,12.849528,8,4,4,0,0,61226.375,60125.4925,53926.886354166665
2023-04-28 09:00:00+02:00,61754.7575,62628.5775,8.95,67.952805,13.779114,9,4,4,0,0,61771.6375,60701.5275,53911.7175
2023-04-28 10:00:00+02:00,63159.8825,63819.69,10.55,63.22935,17.072504,10,4,4,0,0,61287.565,60369.9575,53911.01416666666
2023-04-28 11:00:00+02:00,63397.92,64426.7475,11.85,58.419006,18.86139,11,4,4,0,0,61651.3675,60706.7025,53989.027395833335
2023-04-28 12:00:00+02:00,62512.4475,64020.4125,13.0,56.497017,18.681883,12,4,4,0,0,60513.9375,60038.74,54061.800416666665
2023-04-28 13:00:00+02:00,60231.925,62688.9625,13.9,55.36424,18.043148,13,4,4,0,0,59483.755000000005,58015.61,54145.07166666666
2023-04-28 14:00:00+02:00,58181.675,60712.020000000004,14.7,50.948963,16.45007,14,4,4,0,0,58282.1075,56290.9725,54176.245416666665
2023-04-28 15:00:00+02:00,57155.7625,59555.095,15.45,50.446804,14.654254,15,4,4,0,0,56993.1075,55483.65,54172.06072916667
2023-04-28 16:00:00+02:00,56242.06,58514.1,15.35,50.595196,13.18308,16,4,4,0,0,56376.4825,54989.0375,54178.83802083333
2023-04-28 17:00:00+02:00,56280.29,58261.26,14.7,60.146797,8.78872,17,4,4,0,0,57290.9275,55843.465,54173.23708333333
2023-04-28 18:00:00+02:00,56276.68,57978.9325,14.2,63.19323,7.8954163,18,4,4,0,0,57755.47,55552.1175,54131.1271875
2023-04-28 19:00:00+02:00,56130.6275,57590.880000000005,13.5,65.90511,7.491114,19,4,4,0,0,57823.8725,55061.3125,54069.510937499996
2023-04-28 20:00:00+02:00,54450.665,56128.06,12.7,69.20196,9.983106,20,4,4,0,0,56850.69,53818.5625,53998.959062500006
2023-04-28 21:00:00+02:00,52485.185,54032.3475,12.1,74.73582,9.983106,21,4,4,0,0,55113.235,52936.3275,53898.95802083333
2023-04-28 22:00:00+02:00,49844.7675,50763.765,11.7,75.17854,10.787993,22,4,4,0,0,51684.1325,50613.035,53789.4559375
2023-04-28 23:00:00+02:00,46438.985,47092.7775,11.35,76.93811,10.514218,23,4,4,0,0,47970.915,46857.725,53712.815729166665
2023-04-29 00:00:00+02:00,43602.2225,43868.125,11.15,78.23077,10.296251,0,5,4,1,0,44913.7225,43822.4025,53648.9853125
2023-04-29 01:00:00+02:00,41360.6325,41690.33,10.75,79.24657,8.913181,1,5,4,1,0,43125.31,41729.4825,53594.339479166665
2023-04-29 02:00:00+02:00,39366.3425,40346.3175,9.3,93.78644,11.019764,2,5,4,1,0,41934.545,40131.8225,53520.81125
2023-04-29 03:00:00+02:00,39284.0175,40131.2825,9.6,93.16834,9.826088,3,5,4,1,0,41844.6175,39807.175,53413.802812500006
2023-04-29 04:00:00+02:00,39429.6775,40158.942500000005,9.35,94.74629,8.427383,4,5,4,1,0,43083.94,39803.04,53307.11114583333
2023-04-29 05:00:00+02:00,39993.8575,40599.7975,9.2,95.38404,7.9526596,5,5,4,1,0,46466.125,39904.4975,53154.85020833334
2023-04-29 06:00:00+02:00,41350.3825,41577.3025,9.25,95.38582,8.14587,6,5,4,1,0,52845.0925,40823.395000000004,52885.17239583333
2023-04-29 07:00:00+02:00,43870.7175,43954.9775,10.45,92.58789,10.390226,7,5,4,1,0,57956.3425,42833.625,52406.22614583333
2023-04-29 08:00:00+02:00,47342.09,47585.1775,10.95,92.616,13.202726,8,5,4,1,0,60862.322499999995,45844.5625,51819.325104166666
2023-04-29 09:00:00+02:00,50840.325000000004,50697.54,11.2,90.181206,12.261157,9,5,4,1,0,61754.7575,47867.1425,51255.982083333336
2023-04-29 10:00:00+02:00,52428.0725,52426.525,11.9,85.815895,16.363178,10,5,4,1,0,63159.8825,49303.0225,50801.214062499996
2023-04-29 11:00:00+02:00,52973.1025,52980.5,12.75,81.42843,18.581022,11,5,4,1,0,63397.92,49624.03,50354.05531249999
2023-04-29 12:00:00+02:00,51857.485,52520.0425,13.1,77.2154,20.288164,12,5,4,1,0,62512.4475,49048.385,49919.68791666667
2023-04-29 13:00:00+02:00,50057.71,50822.68,13.65,71.54127,19.969458,13,5,4,1,0,60231.925,47782.7875,49475.731145833335
2023-04-29 14:00:00+02:00,48294.3375,49137.707500000004,12.45,77.636375,20.497883,14,5,4,1,0,58181.675,46937.7625,49051.80552083333
2023-04-29 15:00:00+02:00,47634.090000000004,48185.72749999999,12.8,74.09881,21.749483,15,5,4,1,0,57155.7625,46474.445,48639.833125
2023-04-29 16:00:00+02:00,46980.149999999994,48116.615,13.4,70.53066,19.586117,16,5,4,1,0,56242.06,46367.155,48243.096770833334
2023-04-29 17:00:00+02:00,47971.315,49086.1075,14.25,64.073555,17.873554,17,5,4,1,0,56280.29,47035.135,47857.18385416666
2023-04-29 18:00:00+02:00,49104.32,49429.7375,14.55,56.69598,16.746773,18,5,4,1,0,56276.68,48302.1975,47510.9765625
2023-04-29 19:00:00+02:00,49504.7575,48983.295,13.65,60.307735,15.0038395,19,5,4,1,0,56130.6275,48448.785,47212.128229166665
2023-04-29 20:00:00+02:00,49148.54,48097.7975,11.8,64.18336,12.245293,20,5,4,1,0,54450.665,47627.0675,46936.0503125
2023-04-29 21:00:00+02:00,48080.5325,46768.42,8.75,75.98549,8.209263,21,5,4,1,0,52485.185,46606.135,46715.1284375
2023-04-29 22:00:00+02:00,46409.2425,45049.3825,7.3,82.403,9.793058,22,5,4,1,0,49844.7675,44600.979999999996,46531.60125
2023-04-29 23:00:00+02:00,43311.19,42361.4625,8.15,78.31254,8.225035,23,5,4,1,0,46438.985,42224.895000000004,46388.454375
2023-04-30 00:00:00+02:00,39976.025,39110.1375,8.25,76.167984,13.237039,0,6,4,1,0,43602.2225,39716.37,46258.129583333335
2023-04-30 01:00:00+02:00,38092.0325,37338.3025,6.8,79.49356,10.805998,1,6,4,1,0,41360.6325,37435.4125,46107.03802083334
2023-04-30 02:00:00+02:00,36877.37,36336.3625,6.25,84.32006,10.799999,2,6,4,1,0,39366.3425,36218.4775,45970.846354166664
2023-04-30 03:00:00+02:00,36398.805,36096.479999999996,5.45,89.1161,10.739832,3,6,4,1,0,39284.0175,35614.9625,45867.13916666667
2023-04-30 04:00:00+02:00,36352.3575,36284.5475,4.75,90.64436,10.514218,4,6,4,1,0,39429.6775,35660.0,45746.92197916666
2023-04-30 05:00:00+02:00,36634.915,36681.785,4.15,90.92269,9.957108,5,6,4,1,0,39993.8575,36059.475000000006,45618.7003125
2023-04-30 06:00:00+02:00,36755.32,36747.7725,3.6,91.53305,9.1641035,6,6,4,1,0,41350.3825,36207.125,45478.744375
2023-04-30 07:00:00+02:00,38475.5775,38561.619999999995,4.7,88.11323,10.514218,7,6,4,1,0,43870.7175,37834.535,45287.2834375
2023-04-30 08:00:00+02:00,41396.025,41624.585,6.15,80.24544,11.480557,8,6,4,1,0,47342.09,41341.5025,45062.4859375
2023-04-30 09:00:00+02:00,43823.53,44463.205,7.2,72.31706,12.181624,9,6,4,1,0,50840.325000000004,43456.49,44814.733229166675
2023-04-30 10:00:00+02:00,45197.3425,46242.2025,8.3,66.38581,10.464797,10,6,4,1,0,52428.0725,44547.5475,44522.36677083333
2023-04-30 11:00:00+02:00,46652.509999999995,48235.2275,9.45,60.775467,10.195057,11,6,4,1,0,52973.1025,46869.5925,44221.08635416667
2023-04-30 12:00:00+02:00,46257.55,47857.435,10.5,56.049816,10.195057,12,6,4,1,0,51857.485,46770.545,43957.72833333333
2023-04-30 13:00:00+02:00,43784.8675,46018.125,11.35,53.352146,9.957108,13,6,4,1,0,50057.71,44408.895000000004,43724.39770833333
2023-04-30 14:00:00+02:00,41652.582500000004,44594.92,12.35,47.34208,8.714677,14,6,4,1,0,48294.3375,42590.692500000005,43463.029270833336
2023-04-30 15:00:00+02:00,40587.9975,43826.5025,12.85,47.3144,8.217153,15,6,4,1,0,47634.090000000004,41677.095,43186.28947916667
2023-04-30 16:00:00+02:00,40281.4225,43203.205,13.1,47.723774,7.289444,16,6,4,1,0,46980.149999999994,41462.46,42892.70229166667
2023-04-30 17:00:00+02:00,40997.65,44402.0975,13.1,48.23584,6.2145634,17,6,4,1,0,47971.315,43320.2975,42613.58864583333
2023-04-30 18:00:00+02:00,43005.7325,45683.265,12.85,49.030426,5.8048253,18,6,4,1,0,49104.32,44897.625,42323.019270833334
2023-04-30 19:00:00+02:00,43659.1625,46186.48,12.1,54.50816,6.519877,19,6,4,1,0,49504.7575,45471.95,42068.911458333336
2023-04-30 20:00:00+02:00,43931.0375,46237.0825,9.6,72.765785,6.6087217,20,6,4,1,0,49148.54,45555.957500000004,41825.345
2023-04-30 21:00:00+02:00,44114.19,45605.815,7.4,78.47216,7.386582,21,6,4,1,0,48080.5325,44970.1475,41607.949062499996
2023-04-30 22:00:00+02:00,42346.2725,44919.479999999996,6.1,84.8979,7.729527,22,6,4,1,0,46409.2425,44801.2825,41442.68479166667
2023-04-30 23:00:00+02:00,39648.2175,42469.035,5.25,88.16276,7.5685663,23,6,4,1,0,43311.19,42069.28,41273.394374999996
2023-05-01 00:00:00+02:00,37874.12,40845.91,4.55,89.673645,7.771331,0,0,5,0,1,39976.025,39761.155,41120.770520833335
2023-05-01 01:00:00+02:00,36026.740000000005,39176.155,3.5,91.852776,8.647496,1,0,5,0,1,38092.0325,38378.575,41033.191145833334
2023-05-01 02:00:00+02:00,35066.695,38181.46,3.85,88.35044,7.289444,2,0,5,0,1,36877.37,37764.479999999996,40947.137291666666
2023-05-01 03:00:00+02:00,34714.6475,38021.1525,3.45,88.63108,9.0,3,0,5,0,1,36398.805,38367.655,40871.6925
2023-05-01 04:00:00+02:00,34849.8525,38586.7,3.4,88.31032,10.24578,4,0,5,0,1,36352.3575,40264.2375,40801.519270833334
2023-05-01 05:00:00+02:00,35706.9025,39200.475,2.95,89.2253,9.511088,5,0,5,0,1,36634.915,44765.4075,40738.91489583333
2023-05-01 06:00:00+02:00,35862.0425,39982.995,2.8,88.89304,9.983106,6,0,5,0,1,36755.32,52829.025,40700.247708333336
2023-05-01 07:00:00+02:00,37688.015,41689.9575,4.45,83.809784,12.413477,7,0,5,0,1,38475.5775,58147.79,40663.0278125
2023-05-01 08:00:00+02:00,40681.5125,44625.68,6.6,78.34925,11.269782,8,0,5,0,1,41396.025,60975.6425,40630.21270833334
2023-05-01 09:00:00+02:00,44133.7175,47301.244999999995,9.0,72.909225,10.685391,9,0,5,0,1,43823.53,62534.95,40600.441354166665
2023-05-01 10:00:00+02:00,46036.175,48968.1775,11.25,68.19594,10.739832,10,0,5,0,1,45197.3425,62825.21,40613.36583333334
2023-05-01 11:00:00+02:00,46672.104999999996,50775.240000000005,13.15,61.66223,12.7279215,11,0,5,0,1,46652.509999999995,63514.925,40648.3171875
2023-05-01 12:00:00+02:00,46125.29,51015.7875,14.7,52.75534,13.830749,12,0,5,0,1,46257.55,62742.667499999996,40649.13364583333
2023-05-01 13:00:00+02:00,44837.7575,49665.255000000005,15.9,49.014717,14.386494,13,0,5,0,1,43784.8675,62158.675,40643.6228125
2023-05-01 14:00:00+02:00,43799.31,48464.0775,16.75,44.686787,11.753876,14,0,5,0,1,41652.582500000004,60680.58,40687.49322916667
2023-05-01 15:00:00+02:00,43493.8525,47781.2625,17.3,44.84269,11.298495,15,0,5,0,1,40587.9975,59622.725,40776.94020833333
2023-05-01 16:00:00+02:00,43707.057499999995,47779.515,17.35,45.484047,10.315115,16,0,5,0,1,40281.4225,58794.99,40898.0175
2023-05-01 17:00:00+02:00,44175.0525,48695.8875,17.35,46.278957,9.449572,17,0,5,0,1,40997.65,58434.8,41040.75229166667
2023-05-01 18:00:00+02:00,45542.7575,49635.9775,17.2,48.195625,8.209263,18,0,5,0,1,43005.7325,59116.9975,41173.1440625
2023-05-01 19:00:00+02:00,45421.5375,49852.8725,16.25,60.517933,5.6233797,19,0,5,0,1,43659.1625,59057.7725,41278.853437499994
2023-05-01 20:00:00+02:00,45149.99,49409.354999999996,13.55,71.280655,6.989936,20,0,5,0,1,43931.0375,57743.87,41352.285729166666
2023-05-01 21:00:00+02:00,45623.8275,48846.295,11.7,76.47136,9.346143,21,0,5,0,1,44114.19,55883.815,41403.07541666667
2023-05-01 22:00:00+02:00,44231.555,47592.01,11.25,78.513145,8.161764,22,0,5,0,1,42346.2725,52605.185,41465.97697916666
2023-05-01 23:00:00+02:00,41144.055,44894.1125,10.65,81.14908,8.4042845,23,0,5,0,1,39648.2175,49520.92,41544.53041666667
2023-05-02 00:00:00+02:00,38957.075,44620.7275,10.25,79.71822,10.1376915,0,1,5,0,0,37874.12,46770.270000000004,41606.85697916666
2023-05-02 01:00:00+02:00,37517.145000000004,43065.535,10.1,74.64613,8.28,1,1,5,0,0,36026.740000000005,44970.835,41651.980104166665
2023-05-02 02:00:00+02:00,37383.9375,42275.62,11.05,66.05503,7.628263,2,1,5,0,0,35066.695,44107.9775,41714.0803125
2023-05-02 03:00:00+02:00,37811.917499999996,42593.58,10.35,66.132965,10.105681,3,1,5,0,0,34714.6475,44376.565,41810.63208333334
2023-05-02 04:00:00+02:00,39859.6925,44162.175,9.95,70.09472,16.267857,4,1,5,0,0,34849.8525,45355.075,41939.685
2023-05-02 05:00:00+02:00,43822.6075,47546.005000000005,9.25,72.95529,12.819235,5,1,5,0,0,35706.9025,48748.1475,42148.42833333334
2023-05-02 06:00:00+02:00,52610.020000000004,53990.067500000005,8.45,76.46798,12.181624,6,1,5,0,0,35862.0425,55291.655,42486.58270833333
2023-05-02 07:00:00+02:00,58327.322499999995,59255.755000000005,9.25,75.54189,13.397612,7,1,5,0,0,37688.015,60239.205,43184.41510416666
2023-05-02 08:00:00+02:00,61251.775,62405.695,10.75,72.97723,14.33234,8,1,5,0,0,40681.5125,62187.7475,44044.38625
2023-05-02 09:00:00+02:00,61929.36,63396.2075,11.8,74.42957,17.174677,9,1,5,0,0,44133.7175,63063.685,44901.480520833335
2023-05-02 10:00:00+02:00,62651.520000000004,64965.6525,12.75,74.09004,20.188908,10,1,5,0,0,46036.175,63566.979999999996,45642.965625000004
2023-05-02 11:00:00+02:00,63546.61,66179.7075,12.3,75.53628,18.947083,11,1,5,0,0,46672.104999999996,64488.745,46335.27166666667
2023-05-02 12:00:00+02:00,62377.665,66457.55,12.4,73.27661,18.289274,12,1,5,0,0,46125.29,63649.8475,47038.37604166666
2023-05-02 13:00:00+02:00,61564.3,65924.45,12.0,73.45493,17.31746,13,1,5,0,0,44837.7575,61898.8425,47715.55833333333
2023-05-02 14:00:00+02:00,59958.6325,64533.56,11.2,74.58028,18.35647,14,1,5,0,0,43799.31,60241.515,48412.497604166674
2023-05-02 15:00:00+02:00,58968.47,63463.9125,11.1,69.35607,17.81909,15,1,5,0,0,43493.8525,59100.935,49085.80270833333
2023-05-02 16:00:00+02:00,57266.5525,62189.83,11.45,60.617405,16.981165,16,1,5,0,0,43707.057499999995,58205.2675,49730.5784375
2023-05-02 17:00:00+02:00,57521.005000000005,61768.3375,11.9,57.011566,18.723461,17,1,5,0,0,44175.0525,58608.8325,50295.55739583334
2023-05-02 18:00:00+02:00,58281.917499999996,61310.6875,11.2,56.6314,16.563911,18,1,5,0,0,45542.7575,59121.5325,50851.638750000006
2023-05-02 19:00:00+02:00,58205.9875,60640.91,10.9,55.75609,12.096214,19,1,5,0,0,45421.5375,59423.1725,51382.43708333333
2023-05-02 20:00:00+02:00,56728.5625,58759.6675,10.1,57.15727,11.720751,20,1,5,0,0,45149.99,58375.6775,51915.1225
2023-05-02 21:00:00+02:00,54964.509999999995,56527.3475,9.65,56.634388,8.587338,21,1,5,0,0,45623.8275,56675.16,52397.56302083333
2023-05-02 22:00:00+02:00,51438.655,53573.85,8.85,61.06431,7.289445,22,1,5,0,0,44231.555,53511.71,52786.758125
2023-05-02 23:00:00+02:00,47149.8525,50056.1275,8.45,61.40575,11.480557,23,1,5,0,0,41144.055,49940.305,53087.05395833334
2023-05-03 00:00:00+02:00,44549.6425,45727.3775,8.15,62.667694,10.799999,0,2,5,0,0,38957.075,46417.240000000005,53337.29552083334
2023-05-03 01:00:00+02:00,42893.81,44006.9775,7.3,66.40337,9.686609,1,2,5,0,0,37517.145000000004,45143.527500000004,53570.31916666666
2023-05-03 02:00:00+02:00,42183.957500000004,43215.5125,7.45,69.83969,9.585739,2,2,5,0,0,37383.9375,44651.3725,53794.346874999996
2023-05-03 03:00:00+02:00,42860.46,43609.6575,6.85,69.717995,10.703569,3,2,5,0,0,37811.917499999996,44990.9725,53994.347708333335
2023-05-03 04:00:00+02:00,44307.2675,45285.2,5.8,74.41335,9.686609,4,2,5,0,0,39859.6925,46423.9075,54204.70364583333
2023-05-03 05:00:00+02:00,47785.2825,48877.285,4.9,79.49542,8.942214,5,2,5,0,0,43822.6075,50180.917499999996,54390.01927083334
2023-05-03 06:00:00+02:00,53915.4225,55228.48,4.1,84.67125,8.0899935,6,2,5,0,0,52610.020000000004,56101.7125,54555.13072916667
2023-05-03 07:00:00+02:00,58361.770000000004,59935.675,5.4,82.74217,11.165805,7,2,5,0,0,58327.322499999995,59942.3225,54609.5225
2023-05-03 08:00:00+02:00,61379.8,62964.325,6.85,76.20278,9.693296,8,2,5,0,0,61251.775,61536.08,54610.95781249999
2023-05-03 09:00:00+02:00,61057.3925,63920.6275,8.35,71.01653,9.220499,9,2,5,0,0,61929.36,61168.9225,54616.292187499996
2023-05-03 10:00:00+02:00,60578.317500000005,65053.1825,9.8,63.72692,8.435069,10,2,5,0,0,62651.520000000004,62157.4925,54579.96020833333
2023-05-03 11:00:00+02:00,60847.205,65733.485,10.8,56.327705,6.792466,11,2,5,0,0,63546.61,62624.2375,54493.57677083332
2023-05-03 12:00:00+02:00,60584.095,65847.32,11.4,53.55583,6.489992,12,2,5,0,0,62377.665,61991.955,54381.1015625
2023-05-03 13:00:00+02:00,58002.69,65382.45,12.0,51.11096,6.1305785,13,2,5,0,0,61564.3,60848.8375,54306.369479166664
2023-05-03 14:00:00+02:00,57635.58,63899.5325,13.8,41.69585,4.6938252,14,2,5,0,0,59958.6325,58906.4025,54157.9690625
2023-05-03 15:00:00+02:00,56819.205,62569.54,14.65,42.697994,4.6938252,15,2,5,0,0,58968.47,57909.3225,54061.175208333334
2023-05-03 16:00:00+02:00,56044.66,61320.1725,14.45,44.186615,4.3349743,16,2,5,0,0,57266.5525,57461.1725,53971.6225
2023-05-03 17:00:00+02:00,55919.11,60974.6375,14.85,42.755802,4.1046314,17,2,5,0,0,57521.005000000005,58007.2375,53920.71031249999
2023-05-03 18:00:00+02:00,56759.5,60739.957500000004,14.55,43.281723,3.8268526,18,2,5,0,0,58281.917499999996,58312.3675,53853.9646875
2023-05-03 19:00:00+02:00,57276.82,60270.7575,13.95,50.212246,4.3498964,19,2,5,0,0,58205.9875,58538.4375,53790.53062500001
2023-05-03 20:00:00+02:00,56552.3875,58494.8025,12.9,53.577206,4.5536795,20,2,5,0,0,56728.5625,57116.9825,53751.8153125
2023-05-03 21:00:00+02:00,55329.7375,56521.7,10.6,63.910416,5.1544156,21,2,5,0,0,54964.509999999995,55703.235,53744.474687500006
2023-05-03 22:00:00+02:00,51581.78,53543.0825,8.25,74.84495,8.14587,22,2,5,0,0,51438.655,52225.9675,53759.692500000005
2023-05-03 23:00:00+02:00,47192.525,49948.97,6.3,84.62263,8.854829,23,2,5,0,0,47149.8525,48701.725,53765.65604166666
2023-05-04 00:00:00+02:00,44008.4625,46366.0525,6.4,81.135445,7.968939,0,3,5,0,0,44549.6425,45911.4975,53767.4340625
2023-05-04 01:00:00+02:00,42598.6825,44798.42,6.0,83.4045,10.799999,1,3,5,0,0,42893.81,44166.59,53744.88489583333
2023-05-04 02:00:00+02:00,41900.2575,44030.99,5.45,86.0318,12.096214,2,3,5,0,0,42183.957500000004,43675.4375,53732.58791666667
2023-05-04 03:00:00+02:00,42088.2975,44346.317500000005,4.45,89.34872,10.464797,3,3,5,0,0,42860.46,44332.8425,53720.76708333334
2023-05-04 04:00:00+02:00,43460.1475,45509.7675,4.0,89.629944,9.885262,4,3,5,0,0,44307.2675,45149.72,53688.59364583334
2023-05-04 05:00:00+02:00,46765.005,48576.515,3.5,90.231415,8.373386,5,3,5,0,0,47785.2825,48585.9875,53653.29697916666
2023-05-04 06:00:00+02:00,53205.8475,55003.575,3.3,90.53901,7.2805495,6,3,5,0,0,53915.4225,54922.185,53610.78541666667
2023-05-04 07:00:00+02:00,57818.885,59466.865000000005,5.0,86.28967,9.028754,7,3,5,0,0,58361.770000000004,58828.845,53581.21979166666
2023-05-04 08:00:00+02:00,60878.3825,62333.605,7.35,81.264786,6.162207,8,3,5,0,0,61379.8,61226.375,53558.599583333336
2023-05-04 09:00:00+02:00,60680.7175,62897.1275,10.15,74.3971,6.489992,9,3,5,0,0,61057.3925,61771.6375,53537.707187500004
2023-05-04 10:00:00+02:00,60620.9675,63439.19,12.5,65.68728,6.519877,10,3,5,0,0,60578.317500000005,61287.565,53522.012395833335
2023-05-04 11:00:00+02:00,61091.7925,64156.31,14.1,56.777786,5.4833565,11,3,5,0,0,60847.205,61651.3675,53523.78947916668
2023-05-04 12:00:00+02:00,60341.2525,63765.175,15.05,51.759235,6.3690495,12,3,5,0,0,60584.095,60513.9375,53533.980625000004
2023-05-04 13:00:00+02:00,59511.1875,63014.5275,15.65,50.852856,5.692099,13,3,5,0,0,58002.69,59483.755000000005,53523.8621875
2023-05-04 14:00:00+02:00,57692.19,61508.145000000004,16.65,46.565876,5.1919937,14,3,5,0,0,57635.58,58282.1075,53586.71625
2023-05-04 15:00:00+02:00,57128.375,60521.625,17.1,46.530388,5.0911684,15,3,5,0,0,56819.205,56993.1075,53589.075000000004
2023-05-04 16:00:00+02:00,56117.67,59520.475,17.15,46.383385,5.771239,16,3,5,0,0,56044.66,56376.4825,53601.957083333335
2023-05-04 17:00:00+02:00,56312.255,59444.0175,17.15,46.54439,6.924738,17,3,5,0,0,55919.11,57290.9275,53604.99916666667
2023-05-04 18:00:00+02:00,57567.4625,59598.1875,16.85,47.43738,8.4042845,18,3,5,0,0,56759.5,57755.47,53621.380208333336
2023-05-04 19:00:00+02:00,58583.8125,59615.4775,16.05,56.880608,6.519877,19,3,5,0,0,57276.82,57823.8725,53655.0453125
2023-05-04 20:00:00+02:00,57600.2525,58095.6575,14.15,65.374825,7.289444,20,3,5,0,0,56552.3875,56850.69,53709.50333333333
2023-05-04 21:00:00+02:00,56815.015,56007.2625,13.2,64.942825,11.269782,21,3,5,0,0,55329.7375,55113.235,53753.164375
2023-05-04 22:00:00+02:00,53176.01,52876.64,13.3,58.576324,12.181625,22,3,5,0,0,51581.78,51684.1325,53815.0509375
2023-05-04 23:00:00+02:00,49106.4175,48942.5575,12.0,62.034576,15.042659,23,3,5,0,0,47192.525,47970.915,53881.47718750001
2023-05-05 00:00:00+02:00,45491.615,46816.835,10.65,65.73746,14.24163,0,4,5,0,0,44008.4625,44913.7225,53961.222708333335
2023-05-05 01:00:00+02:00,44123.195,45126.0075,9.8,69.57695,13.1041975,1,4,5,0,0,42598.6825,43125.31,54023.02072916667
2023-05-05 02:00:00+02:00,43326.5125,44350.8025,9.75,71.04002,12.397806,2,4,5,0,0,41900.2575,41934.545,54086.542083333334
2023-05-05 03:00:00+02:00,43181.84,44682.03,9.45,71.72977,12.979984,3,4,5,0,0,42088.2975,41844.6175,54145.96937499999
2023-05-05 04:00:00+02:00,44454.205,45934.09,9.05,73.42998,12.313893,4,4,5,0,0,43460.1475,43083.94,54191.53364583334
2023-05-05 05:00:00+02:00,48111.285,48810.854999999996,8.55,75.159615,13.358861,5,4,5,0,0,46765.005,46466.125,54232.95270833333
2023-05-05 06:00:00+02:00,54848.105,54656.785,8.55,74.897095,15.111424,6,4,5,0,0,53205.8475,52845.0925,54289.04770833333
2023-05-05 07:00:00+02:00,59697.69,59802.6925,9.6,73.27419,17.227419,7,4,5,0,0,57818.885,57956.3425,54357.47510416667
2023-05-05 08:00:00+02:00,62808.135,62503.2775,10.85,72.49369,18.35647,8,4,5,0,0,60878.3825,60862.322499999995,54435.75864583333
2023-05-05 09:00:00+02:00,63396.5125,63206.78,12.1,66.054634,21.485697,9,4,5,0,0,60680.7175,61754.7575,54516.165
2023-05-05 10:00:00+02:00,63148.4725,64363.495,13.45,61.09761,21.077686,10,4,5,0,0,60620.9675,63159.8825,54629.323124999995
2023-05-05 11:00:00+02:00,62354.6925,64849.66,14.95,58.38007,22.033648,11,4,5,0,0,61091.7925,63397.92,54734.63583333334
2023-05-05 12:00:00+02:00,62102.13,64293.2875,16.15,56.518925,23.0653,12,4,5,0,0,60341.2525,62512.4475,54787.25666666666
2023-05-05 13:00:00+02:00,60944.595,63017.8975,16.9,53.70351,24.84,13,4,5,0,0,59511.1875,60231.925,54860.626562499994
2023-05-05 14:00:00+02:00,59729.6625,61150.67,18.2,48.47113,21.599998,14,4,5,0,0,57692.19,58181.675,54920.351875
2023-05-05 15:00:00+02:00,58293.1025,60194.58,18.5,46.760307,23.042812,15,4,5,0,0,57128.375,57155.7625,55005.2465625
2023-05-05 16:00:00+02:00,57731.4,59203.275,18.2,47.811718,24.50381,16,4,5,0,0,56117.67,56242.06,55053.776875
2023-05-05 17:00:00+02:00,59390.83,59100.5575,18.1,48.443657,24.50381,17,4,5,0,0,56312.255,56280.29,55121.015625
2023-05-05 18:00:00+02:00,59388.925,59117.369999999995,17.6,51.028828,23.933907,18,4,5,0,0,57567.4625,56276.68,55249.28958333333
2023-05-05 19:00:00+02:00,58827.590000000004,58915.2775,16.55,55.664345,23.664352,19,4,5,0,0,58583.8125,56130.6275,55325.18385416667
2023-05-05 20:00:00+02:00,56559.85,57114.207500000004,15.45,57.315235,24.36591,20,4,5,0,0,57600.2525,54450.665,55335.341250000005
2023-05-05 21:00:00+02:00,54432.6475,55173.335,14.25,59.01431,28.71437,21,4,5,0,0,56815.015,52485.185,55291.99114583333
2023-05-05 22:00:00+02:00,50677.1075,52050.7525,13.25,62.54278,26.67889,22,4,5,0,0,53176.01,49844.7675,55192.72583333333
2023-05-05 23:00:00+02:00,47055.06,48524.45,12.4,65.43924,27.009598,23,4,5,0,0,49106.4175,46438.985,55088.604895833334
2023-05-06 00:00:00+02:00,44700.5,44671.7875,11.65,68.27885,26.079508,0,5,5,1,0,45491.615,43602.2225,55003.13166666666
2023-05-06 01:00:00+02:00,42864.505,42572.6975,10.8,75.28337,24.503809,1,5,5,1,0,44123.195,41360.6325,54970.168541666666
2023-05-06 02:00:00+02:00,41318.28999999999,41349.255,9.4,82.10266,22.42427,2,5,5,1,0,43326.5125,39366.3425,54917.723125
2023-05-06 03:00:00+02:00,40743.895000000004,41322.182499999995,8.95,85.21258,22.682856,3,5,5,1,0,43181.84,39284.0175,54834.0471875
2023-05-06 04:00:00+02:00,40720.5525,41391.445,8.8,86.07973,19.09358,4,5,5,1,0,44454.205,39429.6775,54732.466145833336
2023-05-06 05:00:00+02:00,41383.7875,41694.32,8.55,87.54699,17.698677,5,5,5,1,0,48111.285,39993.8575,54576.897291666675
2023-05-06 06:00:00+02:00,42587.7,42735.5925,8.5,88.7536,13.32,6,5,5,1,0,54848.105,41350.3825,54296.58489583333
2023-05-06 07:00:00+02:00,45379.2275,45084.64,8.55,89.983444,13.450708,7,5,5,1,0,59697.69,43870.7175,53785.73468749999
2023-05-06 08:00:00+02:00,48799.0175,48556.6725,8.6,90.6054,13.53236,8,5,5,1,0,62808.135,47342.09,53189.13208333333
2023-05-06 09:00:00+02:00,51118.415,51444.5425,9.0,89.40473,15.034041,9,5,5,1,0,63396.5125,50840.325000000004,52605.418854166666
2023-05-06 10:00:00+02:00,52467.22,52990.35,9.25,90.34343,15.463246,10,5,5,1,0,63148.4725,52428.0725,52093.831458333334
2023-05-06 11:00:00+02:00,53109.6525,53134.13,9.4,90.04751,18.455048,11,5,5,1,0,62354.6925,52973.1025,51648.77927083333
2023-05-06 12:00:00+02:00,52490.925,52679.1275,10.3,84.20442,18.59845,12,5,5,1,0,62102.13,51857.485,51263.56927083334
2023-05-06 13:00:00+02:00,50529.465,50831.185,10.9,81.459404,17.873554,13,5,5,1,0,60944.595,50057.71,50863.10239583333
2023-05-06 14:00:00+02:00,48953.735,49155.784999999996,10.2,80.2595,15.778518,14,5,5,1,0,59729.6625,48294.3375,50429.13864583333
2023-05-06 15:00:00+02:00,48702.16,48825.479999999996,10.05,80.79074,13.684735,15,5,5,1,0,58293.1025,47634.090000000004,49980.14166666667
2023-05-06 16:00:00+02:00,48578.67,48424.082500000004,9.75,81.02751,14.986553,16,5,5,1,0,57731.4,46980.149999999994,49580.5190625
2023-05-06 17:00:00+02:00,49284.655,48933.5175,9.7,80.18917,16.516901,17,5,5,1,0,59390.83,47971.315,49199.1553125
2023-05-06 18:00:00+02:00,49653.1425,49616.0,9.55,80.444595,16.946787,18,5,5,1,0,59388.925,49104.32,48778.0646875
2023-05-06 19:00:00+02:00,49531.2275,49450.067500000005,9.35,81.2526,16.167967,19,5,5,1,0,58827.590000000004,49504.7575,48372.40708333333
2023-05-06 20:00:00+02:00,47954.1225,48240.68,9.1,81.21894,13.797913,20,5,5,1,0,56559.85,49148.54,47985.058645833335
2023-05-06 21:00:00+02:00,47386.3,47108.96,8.85,82.88558,13.207634,21,5,5,1,0,54432.6475,48080.5325,47626.486666666664
2023-05-06 22:00:00+02:00,45519.75,45257.89,8.45,85.45236,14.05845,22,5,5,1,0,50677.1075,46409.2425,47332.88885416667
2023-05-06 23:00:00+02:00,42344.817500000005,42370.9325,8.5,84.87024,14.05845,23,5,5,1,0,47055.06,43311.19,47117.99895833333
2023-05-07 00:00:00+02:00,39428.425,39136.6175,8.3,84.84796,12.9249525,0,6,5,1,0,44700.5,39976.025,46921.73885416667
2023-05-07 01:00:00+02:00,37418.1575,37517.105,8.25,83.67618,12.496719,1,6,5,1,0,42864.505,38092.0325,46702.069062500006
2023-05-07 02:00:00+02:00,36144.81,36596.21,6.3,93.64062,11.113451,2,6,5,1,0,41318.28999999999,36877.37,46475.13791666667
2023-05-07 03:00:00+02:00,35775.39,36452.48,6.85,90.166,11.726277,3,6,5,1,0,40743.895000000004,36398.805,46259.57624999999
2023-05-07 04:00:00+02:00,35861.7175,36629.725,7.1,88.942566,11.620809,4,6,5,1,0,40720.5525,36352.3575,46052.55520833333
2023-05-07 05:00:00+02:00,36239.5525,37007.175,6.45,92.35716,12.074766,5,6,5,1,0,41383.7875,36634.915,45850.10375
2023-05-07 06:00:00+02:00,36933.3125,37262.935,6.1,93.95677,13.138765,6,6,5,1,0,42587.7,36755.32,45635.760625
2023-05-07 07:00:00+02:00,39190.83,39156.1075,7.3,88.03891,17.28,7,6,5,1,0,45379.2275,38475.5775,45400.16114583334
2023-05-07 08:00:00+02:00,42945.1525,42266.4675,8.5,82.55581,21.434364,8,6,5,1,0,48799.0175,41396.025,45142.31125
2023-05-07 09:00:00+02:00,45855.4775,45452.8825,9.55,77.98527,19.64558,9,6,5,1,0,51118.415,43823.53,44898.40020833333
2023-05-07 10:00:00+02:00,47530.8625,48046.93,10.75,72.97723,18.947083,10,6,5,1,0,52467.22,45197.3425,44679.11114583333
2023-05-07 11:00:00+02:00,48086.025,49783.7675,11.95,67.40481,20.478907,11,6,5,1,0,53109.6525,46652.509999999995,44473.42958333334
2023-05-07 12:00:00+02:00,47523.6625,49972.9225,13.3,59.807686,21.542923,12,6,5,1,0,52490.925,46257.55,44264.11177083334
2023-05-07 13:00:00+02:00,45894.44,47955.457500000004,14.5,53.813404,21.67487,13,6,5,1,0,50529.465,43784.8675,44057.142499999994
2023-05-07 14:00:00+02:00,45134.2,46244.635,14.9,55.430992,20.945072,14,6,5,1,0,48953.735,41652.582500000004,43864.01645833333
2023-05-07 15:00:00+02:00,45095.345,45027.8225,14.85,55.226986,21.461555,15,6,5,1,0,48702.16,40587.9975,43704.86916666667
2023-05-07 16:00:00+02:00,45700.4975,44918.55,15.0,53.202957,21.461555,16,6,5,1,0,48578.67,40281.4225,43554.58520833334
2023-05-07 17:00:00+02:00,46761.619999999995,45696.3975,14.55,53.083443,20.991426,17,6,5,1,0,49284.655,40997.65,43434.66135416667
2023-05-07 18:00:00+02:00,47926.485,46974.5225,14.6,54.026962,19.855558,18,6,5,1,0,49653.1425,43005.7325,43329.534895833334
2023-05-07 19:00:00+02:00,48730.7125,47177.634999999995,13.7,58.47279,17.782686,19,6,5,1,0,49531.2275,43659.1625,43257.59083333333
2023-05-07 20:00:00+02:00,48196.3875,46713.595,11.8,65.0808,17.283749,20,6,5,1,0,47954.1225,43931.0375,43224.23604166667
2023-05-07 21:00:00+02:00,48044.875,46319.322499999995,10.2,67.50335,16.676977,21,6,5,1,0,47386.3,44114.19,43234.330416666664
2023-05-07 22:00:00+02:00,46696.5925,45090.78,9.25,68.97944,16.434305,22,6,5,1,0,45519.75,42346.2725,43261.77104166667
2023-05-07 23:00:00+02:00,43591.635,42504.09,8.5,70.79596,15.807239,23,6,5,1,0,42344.817500000005,39648.2175,43310.80614583333
2023-05-08 00:00:00+02:00,41496.26,41079.5325,8.0,72.21251,16.610792,0,0,5,0,0,39428.425,37874.12,43362.756875
2023-05-08 01:00:00+02:00,39505.1175,39635.365,7.3,74.41522,13.53236,1,0,5,0,0,37418.1575,36026.740000000005,43448.916666666664
2023-05-08 02:00:00+02:00,38799.35,39150.042499999996,6.85,77.56199,13.570615,2,0,5,0,0,36144.81,35066.695,43535.87333333334
2023-05-08 03:00:00+02:00,38786.7775,39482.2925,6.05,80.80113,13.5515,3,0,5,0,0,35775.39,34714.6475,43646.479166666664
2023-05-08 04:00:00+02:00,40218.565,41076.515,5.65,81.89904,14.408997,4,0,5,0,0,35861.7175,34849.8525,43771.95364583333
2023-05-08 05:00:00+02:00,43868.1275,44819.085,5.3,82.43629,15.542662,5,0,5,0,0,36239.5525,35706.9025,43953.488958333335
2023-05-08 06:00:00+02:00,52079.9125,52052.3175,5.35,80.130844,17.309973,6,0,5,0,0,36933.3125,35862.0425,44271.34625
2023-05-08 07:00:00+02:00,57607.6975,57352.832500000004,6.65,73.77301,19.191748,7,0,5,0,0,39190.83,37688.015,44902.45458333334
2023-05-08 08:00:00+02:00,60817.479999999996,60481.3625,8.2,69.74373,19.809813,8,0,5,0,0,42945.1525,40681.5125,45669.8240625
2023-05-08 09:00:00+02:00,62061.4225,61491.087499999994,9.6,64.1327,23.068108,9,0,5,0,0,45855.4775,44133.7175,46414.504375
2023-05-08 10:00:00+02:00,62742.2375,62749.95,11.05,59.25484,23.675304,10,0,5,0,0,47530.8625,46036.175,47089.75208333333
2023-05-08 11:00:00+02:00,63198.385,63679.5625,12.5,54.03942,24.33664,11,0,5,0,0,48086.025,46672.104999999996,47723.559375000004
2023-05-08 12:00:00+02:00,62592.79,63842.542499999996,13.75,50.868343,24.162947,12,0,5,0,0,47523.6625,46125.29,48353.24104166666
2023-05-08 13:00:00+02:00,61589.5325,63316.2425,14.75,48.35585,24.162947,13,0,5,0,0,45894.44,44837.7575,48981.12135416667
2023-05-08 14:00:00+02:00,60145.1,61946.86,15.95,42.468918,21.575987,14,0,5,0,0,45134.2,43799.31,49635.083541666674
2023-05-08 15:00:00+02:00,59433.325,61032.905,16.45,41.57477,20.771093,15,0,5,0,0,45095.345,43493.8525,50260.53770833334
2023-05-08 16:00:00+02:00,58373.479999999996,59798.555,16.6,41.91228,20.991426,16,0,5,0,0,45700.4975,43707.057499999995,50857.95354166667
2023-05-08 17:00:00+02:00,58774.685,59542.7975,16.3,42.8705,21.868332,17,0,5,0,0,46761.619999999995,44175.0525,51385.994479166664
2023-05-08 18:00:00+02:00,58353.905,59451.68,15.7,44.858913,21.99538,18,0,5,0,0,47926.485,45542.7575,51886.53885416667
2023-05-08 19:00:00+02:00,58120.505000000005,58888.875,14.65,50.580673,18.720001,19,0,5,0,0,48730.7125,45421.5375,52321.01468749999
2023-05-08 20:00:00+02:00,56633.63,57208.3,13.05,55.143147,17.551615,20,0,5,0,0,48196.3875,45149.99,52712.25604166667
2023-05-08 21:00:00+02:00,55776.345,55072.0575,11.6,59.18269,18.03237,21,0,5,0,0,48044.875,45623.8275,53063.807812499996
2023-05-08 22:00:00+02:00,52690.04,51920.2875,10.75,63.275646,18.837322,22,0,5,0,0,46696.5925,44231.555,53385.95239583333
2023-05-08 23:00:00+02:00,48349.3025,48518.685,10.15,65.62717,18.775303,23,0,5,0,0,43591.635,41144.055,53635.679375
2023-05-09 00:00:00+02:00,44856.1475,43454.6225,9.55,66.65809,18.289274,0,1,5,0,0,41496.26,38957.075,53833.91552083333
2023-05-09 01:00:00+02:00,44044.415,42194.1325,9.1,65.858376,18.504139,1,1,5,0,0,39505.1175,37517.145000000004,53973.910833333335
2023-05-09 02:00:00+02:00,43085.025,41371.965,9.1,63.79142,19.296135,2,1,5,0,0,38799.35,37383.9375,54163.04822916666
2023-05-09 03:00:00+02:00,43089.8125,41725.145000000004,8.6,62.99831,18.947083,3,1,5,0,0,38786.7775,37811.917499999996,54341.61802083333
2023-05-09 04:00:00+02:00,44190.417499999996,43008.2975,8.1,62.880817,17.581125,4,1,5,0,0,40218.565,39859.6925,54520.91114583334
2023-05-09 05:00:00+02:00,47454.1875,46170.7175,7.6,63.4435,17.610588,5,1,5,0,0,43868.1275,43822.6075,54686.405
2023-05-09 06:00:00+02:00,53995.38,52764.3875,7.35,65.00066,17.610588,6,1,5,0,0,52079.9125,52610.020000000004,54835.824166666665
2023-05-09 07:00:00+02:00,58889.405,58022.9275,8.3,64.75172,20.018072,7,1,5,0,0,57607.6975,58327.322499999995,54915.635312499995
2023-05-09 08:00:00+02:00,61815.2825,60892.21,9.7,62.809055,21.370783,8,1,5,0,0,60817.479999999996,61251.775,54969.03979166666
2023-05-09 09:00:00+02:00,62192.5425,61822.5425,11.15,59.27962,22.89611,9,1,5,0,0,62061.4225,61929.36,55010.61489583333
2023-05-09 10:00:00+02:00,61928.8875,63022.7625,12.5,56.368637,23.333443,10,1,5,0,0,62742.2375,62651.520000000004,55016.07822916666
2023-05-09 11:00:00+02:00,62910.7825,64034.1225,13.85,53.26803,23.617756,11,1,5,0,0,63198.385,63546.61,54982.18864583334
2023-05-09 12:00:00+02:00,62449.39,64156.7525,15.05,50.162388,24.696102,12,1,5,0,0,62592.79,62377.665,54970.20520833333
2023-05-09 13:00:00+02:00,60982.2675,63547.385,16.05,47.876728,25.77962,13,1,5,0,0,61589.5325,61564.3,54964.23020833333
2023-05-09 14:00:00+02:00,59958.055,62067.0575,17.4,41.265987,25.199997,14,1,5,0,0,60145.1,59958.6325,54938.9275
2023-05-09 15:00:00+02:00,58908.095,61008.385,17.75,41.222298,25.41763,15,1,5,0,0,59433.325,58968.47,54931.133958333325
2023-05-09 16:00:00+02:00,58041.1775,59951.615,18.0,39.18117,25.41763,16,1,5,0,0,58373.479999999996,57266.5525,54909.24937499999
2023-05-09 17:00:00+02:00,59659.495,59741.275,17.85,39.55259,26.208397,17,1,5,0,0,58774.685,57521.005000000005,54895.4034375
2023-05-09 18:00:00+02:00,59985.1225,59622.005000000005,17.35,41.980785,25.488914,18,1,5,0,0,58353.905,58281.917499999996,54932.27052083333
2023-05-09 19:00:00+02:00,59353.979999999996,58894.935,16.4,46.983936,21.26744,19,1,5,0,0,58120.505000000005,58205.9875,55000.23791666667
2023-05-09 20:00:00+02:00,57536.255000000005,57105.840000000004,14.9,51.539116,20.316889,20,1,5,0,0,56633.63,56728.5625,55051.63270833334
2023-05-09 21:00:00+02:00,56482.3025,55030.86,13.7,54.166702,20.929594,21,1,5,0,0,55776.345,54964.509999999995,55089.24208333334
2023-05-09 22:00:00+02:00,52987.1775,51820.274999999994,13.05,56.50982,21.749483,22,1,5,0,0,52690.04,51438.655,55118.65697916666
2023-05-09 23:00:00+02:00,48914.33,48291.8975,12.5,56.96464,21.67487,23,1,5,0,0,48349.3025,47149.8525,55131.03770833334
2023-05-10 00:00:00+02:00,46295.7675,45623.2725,11.95,58.85536,20.969807,0,2,5,0,0,44856.1475,44549.6425,55154.58052083334
2023-05-10 01:00:00+02:00,44594.6425,43797.26,11.4,61.031845,19.8,1,2,5,0,0,44044.415,42893.81,55214.5646875
2023-05-10 02:00:00+02:00,43384.145000000004,42888.9525,11.1,61.174183,18.079027,2,2,5,0,0,43085.025,42183.957500000004,55237.49083333334
2023-05-10 03:00:00+02:00,43401.85,43108.32,10.3,63.61759,17.727943,3,2,5,0,0,43089.8125,42860.46,55249.95416666666
2023-05-10 04:00:00+02:00,44976.729999999996,44358.245,9.7,65.99055,18.678415,4,2,5,0,0,44190.417499999996,44307.2675,55262.955729166664
2023-05-10 05:00:00+02:00,48063.83,47549.705,9.5,65.94657,19.513195,5,2,5,0,0,47454.1875,47785.2825,55295.71875
2023-05-10 06:00:00+02:00,54913.75,54131.9875,9.55,65.95757,20.073025,6,2,5,0,0,53995.38,53915.4225,55321.120520833334
2023-05-10 07:00:00+02:00,59449.1725,58932.38,10.6,65.26822,21.385939,7,2,5,0,0,58889.405,58361.770000000004,55359.38593750001
2023-05-10 08:00:00+02:00,62487.51,61491.052500000005,12.2,64.72027,18.875126,8,2,5,0,0,61815.2825,61379.8,55382.70958333334
2023-05-10 09:00:00+02:00,63252.9475,62159.8625,13.85,59.94134,22.218153,9,2,5,0,0,62192.5425,61057.3925,55410.7190625
2023-05-10 10:00:00+02:00,63854.22,62851.46,15.4,56.5222,23.686249,10,2,5,0,0,61928.8875,60578.317500000005,55454.90260416667
2023-05-10 11:00:00+02:00,64665.355,63507.395000000004,16.85,54.24294,22.961115,11,2,5,0,0,62910.7825,60847.205,55535.12479166666
2023-05-10 12:00:00+02:00,63897.9175,63116.369999999995,18.15,52.407745,21.817902,12,2,5,0,0,62449.39,60584.095,55608.23197916666
2023-05-10 13:00:00+02:00,62976.2775,62169.4725,19.15,50.92499,21.175837,13,2,5,0,0,60982.2675,58002.69,55668.58729166666
2023-05-10 14:00:00+02:00,61769.045,60729.82,21.1,42.46642,18.581022,14,2,5,0,0,59958.055,57635.58,55751.67104166667
2023-05-10 15:00:00+02:00,60429.3475,59483.755,21.35,41.254414,18.472595,15,2,5,0,0,58908.095,56819.205,55827.128958333335
2023-05-10 16:00:00+02:00,59071.06,58408.595,21.5,40.59937,17.974781,16,2,5,0,0,58041.1775,56044.66,55890.514479166675
2023-05-10 17:00:00+02:00,58969.75,58392.8375,21.3,39.31276,15.617529,17,2,5,0,0,59659.495,55919.11,55933.42625
2023-05-10 18:00:00+02:00,58985.1375,58461.9625,20.85,45.9927,12.303366,18,2,5,0,0,59985.1225,56759.5,55904.68687499999
2023-05-10 19:00:00+02:00,58460.6825,58081.7425,18.55,64.80858,17.339897,19,2,5,0,0,59353.979999999996,57276.82,55863.020833333336
2023-05-10 20:00:00+02:00,56674.8925,56371.6275,16.35,79.52118,4.379589,20,2,5,0,0,57536.255000000005,56552.3875,55825.800104166665
2023-05-10 21:00:00+02:00,55243.6825,54296.995,14.4,86.63915,8.350138,21,2,5,0,0,56482.3025,55329.7375,55789.91
2023-05-10 22:00:00+02:00,51625.36,51066.425,16.05,77.162834,4.072935,22,2,5,0,0,52987.1775,51581.78,55738.300833333335
2023-05-10 23:00:00+02:00,47712.619999999995,47264.7725,13.45,88.57384,4.6102495,23,2,5,0,0,48914.33,47192.525,55681.5584375
2023-05-11 00:00:00+02:00,45375.2175,44991.51,12.4,93.3125,6.924738,0,3,5,0,0,46295.7675,44008.4625,55631.487187499995
2023-05-11 01:00:00+02:00,43569.869999999995,43121.3675,11.9,94.8483,7.771331,1,3,5,0,0,44594.6425,42598.6825,55593.13093749999
2023-05-11 02:00:00+02:00,42476.3,42241.65,13.05,90.31588,2.8799999,2,3,5,0,0,43384.145000000004,41900.2575,55550.43208333334
2023-05-11 03:00:00+02:00,42589.582500000004,42436.925,9.75,98.00677,6.0347,3,3,5,0,0,43401.85,42088.2975,55512.60520833334
2023-05-11 04:00:00+02:00,43691.67,43707.4925,9.7,96.6962,6.725354,4,3,5,0,0,44976.729999999996,43460.1475,55478.76072916667
2023-05-11 05:00:00+02:00,46690.7125,47141.3375,10.0,91.62925,8.891344,5,3,5,0,0,48063.83,46765.005,55425.2165625
2023-05-11 06:00:00+02:00,53415.7125,53828.7025,10.9,82.57479,11.440979,6,3,5,0,0,54913.75,53205.8475,55368.00333333333
2023-05-11 07:00:00+02:00,58313.45,58196.1425,12.5,75.82632,14.48972,7,3,5,0,0,59449.1725,57818.885,55305.58510416667
2023-05-11 08:00:00+02:00,61167.555,60525.7325,14.4,71.2016,13.684735,8,3,5,0,0,62487.51,60878.3825,55258.263333333336
2023-05-11 09:00:00+02:00,62398.235,61325.119999999995,16.1,64.26961,15.077082,9,3,5,0,0,63252.9475,60680.7175,55203.26520833333
2023-05-11 10:00:00+02:00,63327.5625,62178.0175,17.55,59.017338,16.199999,10,3,5,0,0,63854.22,60620.9675,55167.6521875
2023-05-11 11:00:00+02:00,63847.2225,63152.7925,18.95,52.974422,18.947083,11,3,5,0,0,64665.355,61091.7925,55145.708125000005
2023-05-11 12:00:00+02:00,63151.1025,63076.215000000004,19.45,50.66239,20.188908,12,3,5,0,0,63897.9175,60341.2525,55111.61927083333
2023-05-11 13:00:00+02:00,62153.6675,62442.46,20.0,46.856983,22.691423,13,3,5,0,0,62976.2775,59511.1875,55080.50197916667
2023-05-11 14:00:00+02:00,60808.95,60818.9825,21.45,40.86294,21.313093,14,3,5,0,0,61769.045,57692.19,55046.2265625
2023-05-11 15:00:00+02:00,60020.67,59169.4125,21.2,38.35056,20.674156,15,3,5,0,0,60429.3475,57128.375,55006.222604166665
2023-05-11 16:00:00+02:00,59224.957500000004,58208.395000000004,20.9,37.350513,19.694992,16,3,5,0,0,59071.06,56117.67,54989.194375
2023-05-11 17:00:00+02:00,59675.9475,58456.7775,20.8,39.304783,18.388212,17,3,5,0,0,58969.75,56312.255,54995.606770833336
2023-05-11 18:00:00+02:00,59935.2,58415.222499999996,20.55,39.914703,16.965895,18,3,5,0,0,58985.1375,57567.4625,55025.03166666667
2023-05-11 19:00:00+02:00,59233.4925,58169.225,18.9,44.52233,18.175545,19,3,5,0,0,58460.6825,58583.8125,55064.61760416667
2023-05-11 20:00:00+02:00,57390.475,56595.935,18.2,45.252617,18.94024,20,3,5,0,0,56674.8925,57600.2525,55096.818020833336
2023-05-11 21:00:00+02:00,55522.0,54847.915,16.85,49.106213,15.941944,21,3,5,0,0,55243.6825,56815.015,55126.633958333325
2023-05-11 22:00:00+02:00,51982.715,51740.9,15.25,54.761364,14.332341,22,3,5,0,0,51625.36,53176.01,55138.230520833335
2023-05-11 23:00:00+02:00,48106.8225,47954.4075,13.9,58.92818,12.783802,23,3,5,0,0,47712.619999999995,49106.4175,55153.120312499996
2023-05-12 00:00:00+02:00,44664.125,45886.915,13.15,62.089584,13.722565,0,4,5,0,0,45375.2175,45491.615,55169.54541666667
2023-05-12 01:00:00+02:00,42992.675,43949.45,13.45,59.637516,16.575644,1,4,5,0,0,43569.869999999995,44123.195,55139.9165625
2023-05-12 02:00:00+02:00,42055.0325,43014.155,14.25,55.071358,15.856356,2,4,5,0,0,42476.3,43326.5125,55115.86677083333
2023-05-12 03:00:00+02:00,41838.159999999996,43104.8775,13.65,55.68603,14.417988,3,4,5,0,0,42589.582500000004,43181.84,55098.31395833333
2023-05-12 04:00:00+02:00,43011.095,44224.8925,13.45,55.440533,14.044615,4,4,5,0,0,43691.67,44454.205,55067.00468749999
2023-05-12 05:00:00+02:00,46181.9375,47422.4,13.0,56.299923,14.04,5,4,5,0,0,46690.7125,48111.285,55038.64739583333
2023-05-12 06:00:00+02:00,52882.7725,53687.4925,12.05,61.187664,14.799459,6,4,5,0,0,53415.7125,54848.105,55017.448437499996
2023-05-12 07:00:00+02:00,58034.52,58394.8825,12.15,63.818542,16.203999,7,4,5,0,0,58313.45,59697.69,54995.24260416667
2023-05-12 08:00:00+02:00,60702.385,61209.9475,13.7,62.004658,15.856356,8,4,5,0,0,61167.555,62808.135,54983.620520833334
2023-05-12 09:00:00+02:00,61905.035,61985.125,15.35,58.679173,17.106628,9,4,5,0,0,62398.235,63396.5125,54964.238437500004
2023-05-12 10:00:00+02:00,63111.435,62947.63,17.15,55.628395,17.208603,10,4,5,0,0,63327.5625,63148.4725,54943.6884375
2023-05-12 11:00:00+02:00,63104.61,63185.595,18.8,49.63837,19.734436,11,4,5,0,0,63847.2225,62354.6925,54934.683125
2023-05-12 12:00:00+02:00,61765.215,63016.1925,19.7,42.79862,22.608458,12,4,5,0,0,63151.1025,62102.13,54903.7409375
2023-05-12 13:00:00+02:00,60161.082500000004,61629.6125,20.4,39.190197,23.828083,13,4,5,0,0,62153.6675,60944.595,54845.995625
2023-05-12 14:00:00+02:00,59162.225,59885.17,21.4,33.43946,18.775301,14,4,5,0,0,60808.95,59729.6625,54762.97125
2023-05-12 15:00:00+02:00,59276.5225,58817.1175,21.65,33.627968,19.110542,15,4,5,0,0,60020.67,58293.1025,54694.35770833333
2023-05-12 16:00:00+02:00,58039.145000000004,58143.5625,21.45,32.98967,18.72346,16,4,5,0,0,59224.957500000004,57731.4,54663.3515625
2023-05-12 17:00:00+02:00,58043.2875,58331.785,21.15,33.367832,18.1041,17,4,5,0,0,59675.9475,59390.83,54613.942708333336
2023-05-12 18:00:00+02:00,57546.9475,58263.94,20.6,37.523502,17.555305,18,4,5,0,0,59935.2,59388.925,54545.91520833334
2023-05-12 19:00:00+02:00,56577.265,57518.8125,19.7,41.351013,16.862455,19,4,5,0,0,59233.4925,58827.590000000004,54446.4046875
2023-05-12 20:00:00+02:00,54346.4225,55307.8675,17.85,45.62476,16.179985,20,4,5,0,0,57390.475,56559.85,54335.728541666664
2023-05-12 21:00:00+02:00,52795.96,53129.66,16.95,43.969753,18.64369,21,4,5,0,0,55522.0,54432.6475,54208.89302083334
2023-05-12 22:00:00+02:00,49472.6775,50086.2625,15.85,49.859383,15.119999,22,4,5,0,0,51982.715,50677.1075,54095.308020833334
2023-05-12 23:00:00+02:00,45463.8575,46762.4875,14.6,55.162224,13.397612,23,4,5,0,0,48106.8225,47055.06,53990.723125
2023-05-13 00:00:00+02:00,42406.8975,42889.905,13.95,56.93667,13.75558,0,5,5,1,0,44664.125,44700.5,53880.599583333336
2023-05-13 01:00:00+02:00,40566.130000000005,40815.3175,13.15,58.947227,13.039754,1,5,5,1,0,42992.675,42864.505,53786.5484375
2023-05-13 02:00:00+02:00,38968.4975,39735.8125,13.15,57.93148,13.556282,2,5,5,1,0,42055.0325,41318.28999999999,53685.44239583333
2023-05-13 03:00:00+02:00,38553.505000000005,39577.895000000004,12.45,60.43638,13.556282,3,5,5,1,0,41838.159999999996,40743.895000000004,53556.83677083333
2023-05-13 04:00:00+02:00,38787.5925,39665.365,12.3,60.40009,14.113653,4,5,5,1,0,43011.095,40720.5525,53419.97614583333
2023-05-13 05:00:00+02:00,39121.9825,40064.0,11.95,60.950638,15.137133,5,5,5,1,0,46181.9375,41383.7875,53243.996875000004
2023-05-13 06:00:00+02:00,40618.79,41059.725,11.6,62.156933,14.440443,6,5,5,1,0,52882.7725,42587.7,52949.83208333334
2023-05-13 07:00:00+02:00,43482.665,43710.945,12.35,61.901527,15.158522,7,5,5,1,0,58034.52,45379.2275,52438.83281249999
2023-05-13 08:00:00+02:00,46929.635,47182.115,13.65,59.89281,14.404499,8,5,5,1,0,60702.385,48799.0175,51832.50552083333
2023-05-13 09:00:00+02:00,49441.025,49649.465000000004,15.25,54.950455,15.188415,9,5,5,1,0,61905.035,51118.415,51258.6409375
2023-05-13 10:00:00+02:00,50974.8875,50999.05,17.0,48.641544,15.517629,10,5,5,1,0,63111.435,52467.22,50739.3071875
2023-05-13 11:00:00+02:00,51471.755000000005,51883.705,18.4,41.98896,18.844202,11,5,5,1,0,63104.61,53109.6525,50233.61770833333
2023-05-13 12:00:00+02:00,51054.685,51351.5175,19.35,37.950912,22.682856,12,5,5,1,0,61765.215,52490.925,49748.91541666666
2023-05-13 13:00:00+02:00,49639.902500000004,49967.6025,20.1,34.857765,24.933735,13,5,5,1,0,60161.082500000004,50529.465,49302.64333333333
2023-05-13 14:00:00+02:00,48506.475000000006,48243.229999999996,21.5,27.17521,24.149532,14,5,5,1,0,59162.225,48953.735,48864.260833333334
2023-05-13 15:00:00+02:00,47483.5375,47599.6975,22.0,24.00755,21.96295,15,5,5,1,0,59276.5225,48702.16,48420.27125
2023-05-13 16:00:00+02:00,47282.6775,47119.69500000001,21.0,30.517427,27.466372,16,5,5,1,0,58039.145000000004,48578.67,47928.896875
2023-05-13 17:00:00+02:00,47483.215,47722.6525,20.75,29.910824,19.161337,17,5,5,1,0,58043.2875,49284.655,47480.71072916667
2023-05-13 18:00:00+02:00,48297.2375,48371.380000000005,19.5,36.433525,21.175837,18,5,5,1,0,57546.9475,49653.1425,47040.707708333335
2023-05-13 19:00:00+02:00,48090.47,48098.5625,18.55,42.76675,16.548256,19,5,5,1,0,56577.265,49531.2275,46655.303125
2023-05-13 20:00:00+02:00,46933.81,46908.4075,16.75,54.96167,10.195057,20,5,5,1,0,54346.4225,47954.1225,46301.686666666676
2023-05-13 21:00:00+02:00,45485.5175,45808.5375,14.75,62.462044,8.557102,21,5,5,1,0,52795.96,47386.3,45992.8278125
2023-05-13 22:00:00+02:00,43890.1575,43930.0,12.95,70.44316,7.771331,22,5,5,1,0,49472.6775,45519.75,45688.22604166667
2023-05-13 23:00:00+02:00,41003.9125,41140.7175,12.3,72.01963,9.007196,23,5,5,1,0,45463.8575,42344.817500000005,45455.621041666665
2023-05-14 00:00:00+02:00,38630.34,38435.71,11.8,71.18947,9.3669195,0,6,5,1,0,42406.8975,39428.425,45269.79
2023-05-14 01:00:00+02:00,36782.35,36772.712499999994,11.3,71.33875,9.007196,1,6,5,1,0,40566.130000000005,37418.1575,45112.4334375
2023-05-14 02:00:00+02:00,35634.535,35806.485,10.85,72.49369,8.28,2,6,5,1,0,38968.4975,36144.81,44954.7759375
2023-05-14 03:00:00+02:00,35045.119999999995,35674.287500000006,9.3,80.9663,9.6932955,3,6,5,1,0,38553.505000000005,35775.39,44815.86083333333
2023-05-14 04:00:00+02:00,35091.61,35696.78,8.65,82.86072,10.105681,4,6,5,1,0,38787.5925,35861.7175,44669.678125
2023-05-14 05:00:00+02:00,35232.9725,35719.365,8.35,83.97811,10.105681,5,6,5,1,0,39121.9825,36239.5525,44515.67885416667
2023-05-14 06:00:00+02:00,35621.927500000005,35790.5675,9.65,78.27051,6.489992,6,6,5,1,0,40618.79,36933.3125,44353.636770833335
2023-05-14 07:00:00+02:00,37837.7425,37696.285,12.0,69.53703,9.0645685,7,6,5,1,0,43482.665,39190.83,44145.434166666666
2023-05-14 08:00:00+02:00,40933.1475,41151.46,14.25,65.3967,5.8048253,8,6,5,1,0,46929.635,42945.1525,43910.2290625
2023-05-14 09:00:00+02:00,43522.1225,44096.715,16.75,60.02659,7.771331,9,6,5,1,0,49441.025,45855.4775,43660.37541666667
2023-05-14 10:00:00+02:00,45132.487499999996,46490.0175,18.95,49.3429,14.04,10,6,5,1,0,50974.8875,47530.8625,43413.754479166666
2023-05-14 11:00:00+02:00,46581.285,48361.229999999996,19.7,35.73244,22.79684,11,6,5,1,0,51471.755000000005,48086.025,43170.32114583333
2023-05-14 12:00:00+02:00,46351.37,48040.84,19.7,36.747375,20.969805,12,6,5,1,0,51054.685,47523.6625,42966.5515625
2023-05-14 13:00:00+02:00,44383.255000000005,46254.3825,20.15,35.862278,25.417631,13,6,5,1,0,49639.902500000004,45894.44,42770.580104166664
2023-05-14 14:00:00+02:00,42668.785,44299.74,20.7,33.945488,22.314192,14,6,5,1,0,48506.475000000006,45134.2,42551.553125
2023-05-14 15:00:00+02:00,41705.7525,43211.255000000005,21.05,32.530926,20.545246,15,6,5,1,0,47483.5375,45095.345,42308.316041666665
2023-05-14 16:00:00+02:00,41413.0975,43555.83,20.9,32.717094,22.35481,16,6,5,1,0,47282.6775,45700.4975,42067.575000000004
2023-05-14 17:00:00+02:00,43255.7025,44914.465,20.2,34.886593,19.416653,17,6,5,1,0,47483.215,46761.619999999995,41823.00916666666
2023-05-14 18:00:00+02:00,45607.175,46383.985,19.7,38.451088,15.683776,18,6,5,1,0,48297.2375,47926.485,41646.8628125
2023-05-14 19:00:00+02:00,45402.4625,46592.917499999996,19.1,42.62815,11.503113,19,6,5,1,0,48090.47,48730.7125,41534.776875
2023-05-14 20:00:00+02:00,45159.5975,46403.4725,17.05,57.51959,5.937272,20,6,5,1,0,46933.81,48196.3875,41422.7765625
2023-05-14 21:00:00+02:00,45355.81,45797.345,14.3,63.866627,8.557102,21,6,5,1,0,45485.5175,48044.875,41348.85104166666
2023-05-14 22:00:00+02:00,44497.0125,44752.5875,13.45,69.58867,7.9526596,22,6,5,1,0,43890.1575,46696.5925,41343.4465625
2023-05-14 23:00:00+02:00,41484.915,41793.875,12.95,70.44316,4.5820518,23,6,5,1,0,41003.9125,43591.635,41368.7321875
2023-05-15 00:00:00+02:00,39431.295,39856.05,11.7,75.435555,6.28713,0,0,5,0,0,38630.34,41496.26,41388.77395833334
2023-05-15 01:00:00+02:00,38121.055,38638.795,10.55,80.8591,6.638072,1,0,5,0,0,36782.35,39505.1175,41422.14708333334
2023-05-15 02:00:00+02:00,37498.87,37982.4675,10.6,80.5903,7.9932966,2,0,5,0,0,35634.535,38799.35,41477.926458333335
2023-05-15 03:00:00+02:00,38054.0725,38439.045,9.15,86.70774,10.703569,3,0,5,0,0,35045.119999999995,38786.7775,41555.60708333333
2023-05-15 04:00:00+02:00,39945.7975,40020.6025,8.35,89.96828,9.47012,4,0,5,0,0,35091.61,40218.565,41680.980104166665
2023-05-15 05:00:00+02:00,43454.05,43417.957500000004,8.2,89.956894,8.225035,5,0,5,0,0,35232.9725,43868.1275,41883.237916666665
2023-05-15 06:00:00+02:00,50820.1075,50727.3625,8.9,90.31786,5.495161,6,0,5,0,0,35621.927500000005,52079.9125,42225.7828125
2023-05-15 07:00:00+02:00,56261.7125,56199.5375,11.5,80.988,7.0911775,7,0,5,0,0,37837.7425,57607.6975,42859.0403125
2023-05-15 08:00:00+02:00,59198.520000000004,59324.6775,14.05,73.81904,4.379589,8,0,5,0,0,40933.1475,60817.479999999996,43626.705729166664
2023-05-15 09:00:00+02:00,60040.7375,60349.6425,16.25,66.0511,3.6,9,0,5,0,0,43522.1225,62061.4225,44387.76291666667
2023-05-15 10:00:00+02:00,60141.415,61306.292499999996,17.6,57.85055,0.71999997,10,0,5,0,0,45132.487499999996,62742.2375,45076.03854166667
2023-05-15 11:00:00+02:00,60033.93,62045.8575,18.6,52.172554,5.6002855,11,0,5,0,0,46581.285,63198.385,45701.410520833335
2023-05-15 12:00:00+02:00,59623.6025,62094.0125,19.45,50.49176,8.287822,12,0,5,0,0,46351.37,62592.79,46261.93739583334
2023-05-15 13:00:00+02:00,59258.19,61413.3125,19.95,48.129536,10.296251,13,0,5,0,0,44383.255000000005,61589.5325,46814.94708333333
2023-05-15 14:00:00+02:00,58106.705,59754.015,17.65,55.00654,2.8799999,14,0,5,0,0,42668.785,60145.1,47434.73604166667
2023-05-15 15:00:00+02:00,57764.1125,58465.7925,19.05,47.719772,16.418526,15,0,5,0,0,41705.7525,59433.325,48077.98270833333
2023-05-15 16:00:00+02:00,56794.025,57344.5625,17.6,60.837555,8.669949,16,0,5,0,0,41413.0975,58373.479999999996,48747.08104166667
2023-05-15 17:00:00+02:00,57450.4375,57529.9625,18.5,52.50017,7.4128532,17,0,5,0,0,43255.7025,58774.685,49387.95302083334
2023-05-15 18:00:00+02:00,58344.005,57751.44,18.65,50.106033,6.489992,18,0,5,0,0,45607.175,58353.905,49979.400312499994
2023-05-15 19:00:00+02:00,57852.979999999996,57509.2225,18.3,50.524776,8.39657,19,0,5,0,0,45402.4625,58120.505000000005,50510.10156250001
2023-05-15 20:00:00+02:00,55913.995,55888.475,16.45,70.17734,4.6800003,20,0,5,0,0,45159.5975,56633.63,51028.873125000006
2023-05-15 21:00:00+02:00,54137.81,53779.862499999996,13.65,75.253235,7.42159,21,0,5,0,0,45355.81,55776.345,51476.973020833335
2023-05-15 22:00:00+02:00,50880.7475,50741.59,13.5,77.019196,11.928989,22,0,5,0,0,44497.0125,52690.04,51842.8896875
2023-05-15 23:00:00+02:00,47224.1725,47019.92,13.2,83.692276,13.708391,23,0,5,0,0,41484.915,48349.3025,52108.87864583334
2023-05-16 00:00:00+02:00,44392.1025,43567.365,12.55,88.2038,12.57426,0,1,5,0,0,39431.295,44856.1475,52348.014375
2023-05-16 01:00:00+02:00,42553.345,41968.1275,11.8,89.924416,11.966953,1,1,5,0,0,38121.055,44044.415,52554.7146875
2023-05-16 02:00:00+02:00,41941.455,41199.5775,12.35,85.86234,12.10157,2,1,5,0,0,37498.87,43085.025,52739.393437499995
2023-05-16 03:00:00+02:00,42145.9775,41562.105,11.95,88.15147,13.37825,3,1,5,0,0,38054.0725,43089.8125,52924.50114583334
2023-05-16 04:00:00+02:00,43714.9675,42986.305,11.4,90.49841,15.978484,4,1,5,0,0,39945.7975,44190.417499999996,53094.997187500005
2023-05-16 05:00:00+02:00,46673.72,45983.525,10.7,92.91329,17.309973,5,1,5,0,0,43454.05,47454.1875,53252.0459375
2023-05-16 06:00:00+02:00,53594.7275,52672.395000000004,10.25,91.33644,19.0392,6,1,5,0,0,50820.1075,53995.38,53386.19885416667
2023-05-16 07:00:00+02:00,58984.925,57742.8025,10.7,85.40111,20.393293,7,1,5,0,0,56261.7125,58889.405,53501.808020833334
2023-05-16 08:00:00+02:00,61391.2875,60768.1275,10.7,82.83103,20.523157,8,1,5,0,0,59198.520000000004,61815.2825,53615.27520833333
2023-05-16 09:00:00+02:00,61901.0375,61710.565,11.05,78.751335,20.945072,9,1,5,0,0,60040.7375,62192.5425,53706.64052083334
2023-05-16 10:00:00+02:00,61982.0775,62739.8975,11.75,73.661606,21.734581,10,1,5,0,0,60141.415,61928.8875,53784.153020833335
2023-05-16 11:00:00+02:00,62428.1575,63499.3575,13.4,65.658325,20.945072,11,1,5,0,0,60033.93,62910.7825,53860.847291666665
2023-05-16 12:00:00+02:00,62262.08,63153.6525,14.8,59.352303,19.809813,12,1,5,0,0,59623.6025,62449.39,53960.606770833336
2023-05-16 13:00:00+02:00,61194.380000000005,62127.83,15.4,55.943016,20.60823,13,1,5,0,0,59258.19,60982.2675,54070.543333333335
2023-05-16 14:00:00+02:00,60121.0325,60448.84,13.35,62.565994,20.608229,14,1,5,0,0,58106.705,59958.055,54151.21791666667
2023-05-16 15:00:00+02:00,59547.9275,59232.6175,14.05,56.568718,16.904673,15,1,5,0,0,57764.1125,58908.095,54235.14822916666
2023-05-16 16:00:00+02:00,58496.1,58180.155,15.35,48.69246,15.646544,16,1,5,0,0,56794.025,58041.1775,54309.47385416666
2023-05-16 17:00:00+02:00,58528.5175,58140.435,16.0,42.935448,16.73516,17,1,5,0,0,57450.4375,59659.495,54380.393645833334
2023-05-16 18:00:00+02:00,60031.11,58348.1625,15.4,38.562733,21.068459,18,1,5,0,0,58344.005,59985.1225,54425.31364583334
2023-05-16 19:00:00+02:00,60365.35,58071.692500000005,14.65,41.2,18.556595,19,1,5,0,0,57852.979999999996,59353.979999999996,54495.60968749999
2023-05-16 20:00:00+02:00,57234.09,56382.32,12.85,48.509922,15.463246,20,1,5,0,0,55913.995,57536.255000000005,54600.29177083333
2023-05-16 21:00:00+02:00,55550.89,54333.2975,10.95,52.488483,10.041354,21,1,5,0,0,54137.81,56482.3025,54655.295729166675
2023-05-16 22:00:00+02:00,52638.33,51310.1475,10.0,55.321896,11.165805,22,1,5,0,0,50880.7475,52987.1775,54714.1740625
2023-05-16 23:00:00+02:00,49172.25,47545.384999999995,9.3,57.774364,11.770403,23,1,5,0,0,47224.1725,48914.33,54787.40666666667
2023-05-17 00:00:00+02:00,46280.865,45353.6425,8.4,61.393673,10.041354,0,2,5,0,0,44392.1025,46295.7675,54868.576562500006
2023-05-17 01:00:00+02:00,44671.095,43579.36,8.2,62.679512,13.1041975,1,2,5,0,0,42553.345,44594.6425,54947.275
2023-05-17 02:00:00+02:00,43861.26,42602.4375,7.35,77.9148,11.440978,2,2,5,0,0,41941.455,43384.145000000004,55035.51458333334
2023-05-17 03:00:00+02:00,44168.604999999996,43096.45,6.55,85.84532,11.609651,3,2,5,0,0,42145.9775,43401.85,55115.50645833334
2023-05-17 04:00:00+02:00,45413.685,44409.4025,6.2,88.86693,11.879999,4,2,5,0,0,43714.9675,44976.729999999996,55199.78260416666
2023-05-17 05:00:00+02:00,47921.8125,47330.75,6.15,89.48609,12.979984,5,2,5,0,0,46673.72,48063.83,55270.5625
2023-05-17 06:00:00+02:00,54623.8525,53688.3775,6.6,88.28307,15.158522,6,2,5,0,0,53594.7275,54913.75,55322.566354166665
2023-05-17 07:00:00+02:00,59671.61,58384.6475,8.25,80.262054,18.455048,7,2,5,0,0,58984.925,59449.1725,55365.446562499994
2023-05-17 08:00:00+02:00,63003.667499999996,60707.92,9.25,73.722916,20.380579,8,2,5,0,0,61391.2875,62487.51,55394.0584375
2023-05-17 09:00:00+02:00,62383.0775,61449.7525,9.9,64.655205,19.513195,9,2,5,0,0,61901.0375,63252.9475,55461.2409375
2023-05-17 10:00:00+02:00,63187.575,62449.1025,10.85,57.552948,19.681828,10,2,5,0,0,61982.0775,63854.22,55481.32593749999
2023-05-17 11:00:00+02:00,64243.44,63235.955,11.55,52.83885,19.453327,11,2,5,0,0,62428.1575,64665.355,55531.555
2023-05-17 12:00:00+02:00,63295.855,62892.7875,12.45,48.57082,21.252197,12,2,5,0,0,62262.08,63897.9175,55607.191770833335
2023-05-17 13:00:00+02:00,61576.0475,62101.4725,13.3,45.4545,20.421871,13,2,5,0,0,61194.380000000005,62976.2775,55650.26572916666
2023-05-17 14:00:00+02:00,59616.9375,60444.1525,13.7,45.568855,17.31746,14,2,5,0,0,60121.0325,61769.045,55666.16854166667
2023-05-17 15:00:00+02:00,58125.14,59228.5075,14.3,40.95076,18.59845,15,2,5,0,0,59547.9275,60429.3475,55645.16458333334
2023-05-17 16:00:00+02:00,56541.925,58384.885,15.0,37.7595,18.79255,16,2,5,0,0,58496.1,59071.06,55585.88177083334
2023-05-17 17:00:00+02:00,56104.89,58006.332500000004,14.6,39.877174,19.164717,17,2,5,0,0,58528.5175,58969.75,55504.457812500004
2023-05-17 18:00:00+02:00,56030.6725,58235.9875,14.3,39.64628,16.45007,18,2,5,0,0,60031.11,58985.1375,55403.47333333333
2023-05-17 19:00:00+02:00,55571.415,57976.4975,13.1,44.911945,17.76081,19,2,5,0,0,60365.35,58460.6825,55236.78843750001
2023-05-17 20:00:00+02:00,53909.515,56462.96,11.85,50.70674,11.013882,20,2,5,0,0,57234.09,56674.8925,55037.04114583333
2023-05-17 21:00:00+02:00,51907.09,54438.46,9.2,60.93151,7.2805495,21,2,5,0,0,55550.89,55243.6825,54898.517187499994
2023-05-17 22:00:00+02:00,48538.9725,51389.729999999996,7.9,66.772514,7.6367526,22,2,5,0,0,52638.33,51625.36,54746.692187500004
2023-05-17 23:00:00+02:00,44820.3825,47593.9525,7.05,71.267075,7.42159,23,2,5,0,0,49172.25,47712.619999999995,54575.885624999995
2023-05-18 00:00:00+02:00,41745.0725,43106.317500000005,6.8,71.984314,7.8625183,0,3,5,0,1,46280.865,45375.2175,54394.557812499996
2023-05-18 01:00:00+02:00,39819.770000000004,41149.8475,6.15,74.47564,7.5942073,1,3,5,0,1,44671.095,43569.869999999995,54205.566458333335
2023-05-18 02:00:00+02:00,38910.2725,39755.43,5.85,80.20258,6.519877,2,3,5,0,1,43861.26,42476.3,54003.42791666667
2023-05-18 03:00:00+02:00,38444.0075,39487.770000000004,5.25,82.42984,6.849467,3,3,5,0,1,44168.604999999996,42589.582500000004,53797.136770833335
2023-05-18 04:00:00+02:00,38704.135,39474.1475,5.2,82.716774,7.172949,4,3,5,0,1,45413.685,43691.67,53558.611875
2023-05-18 05:00:00+02:00,37765.292499999996,39152.9,4.45,88.0906,6.489992,5,3,5,0,1,47921.8125,46690.7125,53279.04729166667
2023-05-18 06:00:00+02:00,37794.3125,39245.7175,5.15,86.00035,6.489992,6,3,5,0,1,54623.8525,53415.7125,52855.85895833333
2023-05-18 07:00:00+02:00,39768.47,41286.7975,6.8,81.762634,6.8399997,7,3,5,0,1,59671.61,58313.45,52154.62812500001
2023-05-18 08:00:00+02:00,43026.6875,44011.457500000004,8.6,75.43145,5.2416787,8,3,5,0,1,63003.667499999996,61167.555,51325.330625
2023-05-18 09:00:00+02:00,45077.6275,46325.7775,10.25,69.667564,4.2136917,9,3,5,0,1,62383.0775,62398.235,50492.956458333334
2023-05-18 10:00:00+02:00,45877.555,47972.0175,11.85,58.419006,4.73506,10,3,5,0,1,63187.575,63327.5625,49771.896041666674
2023-05-18 11:00:00+02:00,46249.9025,50102.65,12.8,53.362328,8.350138,11,3,5,0,1,64243.44,63847.2225,49050.64520833333
2023-05-18 12:00:00+02:00,45934.7425,50055.255000000005,13.3,50.924606,9.346143,12,3,5,0,1,63295.855,63151.1025,48300.91447916667
2023-05-18 13:00:00+02:00,44253.207500000004,48374.91,14.05,48.673,10.495713,13,3,5,0,1,61576.0475,62153.6675,47577.534791666665
2023-05-18 14:00:00+02:00,42625.0975,47137.065,14.4,48.428432,9.673221,14,3,5,0,1,59616.9375,60808.95,46855.74979166666
2023-05-18 15:00:00+02:00,41693.2575,46317.697499999995,14.75,47.18028,10.464797,15,3,5,0,1,58125.14,60020.67,46147.75645833332
2023-05-18 16:00:00+02:00,41782.509999999995,46161.6075,14.95,46.41269,11.212135,16,3,5,0,1,56541.925,59224.957500000004,45463.0946875
2023-05-18 17:00:00+02:00,42644.7025,46178.96,15.0,45.615837,10.195057,17,3,5,0,1,56104.89,59675.9475,44848.119062499994
2023-05-18 18:00:00+02:00,43949.4975,47067.42,15.25,42.266865,9.178235,18,3,5,0,1,56030.6725,59935.2,44287.27791666667
2023-05-18 19:00:00+02:00,44577.0925,47242.81,15.1,47.112865,7.386582,19,3,5,0,1,55571.415,59233.4925,43783.895625
2023-05-18 20:00:00+02:00,44635.305,46540.9525,14.15,55.045357,6.4096174,20,3,5,0,1,53909.515,57390.475,43325.798854166664
2023-05-18 21:00:00+02:00,42724.4775,46402.485,12.15,56.6757,9.693296,21,3,5,0,1,51907.09,55522.0,42939.3734375
2023-05-18 22:00:00+02:00,40277.7675,45302.0775,11.25,62.07442,17.884428,22,3,5,0,1,48538.9725,51982.715,42556.76458333334
2023-05-18 23:00:00+02:00,39060.005,42734.085,10.2,71.62313,16.641972,23,3,5,0,1,44820.3825,48106.8225,42212.54770833333
2023-05-19 00:00:00+02:00,37911.192500000005,42985.055,9.35,71.96174,14.264361,0,4,5,0,0,41745.0725,44664.125,41972.53197916666
2023-05-19 01:00:00+02:00,36649.39,41318.675,8.55,73.08211,14.336861,1,4,5,0,0,39819.770000000004,42992.675,41812.78697916667
2023-05-19 02:00:00+02:00,35746.4175,40536.0075,8.2,72.76106,13.246826,2,4,5,0,0,38910.2725,42055.0325,41680.6878125
2023-05-19 03:00:00+02:00,35513.945,40581.6325,7.4,77.64913,11.246759,3,4,5,0,0,38444.0075,41838.159999999996,41548.86052083333
2023-05-19 04:00:00+02:00,36696.71,41744.45,6.8,82.33877,10.685391,4,4,5,0,0,38704.135,43011.095,41426.77458333334
2023-05-19 05:00:00+02:00,38722.8875,44690.9675,7.2,81.81554,9.885262,5,4,5,0,0,37765.292499999996,46181.9375,41343.131875
2023-05-19 06:00:00+02:00,43069.417499999996,50368.1525,8.55,77.829834,11.435313,6,4,5,0,0,37794.3125,52882.7725,41383.03166666667
2023-05-19 07:00:00+02:00,47216.9075,55252.11,9.95,75.398834,11.113451,7,4,5,0,0,39768.47,58034.52,41602.82770833333
2023-05-19 08:00:00+02:00,50473.8275,58274.835,11.1,71.300446,10.538843,8,4,5,0,0,43026.6875,60702.385,41913.17927083334
2023-05-19 09:00:00+02:00,51560.927500000005,59516.6925,13.0,66.249504,10.440001,9,4,5,0,0,45077.6275,61905.035,42223.47677083333
2023-05-19 10:00:00+02:00,52176.565,60563.7825,14.95,59.38887,11.165805,10,4,5,0,0,45877.555,63111.435,42493.614270833335
2023-05-19 11:00:00+02:00,53277.99,61663.1225,15.75,53.217632,14.332341,11,4,5,0,0,46249.9025,63104.61,42756.07302083333
2023-05-19 12:00:00+02:00,53038.167499999996,61294.2625,16.7,47.560246,17.026896,12,4,5,0,0,45934.7425,61765.215,43048.909999999996
2023-05-19 13:00:00+02:00,51616.465,60194.7475,17.8,43.29964,19.201874,13,4,5,0,0,44253.207500000004,60161.082500000004,43344.886041666665
2023-05-19 14:00:00+02:00,50468.4375,58715.8525,17.75,44.814392,18.416384,14,4,5,0,0,42625.0975,59162.225,43651.6884375
2023-05-19 15:00:00+02:00,49852.6225,57526.59,17.3,47.726936,17.28,15,4,5,0,0,41693.2575,59276.5225,43978.49427083333
2023-05-19 16:00:00+02:00,49588.2675,56649.652500000004,18.1,44.758278,18.0036,16,4,5,0,0,41782.509999999995,58039.145000000004,44318.4678125
2023-05-19 17:00:00+02:00,50432.135,56708.065,17.6,44.92752,19.201874,17,4,5,0,0,42644.7025,58043.2875,44643.707708333335
2023-05-19 18:00:00+02:00,51230.15,56435.292499999996,16.85,45.818874,20.275383,18,4,5,0,0,43949.4975,57546.9475,44968.1840625
2023-05-19 19:00:00+02:00,51080.14,55686.66,16.2,50.30185,19.110542,19,4,5,0,0,44577.0925,56577.265,45271.544583333336
2023-05-19 20:00:00+02:00,49720.3275,53596.81,15.3,55.15306,15.158522,20,4,5,0,0,44635.305,54346.4225,45542.50489583334
2023-05-19 21:00:00+02:00,48291.3825,51658.4725,13.6,60.922943,12.371645,21,4,5,0,0,42724.4775,52795.96,45754.38083333333
2023-05-19 22:00:00+02:00,45499.9475,48952.975,13.4,61.50872,12.6462,22,4,5,0,0,40277.7675,49472.6775,45986.33520833333
2023-05-19 23:00:00+02:00,42240.025,45506.8275,13.3,62.124706,12.783802,23,4,5,0,0,39060.005,45463.8575,46203.92604166666
2023-05-20 00:00:00+02:00,39217.5425,42570.8,12.05,68.1265,11.726277,0,5,5,1,0,37911.192500000005,42406.8975,46336.426875000005
2023-05-20 01:00:00+02:00,37463.415,40497.962499999994,11.0,74.0349,12.72283,1,5,5,1,0,36649.39,40566.130000000005,46390.858125000006
2023-05-20 02:00:00+02:00,36364.5225,39155.67,10.6,81.97672,12.758432,2,5,5,1,0,35746.4175,38968.4975,46424.775833333326
2023-05-20 03:00:00+02:00,36057.3675,38820.692500000005,9.75,88.85849,11.631956,3,5,5,1,0,35513.945,38553.505000000005,46450.53020833334
2023-05-20 04:00:00+02:00,36278.6775,38989.2575,9.25,92.51977,11.609651,4,5,5,1,0,36696.71,38787.5925,46473.1728125
2023-05-20 05:00:00+02:00,37117.605,39194.955,8.75,93.4414,11.269782,5,5,5,1,0,38722.8875,39121.9825,46455.754791666666
2023-05-20 06:00:00+02:00,39320.7875,40788.817500000005,10.1,86.50626,14.007655,6,5,5,1,0,43069.417499999996,40618.79,46388.86802083333
2023-05-20 07:00:00+02:00,42482.255000000005,43916.427500000005,11.15,83.16787,17.418196,7,5,5,1,0,47216.9075,43482.665,46232.67510416667
2023-05-20 08:00:00+02:00,45638.9775,47740.9375,12.1,80.523506,18.0,8,5,5,1,0,50473.8275,46929.635,46035.39791666667
2023-05-20 09:00:00+02:00,47800.2225,50486.81,13.65,73.006195,22.104116,9,5,5,1,0,51560.927500000005,49441.025,45833.94583333333
2023-05-20 10:00:00+02:00,49697.985,52053.5925,15.05,66.239105,22.7057,10,5,5,1,0,52176.565,50974.8875,45677.24979166666
2023-05-20 11:00:00+02:00,50631.8125,52911.1,15.35,65.6361,20.570463,11,5,5,1,0,53277.99,51471.755000000005,45573.975625
2023-05-20 12:00:00+02:00,50115.2525,51984.145000000004,16.75,61.873375,19.829433,12,5,5,1,0,53038.167499999996,51054.685,45463.71822916667
2023-05-20 13:00:00+02:00,48504.195,50136.6175,17.6,59.626816,19.829433,13,5,5,1,0,51616.465,49639.902500000004,45341.93010416667
2023-05-20 14:00:00+02:00,46888.9725,48539.7575,17.05,61.52876,20.991426,14,5,5,1,0,50468.4375,48506.475000000006,45212.2521875
2023-05-20 15:00:00+02:00,46250.6075,47761.2225,17.6,60.431595,21.841648,15,5,5,1,0,49852.6225,47483.5375,45063.1078125
2023-05-20 16:00:00+02:00,46177.2375,47522.63,18.8,57.566544,22.314194,16,5,5,1,0,49588.2675,47282.6775,44913.02385416667
2023-05-20 17:00:00+02:00,46874.6175,48170.56,19.5,56.036217,20.948164,17,5,5,1,0,50432.135,47483.215,44770.89760416667
2023-05-20 18:00:00+02:00,47916.195,49057.42,19.6,56.623764,20.730501,18,5,5,1,0,51230.15,48297.2375,44622.66770833334
2023-05-20 19:00:00+02:00,47526.0525,48899.36,19.25,58.64387,20.696085,19,5,5,1,0,51080.14,48090.47,44484.58625
2023-05-20 20:00:00+02:00,45960.92,47262.057499999995,18.5,62.483315,17.727943,20,5,5,1,0,49720.3275,46933.81,44336.49927083333
2023-05-20 21:00:00+02:00,44956.7475,46009.7725,17.2,66.47401,15.39184,21,5,5,1,0,48291.3825,45485.5175,44179.85729166667
2023-05-20 22:00:00+02:00,43412.335,44061.88,16.2,69.89603,13.722565,22,5,5,1,0,45499.9475,43890.1575,44040.91416666666
2023-05-20 23:00:00+02:00,40494.36,41262.3925,15.45,73.08508,12.620554,23,5,5,1,0,42240.025,41003.9125,43953.93031250001
2023-05-21 00:00:00+02:00,38159.9825,39120.2825,14.8,76.71165,12.261158,0,6,5,1,0,39217.5425,38630.34,43881.19427083334
2023-05-21 01:00:00+02:00,36298.0,37214.5875,14.35,80.02903,13.004921,1,6,5,1,0,37463.415,36782.35,43837.129270833335
2023-05-21 02:00:00+02:00,35205.025,36122.020000000004,14.35,85.219925,11.5199995,2,6,5,1,0,36364.5225,35634.535,43788.5703125
2023-05-21 03:00:00+02:00,34288.020000000004,35890.685,13.7,89.47485,11.165805,3,6,5,1,0,36057.3675,35045.119999999995,43740.25791666666
2023-05-21 04:00:00+02:00,34247.655,36047.29,13.7,91.25802,12.324414,4,6,5,1,0,36278.6775,35091.61,43666.535104166665
2023-05-21 05:00:00+02:00,34624.565,35873.277500000004,13.8,91.865425,11.212135,5,6,5,1,0,37117.605,35232.9725,43581.909166666665
2023-05-21 06:00:00+02:00,35495.100000000006,35660.56,14.3,91.89577,12.245294,6,6,5,1,0,39320.7875,35621.927500000005,43478.0325
2023-05-21 07:00:00+02:00,37660.0225,37615.7825,16.05,86.235954,13.722565,7,6,5,1,0,42482.255000000005,37837.7425,43318.628854166665
2023-05-21 08:00:00+02:00,40936.1125,40887.34,17.75,80.2354,14.404499,8,6,5,1,0,45638.9775,40933.1475,43117.70250000001
2023-05-21 09:00:00+02:00,43306.72,43950.932499999995,19.55,73.56765,15.03835,9,6,5,1,0,47800.2225,43522.1225,42921.74979166667
2023-05-21 10:00:00+02:00,45719.395000000004,45692.015,21.2,68.61571,14.973576,10,6,5,1,0,49697.985,45132.487499999996,42734.52052083333
2023-05-21 11:00:00+02:00,47232.565,47283.39,22.65,64.43807,15.876775,11,6,5,1,0,50631.8125,46581.285,42568.745937499996
2023-05-21 12:00:00+02:00,46739.9375,46976.055,23.95,59.573006,17.731598,12,6,5,1,0,50115.2525,46351.37,42427.110625
2023-05-21 13:00:00+02:00,44665.24,45287.2525,24.95,54.339703,20.275383,13,6,5,1,0,48504.195,44383.255000000005,42286.4725
2023-05-21 14:00:00+02:00,42885.535,43871.0475,26.15,43.732544,22.366402,14,6,5,1,0,46888.9725,42668.785,42126.51604166667
2023-05-21 15:00:00+02:00,42312.975,43295.23,26.2,41.101837,22.392462,15,6,5,1,0,46250.6075,41705.7525,41959.70614583334
2023-05-21 16:00:00+02:00,42312.85,43373.152500000004,25.65,42.044647,23.042812,16,6,5,1,0,46177.2375,41413.0975,41795.638125000005
2023-05-21 17:00:00+02:00,43994.645,44952.46,25.65,42.044647,17.654686,17,6,5,1,0,46874.6175,43255.7025,41634.621979166666
2023-05-21 18:00:00+02:00,45990.99,46549.805,24.55,44.011765,19.0392,18,6,5,1,0,47916.195,45607.175,41514.623125000006
2023-05-21 19:00:00+02:00,46641.815,46573.572499999995,23.7,48.343555,15.328561,19,6,5,1,0,47526.0525,45402.4625,41434.40625
2023-05-21 20:00:00+02:00,46416.3375,46085.255,22.3,53.13976,14.917212,20,6,5,1,0,45960.92,45159.5975,41397.56302083333
2023-05-21 21:00:00+02:00,46488.07,45474.4525,20.8,57.676273,14.830076,21,6,5,1,0,44956.7475,45355.81,41416.53875
2023-05-21 22:00:00+02:00,45989.347499999996,44493.535,19.95,56.899315,17.643673,22,6,5,1,0,43412.335,44497.0125,41480.34385416667
2023-05-21 23:00:00+02:00,43528.5025,41858.405,19.1,57.448837,17.643673,23,6,5,1,0,40494.36,41484.915,41587.719375
2023-05-22 00:00:00+02:00,41316.545,40165.369999999995,18.25,58.596127,16.923828,0,0,5,0,0,38159.9825,39431.295,41714.14197916667
2023-05-22 01:00:00+02:00,40130.942500000005,38686.0925,17.55,59.215904,16.203999,1,0,5,0,0,36298.0,38121.055,41845.66541666666
2023-05-22 02:00:00+02:00,38927.57,38015.917499999996,18.35,53.17545,16.215992,2,0,5,0,0,35205.025,37498.87,42005.371354166666
2023-05-22 03:00:00+02:00,38808.67,38375.384999999995,17.55,54.794865,15.84,3,0,5,0,0,34288.020000000004,38054.0725,42160.47739583333
2023-05-22 04:00:00+02:00,40050.682499999995,39977.66,16.55,58.1793,14.471821,4,0,5,0,0,34247.655,39945.7975,42348.837812499994
2023-05-22 05:00:00+02:00,43104.93,43108.3375,15.5,62.423107,14.05845,5,0,5,0,0,34624.565,43454.05,42590.630625
2023-05-22 06:00:00+02:00,50594.417499999996,50373.9725,15.35,65.41503,14.764389,6,0,5,0,0,35495.100000000006,50820.1075,42943.979166666664
2023-05-22 07:00:00+02:00,55616.9775,56172.2825,16.25,66.0511,15.119999,7,0,5,0,0,37660.0225,56261.7125,43573.11739583333
2023-05-22 08:00:00+02:00,59011.5125,58901.0775,17.5,63.93751,15.119999,8,0,5,0,0,40936.1125,59198.520000000004,44321.323854166665
2023-05-22 09:00:00+02:00,59712.7475,59777.3675,19.1,61.391396,15.496736,9,0,5,0,0,43306.72,60040.7375,45074.465520833335
2023-05-22 10:00:00+02:00,60529.05,60741.045,21.15,57.383995,15.137133,10,0,5,0,0,45719.395000000004,60141.415,45758.049999999996
2023-05-22 11:00:00+02:00,60864.0775,61673.515,23.0,52.45529,16.263872,11,0,5,0,0,47232.565,60033.93,46375.11895833333
2023-05-22 12:00:00+02:00,60371.465,61609.1175,24.2,45.39189,20.176065,12,0,5,0,0,46739.9375,59623.6025,46943.09864583334
2023-05-22 13:00:00+02:00,59584.275,61138.4125,24.75,40.425465,20.523157,13,0,5,0,0,44665.24,59258.19,47511.07895833333
2023-05-22 14:00:00+02:00,58551.994999999995,59512.35,25.2,35.70779,18.0036,14,0,5,0,0,42885.535,58106.705,48132.70541666667
2023-05-22 15:00:00+02:00,58043.295,58319.0225,25.25,33.955124,17.771753,15,0,5,0,0,42312.975,57764.1125,48785.47458333333
2023-05-22 16:00:00+02:00,57249.14,57560.8375,25.25,30.968403,17.373497,16,0,5,0,0,42312.85,56794.025,49440.90458333333
2023-05-22 17:00:00+02:00,57621.115000000005,57337.135,24.95,29.025055,16.575644,17,0,5,0,0,43994.645,57450.4375,50063.25
2023-05-22 18:00:00+02:00,57408.265,57764.83,24.4,28.671741,16.56,18,0,5,0,0,45990.99,58344.005,50631.019583333335
2023-05-22 19:00:00+02:00,57202.4875,57382.01,23.25,34.31985,13.004921,19,0,5,0,0,46641.815,57852.979999999996,51106.739375
2023-05-22 20:00:00+02:00,55665.81,55767.1375,21.55,41.17081,9.72,20,0,5,0,0,46416.3375,55913.995,51546.76739583333
2023-05-22 21:00:00+02:00,53466.185,53479.7275,19.1,47.40942,8.473393,21,0,5,0,0,46488.07,54137.81,51932.16208333333
2023-05-22 22:00:00+02:00,50371.4525,50337.515,18.05,51.149635,10.587917,22,0,5,0,0,45989.347499999996,50880.7475,52222.916875
2023-05-22 23:00:00+02:00,46130.3525,46538.56,17.8,50.562233,12.522619,23,0,5,0,0,43528.5025,47224.1725,52405.50458333333
2023-05-23 00:00:00+02:00,43429.902500000004,42909.39,17.3,51.122837,11.91812,0,1,5,0,0,41316.545,44392.1025,52513.915
2023-05-23 01:00:00+02:00,41348.3525,41146.9225,16.9,52.79381,11.440979,1,1,5,0,0,40130.942500000005,42553.345,52601.9715625
2023-05-23 02:00:00+02:00,39883.9275,40427.385,15.6,56.961708,9.779817,2,1,5,0,0,38927.57,41941.455,52652.696979166656
2023-05-23 03:00:00+02:00,39730.745,40513.145,15.05,59.413227,8.669949,3,1,5,0,0,38808.67,42145.9775,52692.54520833333
2023-05-23 04:00:00+02:00,40996.53,41887.5975,14.45,62.820152,10.163227,4,1,5,0,0,40050.682499999995,43714.9675,52730.965
2023-05-23 05:00:00+02:00,44354.5525,45269.8075,13.4,69.10702,7.928178,5,1,5,0,0,43104.93,46673.72,52770.3753125
2023-05-23 06:00:00+02:00,51601.505,52261.555,14.15,70.91454,8.766573,6,1,5,0,0,50594.417499999996,53594.7275,52822.442916666674
2023-05-23 07:00:00+02:00,57433.9125,57571.24,14.65,71.248985,4.379589,7,1,5,0,0,55616.9775,58984.925,52864.40489583332
2023-05-23 08:00:00+02:00,61040.185,60316.2725,14.95,71.78492,4.6102495,8,1,5,0,0,59011.5125,61391.2875,52940.11052083334
2023-05-23 09:00:00+02:00,62537.3125,61245.3825,16.65,67.02458,1.2979984,9,1,5,0,0,59712.7475,61901.0375,53024.63854166667
2023-05-23 10:00:00+02:00,63603.175,62350.965,18.85,60.928238,5.937272,10,1,5,0,0,60529.05,61982.0775,53142.32875000001
2023-05-23 11:00:00+02:00,64085.3025,63545.33,20.6,55.023075,10.1887,11,1,5,0,0,60864.0775,62428.1575,53270.41729166667
2023-05-23 12:00:00+02:00,63655.9,63425.69,21.7,52.289066,12.181624,12,1,5,0,0,60371.465,62262.08,53404.635
2023-05-23 13:00:00+02:00,62125.055,62753.3375,22.4,51.445454,13.397612,13,1,5,0,0,59584.275,61194.380000000005,53541.48645833333
2023-05-23 14:00:00+02:00,60462.92,61285.5975,17.15,77.83929,20.275383,14,1,5,0,0,58551.994999999995,60121.0325,53647.35229166666
2023-05-23 15:00:00+02:00,59276.5175,60264.03,17.1,81.45841,19.93048,15,1,5,0,0,58043.295,59547.9275,53726.974166666674
2023-05-23 16:00:00+02:00,58052.0925,59367.6875,17.15,80.15333,19.64558,16,1,5,0,0,57249.14,58496.1,53778.3584375
2023-05-23 17:00:00+02:00,59029.7,58898.245,17.65,72.28184,24.122686,17,1,5,0,0,57621.115000000005,58528.5175,53811.814791666664
2023-05-23 18:00:00+02:00,59302.0025,58884.7375,15.7,81.01003,27.567635,18,1,5,0,0,57408.265,60031.11,53870.50583333333
2023-05-23 19:00:00+02:00,58711.457500000004,58423.9275,14.45,80.04298,26.739542,19,1,5,0,0,57202.4875,60365.35,53949.411562500005
2023-05-23 20:00:00+02:00,56557.71,56565.995,13.65,76.27135,22.392464,20,1,5,0,0,55665.81,57234.09,54012.285312500004
2023-05-23 21:00:00+02:00,54150.11,54268.9375,13.35,73.446884,16.800856,21,1,5,0,0,53466.185,55550.89,54049.4478125
2023-05-23 22:00:00+02:00,50672.575,51307.86,13.2,72.187195,14.291592,22,1,5,0,0,50371.4525,52638.33,54077.94468749999
2023-05-23 23:00:00+02:00,46431.097499999996,47514.925,13.0,70.21335,13.684735,23,1,5,0,0,46130.3525,49172.25,54090.49145833333
2023-05-24 00:00:00+02:00,43525.9375,45016.884999999995,12.45,67.04745,17.22742,0,2,5,0,0,43429.902500000004,46280.865,54103.0225
2023-05-24 01:00:00+02:00,42179.4975,43539.630000000005,10.95,66.959526,19.966211,1,2,5,0,0,41348.3525,44671.095,54107.02395833333
2023-05-24 02:00:00+02:00,41196.4875,42900.455,10.3,71.1465,18.35647,2,2,5,0,0,39883.9275,43861.26,54141.655000000006
2023-05-24 03:00:00+02:00,41412.125,42911.5475,10.05,71.345955,16.516901,3,2,5,0,0,39730.745,44168.604999999996,54196.344999999994
2023-05-24 04:00:00+02:00,42263.634999999995,44020.2275,9.6,73.52956,14.759999,4,2,5,0,0,40996.53,45413.685,54266.4025
2023-05-24 05:00:00+02:00,44935.705,47057.47,9.7,72.27927,15.111424,5,2,5,0,0,44354.5525,47921.8125,54319.198541666665
2023-05-24 06:00:00+02:00,51781.825,53066.2525,9.75,71.537155,15.39184,6,2,5,0,0,51601.505,54623.8525,54343.41322916667
2023-05-24 07:00:00+02:00,57025.7025,58017.465000000004,9.85,71.30747,14.408997,7,2,5,0,0,57433.9125,59671.61,54350.926562500004
2023-05-24 08:00:00+02:00,59853.115,61094.395000000004,10.0,72.0845,13.358861,8,2,5,0,0,61040.185,63003.667499999996,54333.9178125
2023-05-24 09:00:00+02:00,60455.15,61927.6175,10.6,72.69814,14.003029,9,2,5,0,0,62537.3125,62383.0775,54284.4565625
2023-05-24 10:00:00+02:00,61170.86,62705.5225,11.25,71.822334,13.905509,10,2,5,0,0,63603.175,63187.575,54197.699791666666
2023-05-24 11:00:00+02:00,61717.3475,63799.5975,12.25,67.00495,12.594856,11,2,5,0,0,64085.3025,64243.44,54096.35333333333
2023-05-24 12:00:00+02:00,60883.2,63363.305,13.15,62.519554,12.181624,12,2,5,0,0,63655.9,63295.855,53997.68854166666
2023-05-24 13:00:00+02:00,59485.54,62422.1075,13.4,62.793343,10.799999,13,2,5,0,0,62125.055,61576.0475,53882.159374999996
2023-05-24 14:00:00+02:00,58445.96,61112.725,13.0,69.02633,8.311245,14,2,5,0,0,60462.92,59616.9375,53772.17958333334
2023-05-24 15:00:00+02:00,57458.457500000004,59458.365,13.85,64.2028,6.9527545,15,2,5,0,0,59276.5175,58125.14,53688.13958333333
2023-05-24 16:00:00+02:00,56130.494999999995,58114.3475,14.85,58.555916,5.3999996,16,2,5,0,0,58052.0925,56541.925,53612.387083333335
2023-05-24 17:00:00+02:00,56666.167499999996,58077.2875,15.1,57.03106,4.829907,17,2,5,0,0,59029.7,56104.89,53532.32052083334
2023-05-24 18:00:00+02:00,57256.7425,58236.515,15.4,55.943016,5.937272,18,2,5,0,0,59302.0025,56030.6725,53433.840000000004
2023-05-24 19:00:00+02:00,56747.552500000005,57707.2575,15.4,55.369076,7.42159,19,2,5,0,0,58711.457500000004,55571.415,53348.62083333333
2023-05-24 20:00:00+02:00,55080.2025,55666.832500000004,14.55,62.41575,5.8603754,20,2,5,0,0,56557.71,53909.515,53266.791458333326
2023-05-24 21:00:00+02:00,53067.795,53558.95,12.55,70.60591,7.5170207,21,2,5,0,0,54150.11,51907.09,53205.228645833326
2023-05-24 22:00:00+02:00,49741.265,50593.805,11.25,76.65974,8.4042845,22,2,5,0,0,50672.575,48538.9725,53160.13218750001
2023-05-24 23:00:00+02:00,45485.8625,47070.25,10.65,80.04861,7.9526596,23,2,5,0,0,46431.097499999996,44820.3825,53121.32760416667
2023-05-25 00:00:00+02:00,42395.7275,44546.045,10.65,80.322495,7.9526596,0,3,5,0,0,43525.9375,41745.0725,53081.9428125
2023-05-25 01:00:00+02:00,41010.9825,42940.9375,11.0,78.20792,8.350138,1,3,5,0,0,42179.4975,39819.770000000004,53034.85072916667
2023-05-25 02:00:00+02:00,40046.9025,42128.65,10.75,81.996086,8.707238,2,3,5,0,0,41196.4875,38910.2725,52986.16260416666
2023-05-25 03:00:00+02:00,40447.9025,42507.1075,9.55,87.0436,7.5170207,3,3,5,0,0,41412.125,38444.0075,52938.263229166674
2023-05-25 04:00:00+02:00,41513.8175,43631.9225,9.15,89.11205,6.725354,4,3,5,0,0,42263.634999999995,38704.135,52898.08729166666
2023-05-25 05:00:00+02:00,44710.31,46441.2275,8.3,91.83431,7.072878,5,3,5,0,0,44935.705,37765.292499999996,52866.84489583334
2023-05-25 06:00:00+02:00,51601.36,52482.595,9.4,88.225624,8.557102,6,3,5,0,0,51781.825,37794.3125,52857.4534375
2023-05-25 07:00:00+02:00,56759.055,57833.479999999996,10.75,84.82949,8.209263,7,3,5,0,0,57025.7025,39768.47,52849.9340625
2023-05-25 08:00:00+02:00,59776.6325,60916.685,12.45,80.30075,7.8625183,8,3,5,0,0,59853.115,43026.6875,52838.82374999999
2023-05-25 09:00:00+02:00,60059.39,61934.369999999995,14.65,74.420105,8.209263,9,3,5,0,0,60455.15,45077.6275,52835.63697916666
2023-05-25 10:00:00+02:00,60595.6025,63100.7975,16.25,62.80686,10.931203,10,3,5,0,0,61170.86,45877.555,52819.14697916667
2023-05-25 11:00:00+02:00,61117.615000000005,63659.16,17.45,54.769077,12.4811535,11,3,5,0,0,61717.3475,46249.9025,52795.17791666666
2023-05-25 12:00:00+02:00,60356.5875,63126.23,17.7,54.833473,11.090103,12,3,5,0,0,60883.2,45934.7425,52770.1890625
2023-05-25 13:00:00+02:00,59763.0775,62077.0625,18.2,54.96192,12.599998,13,3,5,0,0,59485.54,44253.207500000004,52748.246875000004
2023-05-25 14:00:00+02:00,58238.0375,60538.655,18.6,56.37335,12.979984,14,3,5,0,0,58445.96,42625.0975,52759.8109375
2023-05-25 15:00:00+02:00,57374.28,59497.36,18.3,55.732986,12.819235,15,3,5,0,0,57458.457500000004,41693.2575,52751.1475
2023-05-25 16:00:00+02:00,56560.555,58162.7125,18.7,53.62728,12.7279215,16,3,5,0,0,56130.494999999995,41782.509999999995,52747.64010416667
2023-05-25 17:00:00+02:00,56370.8375,58443.5475,18.65,53.433853,13.324863,17,3,5,0,0,56666.167499999996,42644.7025,52765.55927083333
2023-05-25 18:00:00+02:00,57026.305,58276.7125,18.35,54.447178,14.113652,18,3,5,0,0,57256.7425,43949.4975,52753.253854166665
2023-05-25 19:00:00+02:00,56999.707500000004,57978.0975,17.7,56.71757,14.565548,19,3,5,0,0,56747.552500000005,44577.0925,52743.652291666665
2023-05-25 20:00:00+02:00,55075.505,56307.715,16.9,60.468403,10.587918,20,3,5,0,0,55080.2025,44635.305,52754.15875
2023-05-25 21:00:00+02:00,53361.7575,54083.405,15.25,64.95291,11.165805,21,3,5,0,0,53067.795,42724.4775,52753.96302083333
2023-05-25 22:00:00+02:00,50438.715,51138.135,13.4,70.53066,9.114471,22,3,5,0,0,49741.265,40277.7675,52766.21145833333
2023-05-25 23:00:00+02:00,46321.942500000005,47351.2475,12.0,75.229416,8.4042845,23,3,5,0,0,45485.8625,39060.005,52795.271875000006
2023-05-26 00:00:00+02:00,43551.2125,44643.6425,11.15,79.035194,8.891344,0,4,5,0,0,42395.7275,37911.192500000005,52830.10854166667
2023-05-26 01:00:00+02:00,41827.1125,42843.8275,10.65,82.54345,9.793058,1,4,5,0,0,41010.9825,36649.39,52878.253749999996
2023-05-26 02:00:00+02:00,40814.32,41925.229999999996,9.9,88.26945,7.5942073,2,4,5,0,0,40046.9025,35746.4175,52912.25916666666
2023-05-26 03:00:00+02:00,41203.255000000005,42148.9675,8.0,93.4034,8.209263,3,4,5,0,0,40447.9025,35513.945,52944.23489583333
2023-05-26 04:00:00+02:00,42279.375,43467.3525,7.45,94.66835,7.729527,4,4,5,0,0,41513.8175,36696.71,52975.70791666667
2023-05-26 05:00:00+02:00,44909.785,46204.9425,6.9,95.30062,8.049845,5,4,5,0,0,44710.31,38722.8875,53007.60614583333
2023-05-26 06:00:00+02:00,51451.58,52288.83,8.35,91.523544,7.5685663,6,4,5,0,0,51601.36,43069.417499999996,53015.917604166665
2023-05-26 07:00:00+02:00,56536.58,57769.165,10.2,84.19294,9.511088,7,4,5,0,0,56759.055,47216.9075,53009.67677083334
2023-05-26 08:00:00+02:00,59505.61,60920.104999999996,12.05,76.26849,11.043261,8,4,5,0,0,59776.6325,50473.8275,53000.40697916667
2023-05-26 09:00:00+02:00,59637.9675,61786.885,13.6,67.75043,11.874544,9,4,5,0,0,60059.39,51560.927500000005,52989.114375000005
2023-05-26 10:00:00+02:00,60051.985,62162.6375,14.7,63.3073,12.879752,10,4,5,0,0,60595.6025,52176.565,52971.55510416667
2023-05-26 11:00:00+02:00,60614.93,62758.3275,15.75,57.5868,12.682018,11,4,5,0,0,61117.615000000005,53277.99,52948.904375000006
2023-05-26 12:00:00+02:00,59745.0175,62100.4725,16.75,51.502853,13.684735,12,4,5,0,0,60356.5875,53038.167499999996,52927.95916666667
2023-05-26 13:00:00+02:00,58347.5275,60640.9475,17.4,50.109497,14.386494,13,4,5,0,0,59763.0775,51616.465,52902.47708333333
2023-05-26 14:00:00+02:00,56515.065,59020.207500000004,18.65,42.49997,14.8257065,14,4,5,0,0,58238.0375,50468.4375,52843.49583333334
2023-05-26 15:00:00+02:00,55495.7775,57817.7375,18.7,41.20778,16.904673,15,4,5,0,0,57374.28,49852.6225,52771.7053125
2023-05-26 16:00:00+02:00,54887.995,56618.19,18.3,41.524666,16.746773,16,4,5,0,0,56560.555,49588.2675,52693.434375000004
2023-05-26 17:00:00+02:00,54470.39,56456.3725,17.6,45.24003,17.58481,17,4,5,0,0,56370.8375,50432.135,52623.744375
2023-05-26 18:00:00+02:00,54210.6375,56569.67,16.7,47.395596,16.981165,18,4,5,0,0,57026.305,51230.15,52544.5590625
2023-05-26 19:00:00+02:00,53076.93,56047.57,16.25,52.98444,14.689589,19,4,5,0,0,56999.707500000004,51080.14,52427.239583333336
2023-05-26 20:00:00+02:00,51607.5325,54166.0975,15.35,56.898632,14.345898,20,4,5,0,0,55075.505,49720.3275,52263.79052083333
2023-05-26 21:00:00+02:00,49579.354999999996,52050.235,14.0,59.56587,13.276144,21,4,5,0,0,53361.7575,48291.3825,52119.291666666664
2023-05-26 22:00:00+02:00,47042.645,49384.415,13.05,61.85204,8.825508,22,4,5,0,0,50438.715,45499.9475,51961.6915625
2023-05-26 23:00:00+02:00,43269.335,46104.6775,11.4,69.89746,7.5170207,23,4,5,0,0,46321.942500000005,42240.025,51820.188645833325
2023-05-27 00:00:00+02:00,40073.97,42285.53,9.85,78.30104,6.6185193,0,5,5,1,0,43551.2125,39217.5425,51692.996666666666
2023-05-27 01:00:00+02:00,38470.535,40539.375,9.15,81.225685,7.42159,1,5,5,1,0,41827.1125,37463.415,51548.11156250001
2023-05-27 02:00:00+02:00,36877.795,39376.97,8.9,84.04242,7.5685663,2,5,5,1,0,40814.32,36364.5225,51408.25416666667
2023-05-27 03:00:00+02:00,36516.465,39078.965,7.35,90.829025,6.87779,3,5,5,1,0,41203.255000000005,36057.3675,51244.23229166667
2023-05-27 04:00:00+02:00,36150.847499999996,39333.5225,6.6,93.00874,7.9526596,4,5,5,1,0,42279.375,36278.6775,51048.949375
2023-05-27 05:00:00+02:00,36240.43,39315.525,6.2,93.96149,7.9526596,5,5,5,1,0,44909.785,37117.605,50793.5940625
2023-05-27 06:00:00+02:00,37726.244999999995,40196.535,7.7,91.16693,6.638072,6,5,5,1,0,51451.58,39320.7875,50432.370937499996
2023-05-27 07:00:00+02:00,41040.869999999995,42827.095,9.75,85.008354,6.6185193,7,5,5,1,0,56536.58,42482.255000000005,49860.48197916666
2023-05-27 08:00:00+02:00,44745.39,46333.46,12.05,74.72721,5.1165614,8,5,5,1,0,59505.61,45638.9775,49214.82739583333
2023-05-27 09:00:00+02:00,46824.6825,48964.6025,13.95,53.855633,5.8603754,9,5,5,1,0,59637.9675,47800.2225,48599.81822916667
2023-05-27 10:00:00+02:00,47732.582500000004,50588.97,15.2,43.161938,4.8433046,10,5,5,1,0,60051.985,49697.985,48065.931354166656
2023-05-27 11:00:00+02:00,47799.975,51268.845,16.25,40.501198,5.495161,11,5,5,1,0,60614.93,50631.8125,47552.62291666667
2023-05-27 12:00:00+02:00,47272.53,50998.795,17.3,39.952747,6.6087217,12,5,5,1,0,59745.0175,50115.2525,47018.666458333326
2023-05-27 13:00:00+02:00,45816.275,49507.065,18.05,40.02904,7.2,13,5,5,1,0,58347.5275,48504.195,46498.97947916667
2023-05-27 14:00:00+02:00,44312.3725,48073.222499999996,19.2,36.474663,7.386582,14,5,5,1,0,56515.065,46888.9725,45976.84395833333
2023-05-27 15:00:00+02:00,43473.6175,46796.1975,19.7,35.482616,7.491114,15,5,5,1,0,55495.7775,46250.6075,45468.3984375
2023-05-27 16:00:00+02:00,42762.6,46454.3225,19.8,34.77125,7.9036193,16,5,5,1,0,54887.995,46177.2375,44967.47510416667
2023-05-27 17:00:00+02:00,43145.9,47455.17,19.75,34.030273,8.089993,17,5,5,1,0,54470.39,46874.6175,44462.25031249999
2023-05-27 18:00:00+02:00,43820.86,48295.7475,19.55,34.213238,7.771331,18,5,5,1,0,54210.6375,47916.195,43990.396562500006
2023-05-27 19:00:00+02:00,43706.9275,48076.1325,19.0,36.416794,7.771331,19,5,5,1,0,53076.93,47526.0525,43557.489166666666
2023-05-27 20:00:00+02:00,43035.7525,46587.39,17.45,53.847183,4.379589,20,5,5,1,0,51607.5325,45960.92,43167.07239583333
2023-05-27 21:00:00+02:00,42166.75,45276.3975,14.35,63.22749,8.28,21,5,5,1,0,49579.354999999996,44956.7475,42809.91489583333
2023-05-27 22:00:00+02:00,41081.635,43991.59,12.55,68.9352,8.427383,22,5,5,1,0,47042.645,43412.335,42501.05635416666
2023-05-27 23:00:00+02:00,38107.270000000004,41353.57,11.55,72.12621,7.729527,23,5,5,1,0,43269.335,40494.36,42252.6809375
2023-05-28 00:00:00+02:00,35652.1575,38173.1475,10.8,73.745056,6.489992,0,6,5,1,0,40073.97,38159.9825,42037.59489583333
2023-05-28 01:00:00+02:00,33929.572499999995,36268.1275,10.4,72.913124,7.42159,1,6,5,1,0,38470.535,36298.0,41853.35270833333
2023-05-28 02:00:00+02:00,32865.5025,35357.385,10.35,72.65197,8.209263,2,6,5,1,0,36877.795,35205.025,41664.1459375
2023-05-28 03:00:00+02:00,32597.08,34839.3725,8.85,80.62528,8.049845,3,6,5,1,0,36516.465,34288.020000000004,41496.96708333334
2023-05-28 04:00:00+02:00,32196.405,34776.99,8.15,83.66423,8.217153,4,6,5,1,0,36150.847499999996,34247.655,41333.659374999996
2023-05-28 05:00:00+02:00,32044.8675,34187.3775,7.5,85.94499,8.891343,5,6,5,1,0,36240.43,34624.565,41168.8909375
2023-05-28 06:00:00+02:00,32796.6975,33490.06,9.2,80.11849,6.297428,6,6,5,1,0,37726.244999999995,35495.100000000006,40994.07583333333
2023-05-28 07:00:00+02:00,35694.61,35304.3625,11.6,73.132034,7.2,7,6,5,1,0,41040.869999999995,37660.0225,40788.67802083333
2023-05-28 08:00:00+02:00,38700.19,38600.8,14.0,65.78887,4.6938257,8,6,5,1,0,44745.39,40936.1125,40565.917187499996
2023-05-28 09:00:00+02:00,40587.3725,41338.86,16.3,56.943535,4.829907,9,6,5,1,0,46824.6825,43306.72,40314.033854166664
2023-05-28 10:00:00+02:00,41880.619999999995,42910.16,18.3,45.593815,4.379589,10,6,5,1,0,47732.582500000004,45719.395000000004,40054.1459375
2023-05-28 11:00:00+02:00,43026.15,44878.4775,19.4,40.13821,5.5887027,11,6,5,1,0,47799.975,47232.565,39810.31416666666
2023-05-28 12:00:00+02:00,42352.9775,44563.1725,20.15,38.848682,6.638072,12,6,5,1,0,47272.53,46739.9375,39611.40479166667
2023-05-28 13:00:00+02:00,40725.9675,42757.3575,20.9,36.964714,5.937272,13,6,5,1,0,45816.275,44665.24,39406.4234375
2023-05-28 14:00:00+02:00,39380.0925,41019.265,21.9,31.870893,5.8048253,14,6,5,1,0,44312.3725,42885.535,39194.32729166667
2023-05-28 15:00:00+02:00,38561.9575,40236.335,22.35,31.99898,5.3517847,15,6,5,1,0,43473.6175,42312.975,38988.815624999996
2023-05-28 16:00:00+02:00,38759.0,40711.130000000005,22.6,32.181805,5.3517847,16,6,5,1,0,42762.6,42312.85,38784.163125
2023-05-28 17:00:00+02:00,39549.832500000004,41576.7025,22.5,33.405167,6.489992,17,6,5,1,0,43145.9,43994.645,38617.34645833333
2023-05-28 18:00:00+02:00,40654.8625,43106.8525,22.3,34.16689,6.9527545,18,6,5,1,0,43820.86,45990.99,38467.510312499995
2023-05-28 19:00:00+02:00,40833.68,43527.3325,21.85,35.360653,7.8625183,19,6,5,1,0,43706.9275,46641.815,38335.59375
2023-05-28 20:00:00+02:00,40687.7425,43334.845,20.3,44.915466,6.489992,20,6,5,1,0,43035.7525,46416.3375,38215.87510416666
2023-05-28 21:00:00+02:00,40342.81,43568.0575,17.6,48.974407,7.208994,21,6,5,1,0,42166.75,46488.07,38118.04135416667
2023-05-28 22:00:00+02:00,39867.784999999996,43075.35,15.95,55.51059,8.669949,22,6,5,1,0,41081.635,45989.347499999996,38042.043854166666
2023-05-28 23:00:00+02:00,37191.4225,40656.6375,14.95,63.57974,17.57744,23,6,5,1,0,38107.270000000004,43528.5025,37991.466770833336
2023-05-29 00:00:00+02:00,35366.082500000004,39130.31,13.8,57.096317,14.904173,0,0,5,0,1,35652.1575,41316.545,37953.30645833333
2023-05-29 01:00:00+02:00,33505.0,37551.7925,12.8,58.04571,12.261157,1,0,5,0,1,33929.572499999995,40130.942500000005,37941.386666666665
2023-05-29 02:00:00+02:00,32553.2075,36490.465,12.3,62.755466,11.304229,2,0,5,0,1,32865.5025,38927.57,37923.69614583333
2023-05-29 03:00:00+02:00,32116.225,35732.87,11.1,68.16477,9.726664,3,0,5,0,1,32597.08,38808.67,37910.683854166666
2023-05-29 04:00:00+02:00,32045.07,35877.8325,10.65,71.46099,9.585739,4,0,5,0,1,32196.405,40050.682499999995,37890.64822916667
2023-05-29 05:00:00+02:00,32225.8075,35969.932499999995,10.7,74.750206,9.826088,5,0,5,0,1,32044.8675,43104.93,37884.34260416667
2023-05-29 06:00:00+02:00,32888.96000000001,36657.67,11.5,76.43886,10.636766,6,0,5,0,1,32796.6975,50594.417499999996,37891.88177083334
2023-05-29 07:00:00+02:00,35481.51,39073.725,13.0,73.38434,8.427383,7,0,5,0,1,35694.61,55616.9775,37895.72604166667
2023-05-29 08:00:00+02:00,38868.9675,42266.66,14.35,69.2975,9.028754,8,0,5,0,1,38700.19,59011.5125,37886.846875
2023-05-29 09:00:00+02:00,41428.505,45004.0575,15.95,61.271137,9.085988,9,0,5,0,1,40587.3725,59712.7475,37893.879270833335
2023-05-29 10:00:00+02:00,42536.155,47114.197499999995,17.45,54.398663,9.0,10,0,5,0,1,41880.619999999995,60529.05,37928.926458333335
2023-05-29 11:00:00+02:00,43720.6125,48680.979999999996,18.35,51.05625,9.72,11,0,5,0,1,43026.15,60864.0775,37956.24041666667
2023-05-29 12:00:00+02:00,43508.635,48942.3125,19.55,46.891716,12.783802,12,0,5,0,1,42352.9775,60371.465,37985.176354166666
2023-05-29 13:00:00+02:00,41930.475,48577.235,19.75,46.31314,14.689588,13,0,5,0,1,40725.9675,59584.275,38033.32875
2023-05-29 14:00:00+02:00,40726.4675,47094.885,20.85,39.59039,14.021525,14,0,5,0,1,39380.0925,58551.994999999995,38083.5165625
2023-05-29 15:00:00+02:00,40145.5225,46332.43,21.05,37.652737,12.904882,15,0,5,0,1,38561.9575,58043.295,38139.61552083334
2023-05-29 16:00:00+02:00,40372.305,45281.6875,20.95,35.718388,12.879752,16,0,5,0,1,38759.0,57249.14,38205.597395833334
2023-05-29 17:00:00+02:00,41790.2225,45803.957500000004,20.5,35.713276,12.72283,17,0,5,0,1,39549.832500000004,57621.115000000005,38272.818437500006
2023-05-29 18:00:00+02:00,43201.057499999995,46774.7975,20.2,34.15996,13.363711,18,0,5,0,1,40654.8625,57408.265,38366.168020833335
2023-05-29 19:00:00+02:00,43383.5175,47162.8125,19.3,35.868244,15.137133,19,0,5,0,1,40833.68,57202.4875,38472.25947916666
2023-05-29 20:00:00+02:00,43032.9275,46457.255,18.1,38.935734,14.512064,20,0,5,0,1,40687.7425,55665.81,38578.50270833333
2023-05-29 21:00:00+02:00,42544.715,45825.69,16.3,40.229565,14.707222,21,0,5,0,1,40342.81,53466.185,38676.21875
2023-05-29 22:00:00+02:00,42125.384999999995,44989.1275,14.6,44.703087,11.966953,22,0,5,0,1,39867.784999999996,50371.4525,38767.964791666665
2023-05-29 23:00:00+02:00,39171.9025,42537.567500000005,13.45,50.074642,9.72,23,0,5,0,1,37191.4225,46130.3525,38862.03145833333
2023-05-30 00:00:00+02:00,36793.8575,41600.035,12.1,60.351627,6.725354,0,1,5,0,0,35366.082500000004,43429.902500000004,38944.551458333335
2023-05-30 01:00:00+02:00,35847.72,40014.4875,10.7,70.48736,6.130579,1,1,5,0,0,33505.0,41348.3525,39004.042083333334
2023-05-30 02:00:00+02:00,35152.7575,39227.4375,9.45,80.70827,7.6367526,2,1,5,0,0,32553.2075,39883.9275,39101.65541666667
2023-05-30 03:00:00+02:00,35417.825,39393.45,8.4,85.15261,7.42159,3,1,5,0,0,32116.225,39730.745,39209.97
2023-05-30 04:00:00+02:00,36670.98,40825.0325,8.05,86.59875,7.928177,4,1,5,0,0,32045.07,40996.53,39347.53666666667
2023-05-30 05:00:00+02:00,39983.54,43620.34,7.25,89.57361,8.654987,5,1,5,0,0,32225.8075,44354.5525,39540.28291666666
2023-05-30 06:00:00+02:00,47179.015,50152.1175,9.05,83.7712,6.3690495,6,1,5,0,0,32888.96000000001,51601.505,39863.52177083333
2023-05-30 07:00:00+02:00,52921.07,56127.0925,11.05,76.89009,6.193674,7,1,5,0,0,35481.51,57433.9125,40458.940729166665
2023-05-30 08:00:00+02:00,56458.8625,59379.64,13.15,67.656685,5.991594,8,1,5,0,0,38868.9675,61040.185,41185.589062499996
2023-05-30 09:00:00+02:00,57503.505,60413.417499999996,15.2,57.056282,6.130579,9,1,5,0,0,41428.505,62537.3125,41918.50135416666
2023-05-30 10:00:00+02:00,58153.525,61444.775,16.85,46.460323,6.28713,10,1,5,0,0,42536.155,63603.175,42588.293020833335
2023-05-30 11:00:00+02:00,58398.21,62716.975,18.0,42.609795,6.725354,11,1,5,0,0,43720.6125,64085.3025,43239.01677083334
2023-05-30 12:00:00+02:00,58056.365,62510.565,19.0,41.293728,7.5942073,12,1,5,0,0,43508.635,63655.9,43850.583333333336
2023-05-30 13:00:00+02:00,57386.895000000004,61543.635,19.9,40.281563,9.007196,13,1,5,0,0,41930.475,62125.055,44456.73875
2023-05-30 14:00:00+02:00,56210.44,60263.78,21.0,37.37922,10.041354,14,1,5,0,0,40726.4675,60462.92,45100.75625
2023-05-30 15:00:00+02:00,55238.7775,58716.0675,21.55,35.397118,12.074766,15,1,5,0,0,40145.5225,59276.5175,45745.92177083334
2023-05-30 16:00:00+02:00,54435.465,57465.255,21.4,33.673664,13.584932,16,1,5,0,0,40372.305,58052.0925,46374.80739583333
2023-05-30 17:00:00+02:00,54505.08,57571.1475,21.3,33.410816,13.479583,17,1,5,0,0,41790.2225,59029.7,46960.77239583334
2023-05-30 18:00:00+02:00,54740.19,57806.22,21.0,34.630787,14.336861,18,1,5,0,0,43201.057499999995,59302.0025,47490.558125
2023-05-30 19:00:00+02:00,54622.425,57263.5,20.25,36.142467,15.530151,19,1,5,0,0,43383.5175,58711.457500000004,47971.3553125
2023-05-30 20:00:00+02:00,53183.35,55215.205,19.2,39.116817,10.233123,20,1,5,0,0,43032.9275,56557.71,48439.643125
2023-05-30 21:00:00+02:00,51064.4675,53066.71,16.75,47.409527,7.9932976,21,1,5,0,0,42544.715,54150.11,48862.57739583333
2023-05-30 22:00:00+02:00,48460.575,50353.905,15.85,50.5557,16.676977,22,1,5,0,0,42125.384999999995,50672.575,49217.56708333333
2023-05-30 23:00:00+02:00,44296.0875,46803.205,14.65,54.227848,14.336861,23,1,5,0,0,39171.9025,46431.097499999996,49481.53333333333
2023-05-31 00:00:00+02:00,41893.285,42499.195,13.6,56.062233,11.983188,0,2,5,0,0,36793.8575,43525.9375,49695.04104166667
2023-05-31 01:00:00+02:00,39942.045,40623.36,12.5,58.581314,9.686609,1,2,5,0,0,35847.72,42179.4975,49907.5171875
2023-05-31 02:00:00+02:00,39226.23,39655.15,11.75,61.75969,9.0,2,2,5,0,0,35152.7575,41196.4875,50078.11406249999
2023-05-31 03:00:00+02:00,39653.92,39763.0475,10.2,67.26768,7.5942082,3,2,5,0,0,35417.825,41412.125,50247.84208333333
2023-05-31 04:00:00+02:00,40424.8575,41166.8,9.45,70.73389,7.6367526,4,2,5,0,0,36670.98,42263.634999999995,50424.34604166667
2023-05-31 05:00:00+02:00,43209.925,44149.0175,8.7,75.1854,7.2,5,2,5,0,0,39983.54,44935.705,50580.75760416666
2023-05-31 06:00:00+02:00,50459.85,50701.5575,9.55,74.0338,8.587338,6,2,5,0,0,47179.015,51781.825,50715.1903125
2023-05-31 07:00:00+02:00,55798.5975,56672.405,11.3,70.11924,6.9247384,7,2,5,0,0,52921.07,57025.7025,50851.891770833325
2023-05-31 08:00:00+02:00,58544.245,59945.8375,13.7,63.295452,5.8603754,8,2,5,0,0,56458.8625,59853.115,50971.78875
2023-05-31 09:00:00+02:00,58855.4025,60719.36,16.05,56.880608,3.319036,9,2,5,0,0,57503.505,60455.15,51058.6796875
2023-05-31 10:00:00+02:00,59216.36,61587.11,18.1,52.39452,0.8049845,10,2,5,0,0,58153.525,61170.86,51115.00875
2023-05-31 11:00:00+02:00,59941.72,62652.305,19.9,45.418396,3.219938,11,2,5,0,0,58398.21,61717.3475,51159.29354166667
2023-05-31 12:00:00+02:00,59791.6475,62404.7375,21.25,38.497044,6.439876,12,2,5,0,0,58056.365,60883.2,51223.60645833334
2023-05-31 13:00:00+02:00,58854.5175,61490.26,22.05,35.41794,7.9932966,13,2,5,0,0,57386.895000000004,59485.54,51295.90989583334
2023-05-31 14:00:00+02:00,57318.76,60152.119999999995,23.25,27.46755,10.97262,14,2,5,0,0,56210.44,58445.96,51357.060833333344
2023-05-31 15:00:00+02:00,56497.0325,58632.32,23.6,26.14461,10.97262,15,2,5,0,0,55238.7775,57458.457500000004,51403.24083333334
2023-05-31 16:00:00+02:00,56194.38,57293.7,23.95,25.872654,9.931042,16,2,5,0,0,54435.465,56130.494999999995,51455.668125000004
2023-05-31 17:00:00+02:00,56381.427500000005,57468.845,24.05,26.453608,9.504272,17,2,5,0,0,54505.08,56666.167499999996,51528.956249999996
2023-05-31 18:00:00+02:00,56582.1725,57958.4825,23.55,28.23634,9.585739,18,2,5,0,0,54740.19,57256.7425,51607.13739583333
2023-05-31 19:00:00+02:00,56617.79,57566.08,22.95,30.005072,10.1887,19,2,5,0,0,54622.425,56747.552500000005,51683.886666666665
2023-05-31 20:00:00+02:00,55512.53,55536.1125,21.55,37.796047,6.6087217,20,2,5,0,0,53183.35,55080.2025,51767.026875
2023-05-31 21:00:00+02:00,53490.212499999994,53337.1625,18.15,48.4574,7.5942082,21,2,5,0,0,51064.4675,53067.795,51864.07604166667
2023-05-31 22:00:00+02:00,50690.04,50462.51,15.95,56.66153,10.1887,22,2,5,0,0,48460.575,49741.265,51965.14875
2023-05-31 23:00:00+02:00,46633.985,46870.45,15.4,59.70157,9.585739,23,2,5,0,0,44296.0875,45485.8625,52058.043125000004
2023-06-01 00:00:00+02:00,43875.685,44372.7475,15.15,61.290775,7.24486,0,3,6,0,0,41893.285,42395.7275,52155.455520833326
2023-06-01 01:00:00+02:00,42177.835,42334.9275,15.05,64.25271,9.504273,1,3,6,0,0,39942.045,41010.9825,52238.05552083333
2023-06-01 02:00:00+02:00,41350.7475,41448.86,15.1,69.68023,8.404285,2,3,6,0,0,39226.23,40046.9025,52331.2134375
2023-06-01 03:00:00+02:00,41704.445,41426.65,13.05,83.39602,8.209263,3,3,6,0,0,39653.92,40447.9025,52419.73500000001
2023-06-01 04:00:00+02:00,42779.0925,42602.905,12.6,87.04128,10.383987,4,3,6,0,0,40424.8575,41513.8175,52505.17354166667
2023-06-01 05:00:00+02:00,44820.0725,45261.9575,11.35,92.021416,10.630672,5,3,6,0,0,43209.925,44710.31,52603.26666666666
2023-06-01 06:00:00+02:00,51528.3925,51798.86,11.6,87.82572,13.049689,6,3,6,0,0,50459.85,51601.36,52670.35614583333
2023-06-01 07:00:00+02:00,56665.425,57376.1375,12.25,81.91209,14.986553,7,3,6,0,0,55798.5975,56759.055,52714.878749999996
2023-06-01 08:00:00+02:00,59301.432499999995,60516.3525,13.2,75.17741,15.137133,8,3,6,0,0,58544.245,59776.6325,52750.9965625
2023-06-01 09:00:00+02:00,59574.035,61310.259999999995,14.35,68.13609,15.315873,9,3,6,0,0,58855.4025,60059.39,52782.54604166667
2023-06-01 10:00:00+02:00,60329.3575,62439.22,15.65,61.617065,16.055353,10,3,6,0,0,59216.36,60595.6025,52812.489062500004
2023-06-01 11:00:00+02:00,60694.7425,63292.9275,17.15,55.439922,16.862455,11,3,6,0,0,59941.72,61117.615000000005,52858.86395833333
2023-06-01 12:00:00+02:00,60653.67,62870.1225,18.6,51.296787,17.533146,12,3,6,0,0,59791.6475,60356.5875,52890.23989583333
2023-06-01 13:00:00+02:00,59828.2175,61678.4775,19.95,47.00228,17.58481,13,3,6,0,0,58854.5175,59763.0775,52926.1575
2023-06-01 14:00:00+02:00,58307.9625,59950.557499999995,20.5,46.05123,15.141414,14,3,6,0,0,57318.76,58238.0375,52966.72833333333
2023-06-01 15:00:00+02:00,57605.3175,58839.7825,21.2,43.664467,14.8257065,15,3,6,0,0,56497.0325,57374.28,53007.94510416666
2023-06-01 16:00:00+02:00,56617.0675,57826.045,21.65,42.04756,15.141414,16,3,6,0,0,56194.38,56560.555,53054.12364583332
2023-06-01 17:00:00+02:00,57338.405,57702.055,21.6,41.4661,15.575981,17,3,6,0,0,56381.427500000005,56370.8375,53071.735625
2023-06-01 18:00:00+02:00,57020.25,58138.692500000005,21.2,42.063198,15.696165,18,3,6,0,0,56582.1725,57026.305,53111.6096875
2023-06-01 19:00:00+02:00,56666.615,57869.36,20.35,44.171673,16.92383,19,3,6,0,0,56617.79,56999.707500000004,53129.862916666665
2023-06-01 20:00:00+02:00,55025.1125,55955.71,19.4,47.009964,15.273505,20,3,6,0,0,55512.53,55075.505,53131.89729166666
2023-06-01 21:00:00+02:00,53149.774999999994,53660.53,17.85,53.2246,10.97262,21,3,6,0,0,53490.212499999994,53361.7575,53111.58822916667
2023-06-01 22:00:00+02:00,51358.125,51201.115,16.5,59.361366,10.691453,22,3,6,0,0,50690.04,50438.715,53097.40333333333
2023-06-01 23:00:00+02:00,47679.4025,47611.2325,15.6,63.29711,9.504273,23,3,6,0,0,46633.985,46321.942500000005,53125.24020833333
2023-06-02 00:00:00+02:00,44443.015,44423.155,14.55,67.03409,8.225035,0,4,6,0,0,43875.685,43551.2125,53168.79927083334
2023-06-02 01:00:00+02:00,42038.02,42703.8375,13.4,71.980125,8.78872,1,4,6,0,0,42177.835,41827.1125,53192.43802083333
2023-06-02 02:00:00+02:00,41115.8075,41704.63,12.5,74.298195,12.031756,2,4,6,0,0,41350.7475,40814.32,53186.612395833334
2023-06-02 03:00:00+02:00,40774.4725,41900.33,11.2,79.04256,13.479583,3,4,6,0,0,41704.445,41203.255000000005,53176.82322916667
2023-06-02 04:00:00+02:00,41760.9925,42977.415,10.3,81.6584,12.783802,4,4,6,0,0,42779.0925,42279.375,53138.074375
2023-06-02 05:00:00+02:00,44122.48,45337.2425,9.5,84.40085,12.387348,5,4,6,0,0,44820.0725,44909.785,53095.65354166666
2023-06-02 06:00:00+02:00,50491.3575,51509.84,9.95,81.89244,11.923557,6,4,6,0,0,51528.3925,51451.58,53066.5871875
2023-06-02 07:00:00+02:00,55828.155,56957.6225,11.25,76.39814,12.261157,7,4,6,0,0,56665.425,56536.58,53023.37739583334
2023-06-02 08:00:00+02:00,58921.3025,59586.8725,13.25,72.68728,12.245293,8,4,6,0,0,59301.432499999995,59505.61,52988.49114583334
2023-06-02 09:00:00+02:00,59622.17,60353.575,14.6,72.93235,15.484185,9,4,6,0,0,59574.035,59637.9675,52972.65239583334
2023-06-02 10:00:00+02:00,59741.8175,61185.2025,14.7,71.25845,17.873556,10,4,6,0,0,60329.3575,60051.985,52974.65802083333
2023-06-02 11:00:00+02:00,59788.94,61576.567500000005,15.7,62.258175,20.746122,11,4,6,0,0,60694.7425,60614.93,52950.1771875
2023-06-02 12:00:00+02:00,58979.207500000004,60672.08,17.75,38.834377,20.111729,12,4,6,0,0,60653.67,59745.0175,52912.435416666674
2023-06-02 13:00:00+02:00,57642.8625,59633.61,18.85,29.476425,20.111729,13,4,6,0,0,59828.2175,58347.5275,52842.666145833326
2023-06-02 14:00:00+02:00,56361.25,58428.9625,19.65,29.492243,18.86139,14,4,6,0,0,58307.9625,56515.065,52751.60968749999
2023-06-02 15:00:00+02:00,55597.2625,57413.245,18.95,26.080103,19.721298,15,4,6,0,0,57605.3175,55495.7775,52670.496666666666
2023-06-02 16:00:00+02:00,54660.765,56060.61,18.75,26.894377,19.803272,16,4,6,0,0,56617.0675,54887.995,52586.827708333345
2023-06-02 17:00:00+02:00,54353.337499999994,55701.7875,18.35,28.806807,19.694992,17,4,6,0,0,57338.405,54470.39,52505.315104166664
2023-06-02 18:00:00+02:00,54152.1975,56197.285,17.8,29.49654,20.991426,18,4,6,0,0,57020.25,54210.6375,52380.93729166666
2023-06-02 19:00:00+02:00,53378.6475,55998.57,16.8,29.209837,22.66857,19,4,6,0,0,56666.615,53076.93,52261.43510416666
2023-06-02 20:00:00+02:00,51476.66,53812.645000000004,15.35,30.322573,22.17144,20,4,6,0,0,55025.1125,51607.5325,52124.43645833333
2023-06-02 21:00:00+02:00,49570.0475,51811.9225,13.65,36.955673,19.826164,21,4,6,0,0,53149.774999999994,49579.354999999996,51976.58427083333
2023-06-02 22:00:00+02:00,46863.0675,49222.4225,12.4,45.196243,17.287498,22,4,6,0,0,51358.125,47042.645,51827.42895833333
2023-06-02 23:00:00+02:00,43478.685,45511.0725,11.4,50.401634,15.315873,23,4,6,0,0,47679.4025,43269.335,51640.13489583333
2023-06-03 00:00:00+02:00,40558.697499999995,42664.7825,10.4,55.229458,13.684735,0,5,6,1,0,44443.015,40073.97,51465.105
2023-06-03 01:00:00+02:00,38844.435,40546.3975,9.55,59.726982,12.475961,1,5,6,1,0,42038.02,38470.535,51303.25843750001
2023-06-03 02:00:00+02:00,37713.34,39431.7025,8.7,64.6122,10.739832,2,5,6,1,0,41115.8075,36877.795,51170.19239583333
2023-06-03 03:00:00+02:00,37271.03999999999,39132.8275,7.5,70.09864,9.931042,3,5,6,1,0,40774.4725,36516.465,51028.42291666666
2023-06-03 04:00:00+02:00,37482.91,39181.2775,7.05,72.5461,9.793059,4,5,6,1,0,41760.9925,36150.847499999996,50882.4465625
2023-06-03 05:00:00+02:00,37550.895000000004,39124.81,7.05,72.28868,10.799999,5,5,6,1,0,44122.48,36240.43,50704.193125
2023-06-03 06:00:00+02:00,39055.99,40306.3025,7.8,68.92437,12.413477,6,5,6,1,0,50491.3575,37726.244999999995,50430.37708333333
2023-06-03 07:00:00+02:00,41889.0225,43453.5,9.2,63.58848,12.641076,7,5,6,1,0,55828.155,41040.869999999995,49953.9034375
2023-06-03 08:00:00+02:00,45129.785,46961.6875,11.0,57.591118,13.441071,8,5,6,1,0,58921.3025,44745.39,49373.10624999999
2023-06-03 09:00:00+02:00,47334.83,49169.445,12.95,50.828754,12.964998,9,5,6,1,0,59622.17,46824.6825,48798.4596875
2023-06-03 10:00:00+02:00,48342.28999999999,50858.7125,14.9,43.69169,11.720751,10,5,6,1,0,59741.8175,47732.582500000004,48286.487187499995
2023-06-03 11:00:00+02:00,48575.6825,51571.18,16.4,38.441986,11.27553,11,5,6,1,0,59788.94,47799.975,47811.506875
2023-06-03 12:00:00+02:00,48179.775,51067.345,17.45,35.711464,10.239453,12,5,6,1,0,58979.207500000004,47272.53,47344.2878125
2023-06-03 13:00:00+02:00,46404.805,49810.229999999996,18.75,31.529963,9.726665,13,5,6,1,0,57642.8625,45816.275,46894.31145833334
2023-06-03 14:00:00+02:00,45267.6425,48315.485,18.9,31.913582,7.8625183,14,5,6,1,0,56361.25,44312.3725,46426.0590625
2023-06-03 15:00:00+02:00,44530.7125,47083.9325,19.3,30.68562,8.049845,15,5,6,1,0,55597.2625,43473.6175,45963.82541666667
2023-06-03 16:00:00+02:00,44151.9425,46656.025,19.45,30.292006,7.9036193,16,5,6,1,0,54660.765,42762.6,45502.71916666667
2023-06-03 17:00:00+02:00,44713.165,47295.455,19.55,29.46379,7.5170207,17,5,6,1,0,54353.337499999994,43145.9,45064.8515625
2023-06-03 18:00:00+02:00,45129.36,48162.229999999996,19.25,29.697016,8.350138,18,5,6,1,0,54152.1975,43820.86,44663.17770833333
2023-06-03 19:00:00+02:00,44911.3775,48010.895000000004,18.85,30.120438,9.449572,19,5,6,1,0,53378.6475,43706.9275,44287.22614583333
2023-06-03 20:00:00+02:00,44024.03,46445.045,17.85,32.184845,12.387348,20,5,6,1,0,51476.66,43035.7525,43934.42322916666
2023-06-03 21:00:00+02:00,43010.8125,45331.615,16.3,36.93274,10.086427,21,5,6,1,0,49570.0475,42166.75,43623.89697916667
2023-06-03 22:00:00+02:00,41673.034999999996,44082.42,15.0,41.44941,9.693296,22,5,6,1,0,46863.0675,41081.635,43350.59552083333
2023-06-03 23:00:00+02:00,38889.7475,41393.8,13.75,45.098434,11.4862,23,5,6,1,0,43478.685,38107.270000000004,43134.34416666667
2023-06-04 00:00:00+02:00,36754.222499999996,38851.96,12.6,45.253746,10.30883,0,6,6,1,0,40558.697499999995,35652.1575,42943.1384375
2023-06-04 01:00:00+02:00,34978.735,37140.43,11.6,46.790306,9.0,1,6,6,1,0,38844.435,33929.572499999995,42784.61864583333
2023-06-04 02:00:00+02:00,33944.265,36023.6375,10.75,54.928555,8.287822,2,6,6,1,0,37713.34,32865.5025,42623.5478125
2023-06-04 03:00:00+02:00,33252.21000000001,35692.6325,8.65,64.83097,7.9036193,3,6,6,1,0,37271.03999999999,32597.08,42466.503020833334
2023-06-04 04:00:00+02:00,33066.3425,35703.472499999996,7.8,69.41582,7.0911775,4,6,6,1,0,37482.91,32196.405,42299.051770833335
2023-06-04 05:00:00+02:00,33232.035,35152.525,6.95,74.617226,6.9247384,5,6,6,1,0,37550.895000000004,32044.8675,42115.028125000004
2023-06-04 06:00:00+02:00,34179.0275,35495.055,8.55,69.3233,6.6087217,6,6,6,1,0,39055.99,32796.6975,41935.075625000005
2023-06-04 07:00:00+02:00,36819.447499999995,37829.61,11.0,61.798042,4.6800003,7,6,6,1,0,41889.0225,35694.61,41731.86885416667
2023-06-04 08:00:00+02:00,40041.4125,40944.630000000005,14.1,52.963566,3.6,8,6,6,1,0,45129.785,38700.19,41520.6365625
2023-06-04 09:00:00+02:00,42167.36,43529.2775,16.55,41.75053,3.4152596,9,6,6,1,0,47334.83,40587.3725,41308.621041666665
2023-06-04 10:00:00+02:00,43641.765,45719.895,18.15,35.787945,2.1897945,10,6,6,1,0,48342.28999999999,41880.619999999995,41093.30979166667
2023-06-04 11:00:00+02:00,44912.2675,47795.975,19.15,32.329323,2.5455842,11,6,6,1,0,48575.6825,43026.15,40897.45458333333
2023-06-04 12:00:00+02:00,44387.7775,47539.255,19.95,31.202847,2.52,12,6,6,1,0,48179.775,42352.9775,40744.81229166667
2023-06-04 13:00:00+02:00,42931.270000000004,46149.455,20.65,30.52595,2.1897945,13,6,6,1,0,46404.805,40725.9675,40586.81239583334
2023-06-04 14:00:00+02:00,41931.6725,44592.7175,21.35,26.178057,2.0991426,14,6,6,1,0,45267.6425,39380.0925,40442.08177083333
2023-06-04 15:00:00+02:00,41302.07,43688.3175,22.2,25.668589,3.8268526,15,6,6,1,0,44530.7125,38561.9575,40303.08302083333
2023-06-04 16:00:00+02:00,40872.0375,43437.59,22.55,25.399137,5.154415,16,6,6,1,0,44151.9425,38759.0,40168.55625
2023-06-04 17:00:00+02:00,41862.5775,44485.405,22.65,25.51741,5.4833565,17,6,6,1,0,44713.165,39549.832500000004,40031.893541666665
2023-06-04 18:00:00+02:00,43378.1625,45815.035,22.5,26.40153,6.6087217,18,6,6,1,0,45129.36,40654.8625,39913.1190625
2023-06-04 19:00:00+02:00,44034.51,45729.165,22.1,27.635216,9.028754,19,6,6,1,0,44911.3775,40833.68,39840.1525
2023-06-04 20:00:00+02:00,44163.82,45045.3925,21.05,31.18564,10.30883,20,6,6,1,0,44024.03,40687.7425,39803.61635416667
2023-06-04 21:00:00+02:00,43686.4625,44448.21,18.6,37.469887,10.30883,21,6,6,1,0,43010.8125,40342.81,39809.4409375
2023-06-04 22:00:00+02:00,43425.8725,43720.9225,16.25,44.388752,7.42159,22,6,6,1,0,41673.034999999996,39867.784999999996,39837.59302083333
2023-06-04 23:00:00+02:00,40400.582500000004,41098.055,14.8,49.919064,6.9899354,23,6,6,1,0,38889.7475,37191.4225,39910.62791666667
2023-06-05 00:00:00+02:00,38408.0575,40309.932499999995,13.45,54.480614,6.9527545,0,0,6,0,0,36754.222499999996,35366.082500000004,39973.579375
2023-06-05 01:00:00+02:00,37052.285,38783.957500000004,13.1,53.442314,7.9932976,1,0,6,0,0,34978.735,33505.0,40042.489166666666
2023-06-05 02:00:00+02:00,36526.72,38252.5125,13.15,54.40173,7.771331,2,0,6,0,0,33944.265,32553.2075,40128.887083333335
2023-06-05 03:00:00+02:00,36668.91,38383.817500000005,11.1,63.801125,8.39657,3,0,6,0,0,33252.21000000001,32116.225,40236.489375
2023-06-05 04:00:00+02:00,37429.0525,39723.707500000004,10.55,66.87378,8.311245,4,0,6,0,0,33066.3425,32045.07,40378.851875
2023-06-05 05:00:00+02:00,40651.5275,42701.270000000004,10.1,69.15327,7.968939,5,0,6,0,0,33232.035,32225.8075,40560.63145833334
2023-06-05 06:00:00+02:00,48236.5625,49855.1,11.45,65.00292,8.759178,6,0,6,0,0,34179.0275,32888.96000000001,40869.776979166665
2023-06-05 07:00:00+02:00,53501.19,56043.725,13.55,59.661907,8.759178,7,0,6,0,0,36819.447499999995,35481.51,41455.50760416667
2023-06-05 08:00:00+02:00,56786.8125,59551.8725,16.15,52.59493,7.342588,8,0,6,0,0,40041.4125,38868.9675,42150.58020833333
2023-06-05 09:00:00+02:00,57630.75,60445.792499999996,19.1,45.66126,6.87779,9,0,6,0,0,42167.36,41428.505,42848.30520833333
2023-06-05 10:00:00+02:00,58168.899999999994,61380.770000000004,21.4,35.109577,8.311245,10,0,6,0,0,43641.765,42536.155,43492.613124999996
2023-06-05 11:00:00+02:00,59178.369999999995,62536.207500000004,22.6,30.328518,8.707238,11,0,6,0,0,44912.2675,43720.6125,44097.91041666667
2023-06-05 12:00:00+02:00,58786.322499999995,62485.899999999994,23.45,28.808033,9.36,12,0,6,0,0,44387.7775,43508.635,44692.33135416667
2023-06-05 13:00:00+02:00,58259.58,61723.5375,24.1,27.703066,9.826088,13,0,6,0,0,42931.270000000004,41930.475,45292.27072916667
2023-06-05 14:00:00+02:00,57048.7625,60412.1125,24.75,25.189434,9.47012,14,0,6,0,0,41931.6725,40726.4675,45930.950312500005
2023-06-05 15:00:00+02:00,56477.515,59044.45,25.1,24.409382,10.661107,15,0,6,0,0,41302.07,40145.5225,46560.8290625
2023-06-05 16:00:00+02:00,55707.425,57844.86,25.15,23.91083,10.440001,16,0,6,0,0,40872.0375,40372.305,47193.13927083334
2023-06-05 17:00:00+02:00,55532.2775,57844.3675,25.2,23.504736,9.746631,17,0,6,0,0,41862.5775,41790.2225,47811.28041666667
2023-06-05 18:00:00+02:00,55342.630000000005,58122.0325,24.9,24.615187,11.165805,18,0,6,0,0,43378.1625,43201.057499999995,48380.85125
2023-06-05 19:00:00+02:00,55167.0175,57552.6,24.25,26.046158,12.074766,19,0,6,0,0,44034.51,43383.5175,48879.370729166665
2023-06-05 20:00:00+02:00,53470.635,55574.155,22.8,29.962809,12.10157,20,0,6,0,0,44163.82,43032.9275,49343.22520833334
2023-06-05 21:00:00+02:00,51174.1625,53488.81,21.25,30.48067,11.923557,21,0,6,0,0,43686.4625,42544.715,49731.00916666666
2023-06-05 22:00:00+02:00,48516.0725,50660.1275,20.1,32.372925,11.592895,22,0,6,0,0,43425.8725,42125.384999999995,50042.996666666666
2023-06-05 23:00:00+02:00,44808.2575,47188.81,19.25,41.2224,18.289274,23,0,6,0,0,40400.582500000004,39171.9025,50255.088333333326
2023-06-06 00:00:00+02:00,42077.777500000004,43553.2675,17.95,46.767838,16.299694,0,1,6,0,0,38408.0575,36793.8575,50438.74145833333
2023-06-06 01:00:00+02:00,40438.715,41813.015,16.95,49.987152,15.815435,1,1,6,0,0,37052.285,35847.72,50591.646458333336
2023-06-06 02:00:00+02:00,39425.9725,41033.0375,16.7,53.65112,15.0038395,2,1,6,0,0,36526.72,35152.7575,50732.74770833333
2023-06-06 03:00:00+02:00,39548.2925,41139.7575,15.65,57.56183,13.363711,3,1,6,0,0,36668.91,35417.825,50853.549895833334
2023-06-06 04:00:00+02:00,40512.975,42465.485,14.85,60.595837,10.464797,4,1,6,0,0,37429.0525,36670.98,50973.52416666667
2023-06-06 05:00:00+02:00,43207.06,44703.0275,14.8,60.99941,10.44,5,1,6,0,0,40651.5275,39983.54,51102.020937500005
2023-06-06 06:00:00+02:00,49799.9475,51044.417499999996,15.1,60.862713,12.387348,6,1,6,0,0,48236.5625,47179.015,51208.50145833333
2023-06-06 07:00:00+02:00,54841.005000000005,56833.3,15.95,60.85756,11.435313,7,1,6,0,0,53501.19,52921.07,51273.642499999994
2023-06-06 08:00:00+02:00,57788.465,60312.6475,17.95,55.644035,8.049845,8,1,6,0,0,56786.8125,56458.8625,51329.46812500001
2023-06-06 09:00:00+02:00,58906.3325,61448.18,20.1,46.567898,9.72,9,1,6,0,0,57630.75,57503.505,51371.20364583333
2023-06-06 10:00:00+02:00,59417.972499999996,62554.3275,22.1,41.047375,8.825508,10,1,6,0,0,58168.899999999994,58153.525,51424.35291666666
2023-06-06 11:00:00+02:00,60492.4975,63918.9825,23.55,36.83613,9.3669195,11,1,6,0,0,59178.369999999995,58398.21,51476.39760416667
2023-06-06 12:00:00+02:00,60510.6175,63835.8125,24.55,33.413204,10.239453,12,1,6,0,0,58786.322499999995,58056.365,51531.152916666666
2023-06-06 13:00:00+02:00,60019.9725,63007.33,25.4,30.274958,11.5199995,13,1,6,0,0,58259.58,57386.895000000004,51602.99854166667
2023-06-06 14:00:00+02:00,58529.2475,61611.0775,22.5,42.287285,12.979984,14,1,6,0,0,57048.7625,56210.44,51676.348229166666
2023-06-06 15:00:00+02:00,58114.32,59984.49,22.1,46.80488,7.5170207,15,1,6,0,0,56477.515,55238.7775,51738.035104166665
2023-06-06 16:00:00+02:00,56905.3475,58598.445,22.3,46.859726,9.339208,16,1,6,0,0,55707.425,54435.465,51806.2353125
2023-06-06 17:00:00+02:00,56982.590000000004,58354.659999999996,22.0,49.832565,11.753876,17,1,6,0,0,55532.2775,54505.08,51856.14875
2023-06-06 18:00:00+02:00,57005.3925,58387.6125,21.55,52.423046,10.137692,18,1,6,0,0,55342.630000000005,54740.19,51916.5784375
2023-06-06 19:00:00+02:00,56193.979999999996,57868.8425,21.1,54.78698,5.4477882,19,1,6,0,0,55167.0175,54622.425,51985.86020833333
2023-06-06 20:00:00+02:00,54130.875,55836.14,20.3,59.67781,4.802999,20,1,6,0,0,53470.635,53183.35,52028.650312499994
2023-06-06 21:00:00+02:00,51589.205,53514.8425,19.35,64.55748,5.2416787,21,1,6,0,0,51174.1625,51064.4675,52056.1603125
2023-06-06 22:00:00+02:00,49219.8975,50768.9925,18.6,68.54306,4.3498964,22,1,6,0,0,48516.0725,48460.575,52073.45375000001
2023-06-06 23:00:00+02:00,45372.945,47180.965,18.25,70.06284,9.904906,23,1,6,0,0,44808.2575,44296.0875,52102.77979166667
2023-06-07 00:00:00+02:00,42728.9075,45089.475,18.6,66.112785,8.311245,0,2,6,0,0,42077.777500000004,41893.285,52126.3084375
2023-06-07 01:00:00+02:00,41290.965000000004,43153.58,18.55,54.31556,12.303366,1,2,6,0,0,40438.715,39942.045,52153.43885416666
2023-06-07 02:00:00+02:00,40219.675,42026.4525,17.95,53.79488,14.982228,2,2,6,0,0,39425.9725,39226.23,52188.94927083334
2023-06-07 03:00:00+02:00,40377.1225,42074.295,16.4,55.62597,14.480773,3,2,6,0,0,39548.2925,39653.92,52222.02020833333
2023-06-07 04:00:00+02:00,41334.509999999995,43139.085,16.1,55.739365,14.904173,4,2,6,0,0,40512.975,40424.8575,52256.55479166666
2023-06-07 05:00:00+02:00,43831.08,45537.2075,15.75,55.840782,10.44,5,2,6,0,0,43207.06,43209.925,52290.78541666666
2023-06-07 06:00:00+02:00,49960.96,51958.604999999996,16.25,54.832516,11.246759,6,2,6,0,0,49799.9475,50459.85,52316.786250000005
2023-06-07 07:00:00+02:00,54921.537500000006,56643.615000000005,17.35,54.372757,13.358861,7,2,6,0,0,54841.005000000005,55798.5975,52323.49510416667
2023-06-07 08:00:00+02:00,58397.6675,59679.185,18.95,50.35734,12.979984,8,2,6,0,0,57788.465,58544.245,52326.850625
2023-06-07 09:00:00+02:00,59512.75,60653.96,21.55,41.876816,14.57889,9,2,6,0,0,58906.3325,58855.4025,52352.23406250001
2023-06-07 10:00:00+02:00,60049.5125,61734.085,23.35,37.156616,15.021105,10,2,6,0,0,59417.972499999996,59216.36,52377.50145833334
2023-06-07 11:00:00+02:00,60593.1475,62822.8275,24.75,34.044666,15.546833,11,2,6,0,0,60492.4975,59941.72,52403.815624999996
2023-06-07 12:00:00+02:00,60255.055,62152.34,25.75,32.51696,15.30741,12,2,6,0,0,60510.6175,59791.6475,52408.009375
2023-06-07 13:00:00+02:00,58913.915,61251.365,26.45,31.94813,14.003028,13,2,6,0,0,60019.9725,58854.5175,52397.360937499994
2023-06-07 14:00:00+02:00,57203.0925,59732.0075,27.55,28.557991,10.514218,14,2,6,0,0,58529.2475,57318.76,52351.27520833333
2023-06-07 15:00:00+02:00,56736.125,58372.6375,28.25,28.459467,10.464797,15,2,6,0,0,58114.32,56497.0325,52296.018749999996
2023-06-07 16:00:00+02:00,55374.6025,57216.6275,28.3,28.376787,10.514218,16,2,6,0,0,56905.3475,56194.38,52238.59395833333
2023-06-07 17:00:00+02:00,55423.195,57391.485,27.8,28.724197,12.599998,17,2,6,0,0,56982.590000000004,56381.427500000005,52174.81291666667
2023-06-07 18:00:00+02:00,55524.399999999994,57474.09,26.05,32.381027,14.84318,18,2,6,0,0,57005.3925,56582.1725,52109.838125
2023-06-07 19:00:00+02:00,54970.567500000005,57133.845,25.75,32.84985,9.339208,19,2,6,0,0,56193.979999999996,56617.79,52048.13010416667
2023-06-07 20:00:00+02:00,52506.48,55546.5175,25.35,40.459423,4.510787,20,2,6,0,0,54130.875,55512.53,51997.15458333333
2023-06-07 21:00:00+02:00,50223.605,53282.3275,23.1,40.914646,13.551501,21,2,6,0,0,51589.205,53490.212499999994,51929.47145833334
2023-06-07 22:00:00+02:00,48142.535,51018.265,21.15,45.30541,12.538134,22,2,6,0,0,49219.8975,50690.04,51872.57145833334
2023-06-07 23:00:00+02:00,44693.677500000005,47707.785,20.1,47.846195,14.186923,23,2,6,0,0,45372.945,46633.985,51827.68135416667
2023-06-08 00:00:00+02:00,41693.8875,43540.025,18.9,51.030464,11.988594,0,3,6,0,0,42728.9075,43875.685,51799.378541666665
2023-06-08 01:00:00+02:00,39621.3975,41606.3525,17.8,52.672047,11.709688,1,3,6,0,0,41290.965000000004,42177.835,51756.25270833333
2023-06-08 02:00:00+02:00,38415.125,40505.4075,17.8,50.562233,9.726664,2,3,6,0,0,40219.675,41350.7475,51686.68739583332
2023-06-08 03:00:00+02:00,38062.1075,40091.3875,16.1,53.67759,7.653705,3,3,6,0,0,40377.1225,41704.445,51611.4978125
2023-06-08 04:00:00+02:00,37835.7325,40306.635,16.6,49.5485,9.422101,4,3,6,0,0,41334.509999999995,42779.0925,51515.03885416667
2023-06-08 05:00:00+02:00,37876.545,40128.462499999994,16.35,49.30906,11.246759,5,3,6,0,0,43831.08,44820.0725,51369.25645833334
2023-06-08 06:00:00+02:00,40741.495,42078.215,17.3,47.398567,12.229406,6,3,6,0,0,49960.96,51528.3925,51121.150833333326
2023-06-08 07:00:00+02:00,44067.182499999995,45231.2875,19.1,44.885643,13.104198,7,3,6,0,0,54921.537500000006,56665.425,50737.00645833334
2023-06-08 08:00:00+02:00,47056.057499999995,47948.405,20.8,41.522045,12.904882,8,3,6,0,0,58397.6675,59301.432499999995,50284.74166666666
2023-06-08 09:00:00+02:00,48610.3375,49936.54,22.95,37.6794,14.618837,9,3,6,0,0,59512.75,59574.035,49812.17458333333
2023-06-08 10:00:00+02:00,50005.1625,51653.020000000004,24.6,34.82161,14.618837,10,3,6,0,0,60049.5125,60329.3575,49357.907395833325
2023-06-08 11:00:00+02:00,50964.1075,53007.415,25.35,34.21442,12.287555,11,3,6,0,0,60593.1475,60694.7425,48939.3928125
2023-06-08 12:00:00+02:00,50615.975,52898.685,26.8,31.190346,10.805998,12,3,6,0,0,60255.055,60653.67,48538.182812499996
2023-06-08 13:00:00+02:00,49537.7975,51929.1725,26.9,30.27951,10.799999,13,3,6,0,0,58913.915,59828.2175,48136.55447916667
2023-06-08 14:00:00+02:00,48472.0075,51033.045,27.45,29.517962,11.019764,14,3,6,0,0,57203.0925,58307.9625,47745.88291666666
2023-06-08 15:00:00+02:00,47947.4075,49806.7275,28.25,28.171183,16.135872,15,3,6,0,0,56736.125,57605.3175,47382.08770833333
2023-06-08 16:00:00+02:00,47395.575,49247.56,28.15,28.820421,16.80857,16,3,6,0,0,55374.6025,56617.0675,47015.89114583333
2023-06-08 17:00:00+02:00,48373.3275,49881.8325,28.25,28.750353,14.291592,17,3,6,0,0,55423.195,57338.405,46683.431666666664
2023-06-08 18:00:00+02:00,49099.64,50325.2025,27.85,29.329002,14.113652,18,3,6,0,0,55524.399999999994,57020.25,46389.6871875
2023-06-08 19:00:00+02:00,48915.515,50118.83,27.35,29.893606,13.779114,19,3,6,0,0,54970.567500000005,56666.615,46121.988854166666
2023-06-08 20:00:00+02:00,47318.76,49007.825,25.75,34.676594,12.738099,20,3,6,0,0,52506.48,55025.1125,45869.69500000001
2023-06-08 21:00:00+02:00,46333.0625,47801.1325,24.05,39.95935,17.786331,21,3,6,0,0,50223.605,53149.774999999994,45653.54
2023-06-08 22:00:00+02:00,45152.045,46460.36,22.0,49.338783,19.406637,22,3,6,0,0,48142.535,51358.125,45491.4340625
2023-06-08 23:00:00+02:00,41671.3675,43887.535,20.85,53.29181,17.713316,23,3,6,0,0,44693.677500000005,47679.4025,45366.8303125
2023-06-09 00:00:00+02:00,39271.0675,43354.932499999995,20.1,53.27449,14.57889,0,4,6,0,0,41693.8875,44443.015,45240.900729166664
2023-06-09 01:00:00+02:00,37493.725,42249.24,19.2,53.39744,12.261157,1,4,6,0,0,39621.3975,42038.02,45139.94989583333
2023-06-09 02:00:00+02:00,36588.7075,41573.9475,18.25,53.87292,10.464797,2,4,6,0,0,38415.125,41115.8075,45051.296875
2023-06-09 03:00:00+02:00,36318.1975,41649.822499999995,17.75,62.104477,13.849477,3,4,6,0,0,38062.1075,40774.4725,44975.19614583333
2023-06-09 04:00:00+02:00,36943.795,42286.6125,16.9,64.2318,11.457958,4,4,6,0,0,37835.7325,41760.9925,44902.53322916667
2023-06-09 05:00:00+02:00,39476.4525,43656.45,16.1,63.8387,9.290511,5,4,6,0,0,37876.545,44122.48,44865.36916666667
2023-06-09 06:00:00+02:00,45182.1075,49871.1075,16.85,58.846985,11.246759,6,4,6,0,0,40741.495,50491.3575,44932.03197916666
2023-06-09 07:00:00+02:00,49574.4975,55417.45,18.0,55.65676,13.441071,7,4,6,0,0,44067.182499999995,55828.155,45117.057499999995
2023-06-09 08:00:00+02:00,52703.4475,58410.445,19.75,48.237812,15.137133,8,4,6,0,0,47056.057499999995,58921.3025,45346.528958333336
2023-06-09 09:00:00+02:00,53972.1775,59180.4725,22.2,42.488785,11.090103,9,4,6,0,0,48610.3375,59622.17,45581.836875
2023-06-09 10:00:00+02:00,54483.7825,60378.6625,24.3,38.708927,9.290511,10,4,6,0,0,50005.1625,59741.8175,45805.246875000004
2023-06-09 11:00:00+02:00,55414.77,61614.855,25.85,35.412617,11.212135,11,4,6,0,0,50964.1075,59788.94,45991.85604166667
2023-06-09 12:00:00+02:00,55371.09,61592.155,26.9,32.729633,12.031756,12,4,6,0,0,50615.975,58979.207500000004,46177.3003125
2023-06-09 13:00:00+02:00,54251.6475,60596.494999999995,26.95,32.1966,11.304229,13,4,6,0,0,49537.7975,57642.8625,46375.43010416667
2023-06-09 14:00:00+02:00,53600.0675,59014.765,27.45,31.26606,11.885453,14,4,6,0,0,48472.0075,56361.25,46571.84052083333
2023-06-09 15:00:00+02:00,53100.3,57542.0475,28.45,26.368258,13.53236,15,4,6,0,0,47947.4075,55597.2625,46785.509687499994
2023-06-09 16:00:00+02:00,52656.4825,56396.42,27.75,28.130009,16.73516,16,4,6,0,0,47395.575,54660.765,47000.213541666664
2023-06-09 17:00:00+02:00,52865.7425,55896.2575,27.2,31.301966,18.03237,17,4,6,0,0,48373.3275,54353.337499999994,47219.418020833335
2023-06-09 18:00:00+02:00,52979.4075,55597.045,26.5,34.19268,17.477621,18,4,6,0,0,49099.64,54152.1975,47406.60197916667
2023-06-09 19:00:00+02:00,52190.695,54722.020000000004,25.4,39.54278,19.164717,19,4,6,0,0,48915.515,53378.6475,47568.258958333325
2023-06-09 20:00:00+02:00,50669.86,52871.104999999996,23.3,50.014458,20.730501,20,4,6,0,0,47318.76,51476.66,47704.72479166667
2023-06-09 21:00:00+02:00,49099.8575,50923.6625,20.65,59.957108,19.586117,21,4,6,0,0,46333.0625,49570.0475,47844.35395833334
2023-06-09 22:00:00+02:00,47379.01,49375.4275,19.15,66.66402,17.298738,22,4,6,0,0,45152.045,46863.0675,47959.637083333335
2023-06-09 23:00:00+02:00,43850.5325,46260.850000000006,17.95,72.33628,17.377226,23,4,6,0,0,41671.3675,43478.685,48052.427291666674
2023-06-10 00:00:00+02:00,41231.815,44314.395000000004,17.1,77.32542,15.716793,0,5,6,1,0,39271.0675,40558.697499999995,48143.22583333333
2023-06-10 01:00:00+02:00,39301.9825,42510.25,16.75,79.837616,15.137133,1,5,6,1,0,37493.725,38844.435,48224.92364583333
2023-06-10 02:00:00+02:00,38178.035,41397.03,16.15,84.30592,16.746773,2,5,6,1,0,36588.7075,37713.34,48300.26770833333
2023-06-10 03:00:00+02:00,37578.36,41291.465,15.5,86.74517,15.379206,3,5,6,1,0,36318.1975,37271.03999999999,48366.4896875
2023-06-10 04:00:00+02:00,37388.8775,40921.815,15.3,87.00952,15.484185,4,5,6,1,0,36943.795,37482.91,48418.996458333335
2023-06-10 05:00:00+02:00,37355.7125,39989.0925,15.5,84.23311,15.03835,5,5,6,1,0,39476.4525,37550.895000000004,48437.5415625
2023-06-10 06:00:00+02:00,39681.32,42150.84,16.45,78.244385,15.021105,6,5,6,1,0,45182.1075,39055.99,48349.177395833336
2023-06-10 07:00:00+02:00,42849.85,45640.955,17.75,71.358376,13.783817,7,5,6,1,0,49574.4975,41889.0225,48119.97791666666
2023-06-10 08:00:00+02:00,46318.555,48832.005,19.6,63.56204,12.72283,8,5,6,1,0,52703.4475,45129.785,47839.78427083333
2023-06-10 09:00:00+02:00,48493.284999999996,50882.905,21.45,57.64595,13.708391,9,5,6,1,0,53972.1775,47334.83,47573.74708333334
2023-06-10 10:00:00+02:00,49944.3875,52707.735,23.25,52.348785,13.358861,10,5,6,1,0,54483.7825,48342.28999999999,47345.45989583333
2023-06-10 11:00:00+02:00,50729.815,54099.135,25.8,44.06719,14.04,11,5,6,1,0,55414.77,48575.6825,47156.31843749999
2023-06-10 12:00:00+02:00,50203.865000000005,54124.415,27.4,38.17431,16.203999,12,5,6,1,0,55371.09,48179.775,46961.111979166664
2023-06-10 13:00:00+02:00,48584.9725,53314.347499999996,28.1,35.807995,17.771753,13,5,6,1,0,54251.6475,46404.805,46745.810937500006
2023-06-10 14:00:00+02:00,47637.0825,51418.05,27.55,32.473248,12.015589,14,5,6,1,0,53600.0675,45267.6425,46509.69947916667
2023-06-10 15:00:00+02:00,47343.3575,49990.94,28.85,29.406128,13.138765,15,5,6,1,0,53100.3,44530.7125,46261.24177083333
2023-06-10 16:00:00+02:00,47226.2475,48670.165,27.15,31.713526,20.211363,16,5,6,1,0,52656.4825,44151.9425,46021.369166666664
2023-06-10 17:00:00+02:00,47751.5075,48582.0375,27.15,32.361355,16.75064,17,5,6,1,0,52865.7425,44713.165,45795.109375
2023-06-10 18:00:00+02:00,48655.5525,48731.5325,27.35,28.698065,18.556595,18,5,6,1,0,52979.4075,45129.36,45582.01625000001
2023-06-10 19:00:00+02:00,48173.3925,48234.8225,26.75,28.728802,18.998314,19,5,6,1,0,52190.695,44911.3775,45401.855625
2023-06-10 20:00:00+02:00,46827.095,46596.1275,25.9,31.363747,14.205182,20,5,6,1,0,50669.86,44024.03,45234.46802083333
2023-06-10 21:00:00+02:00,45557.62,45092.1725,23.9,35.82367,12.24,21,5,6,1,0,49099.8575,43010.8125,45074.3528125
2023-06-10 22:00:00+02:00,44913.575,44940.5325,22.5,35.181522,20.456745,22,5,6,1,0,47379.01,41673.034999999996,44926.75958333333
2023-06-10 23:00:00+02:00,42344.1325,42821.7675,21.5,31.534681,20.265795,23,5,6,1,0,43850.5325,38889.7475,44824.033124999994
2023-06-11 00:00:00+02:00,39554.805,41135.3325,20.2,33.564693,16.394829,0,6,6,1,0,41231.815,36754.222499999996,44761.26645833333
2023-06-11 01:00:00+02:00,37334.58,39773.9775,18.95,37.30859,15.192682,1,6,6,1,0,39301.9825,34978.735,44691.39104166667
2023-06-11 02:00:00+02:00,35953.835,38833.0025,17.6,46.189106,13.32,2,6,6,1,0,38178.035,33944.265,44609.415937499994
2023-06-11 03:00:00+02:00,35236.932499999995,38433.6825,16.05,55.157364,12.181625,3,6,6,1,0,37578.36,33252.21000000001,44516.7409375
2023-06-11 04:00:00+02:00,34911.119999999995,38009.75,15.0,61.464527,11.298495,4,6,6,1,0,37388.8775,33066.3425,44419.18145833333
2023-06-11 05:00:00+02:00,34519.7975,37001.994999999995,14.2,65.38577,11.183201,5,6,6,1,0,37355.7125,33232.035,44315.9415625
2023-06-11 06:00:00+02:00,35925.317500000005,38585.535,14.8,63.762154,13.217443,6,6,6,1,0,39681.32,34179.0275,44197.778437500005
2023-06-11 07:00:00+02:00,38401.8025,41278.9675,16.3,59.112164,12.413477,7,6,6,1,0,42849.85,36819.447499999995,44041.27833333333
2023-06-11 08:00:00+02:00,41657.7375,44091.64,18.2,52.598953,13.779114,8,6,6,1,0,46318.555,40041.4125,43855.943020833336
2023-06-11 09:00:00+02:00,43866.729999999996,46317.455,20.2,47.712173,13.138765,9,6,6,1,0,48493.284999999996,42167.36,43661.74229166666
2023-06-11 10:00:00+02:00,45113.32,48736.22,22.15,45.430393,12.599999,10,6,6,1,0,49944.3875,43641.765,43468.96916666667
2023-06-11 11:00:00+02:00,46254.115,51099.32,23.8,45.281815,11.792404,11,6,6,1,0,50729.815,44912.2675,43267.6746875
2023-06-11 12:00:00+02:00,45523.39,51298.535,25.2,39.093388,13.779114,12,6,6,1,0,50203.865000000005,44387.7775,43081.1871875
2023-06-11 13:00:00+02:00,44106.97,50138.69,25.95,34.61629,14.241629,13,6,6,1,0,48584.9725,42931.270000000004,42886.167395833334
2023-06-11 14:00:00+02:00,43288.055,48559.7675,26.3,32.34157,15.273505,14,6,6,1,0,47637.0825,41931.6725,42699.583958333336
2023-06-11 15:00:00+02:00,42969.22,46829.56,25.2,37.304146,13.797912,15,6,6,1,0,47343.3575,41302.07,42518.37447916666
2023-06-11 16:00:00+02:00,43215.4975,46025.16,25.65,37.808407,11.5199995,16,6,6,1,0,47226.2475,40872.0375,42336.11875
2023-06-11 17:00:00+02:00,45170.465000000004,46540.3275,25.95,36.28268,10.041354,17,6,6,1,0,47751.5075,41862.5775,42169.004166666666
2023-06-11 18:00:00+02:00,46603.0425,47789.965,26.2,32.53317,9.793058,18,6,6,1,0,48655.5525,43378.1625,42061.46072916667
2023-06-11 19:00:00+02:00,47125.4825,47714.96,26.0,30.338713,13.276144,19,6,6,1,0,48173.3925,44034.51,41975.93947916667
2023-06-11 20:00:00+02:00,47155.0,46903.72,25.1,30.92631,14.973576,20,6,6,1,0,46827.095,44163.82,41932.276562499996
2023-06-11 21:00:00+02:00,46983.604999999996,46228.435,23.25,35.274593,18.448023,21,6,6,1,0,45557.62,43686.4625,41945.93927083333
2023-06-11 22:00:00+02:00,46433.93,46369.28,22.0,38.1854,19.296133,22,6,6,1,0,44913.575,43425.8725,42005.355312499996
2023-06-11 23:00:00+02:00,43357.020000000004,44161.5125,21.4,39.072586,16.595179,23,6,6,1,0,42344.1325,40400.582500000004,42068.7034375
2023-06-12 00:00:00+02:00,41355.59,42680.462499999994,20.4,41.12509,15.111424,0,0,6,0,0,39554.805,38408.0575,42110.90708333333
2023-06-12 01:00:00+02:00,40516.7375,41409.065,19.35,41.9696,15.463244,1,0,6,0,0,37334.58,37052.285,42185.93979166667
2023-06-12 02:00:00+02:00,39430.600000000006,40823.21,17.55,53.87326,11.659777,2,0,6,0,0,35953.835,36526.72,42318.5296875
2023-06-12 03:00:00+02:00,39346.707500000004,41184.145,16.1,54.419395,11.013882,3,0,6,0,0,35236.932499999995,36668.91,42463.394895833335
2023-06-12 04:00:00+02:00,39585.025,42339.665,15.2,52.88853,10.594036,4,0,6,0,0,34911.119999999995,37429.0525,42634.63552083333
2023-06-12 05:00:00+02:00,42332.21,44215.9075,14.45,53.800217,10.440001,5,0,6,0,0,34519.7975,40651.5275,42829.381562500006
2023-06-12 06:00:00+02:00,49885.7,51432.905,15.3,52.915108,11.928989,6,0,6,0,0,35925.317500000005,48236.5625,43154.89875
2023-06-12 07:00:00+02:00,55647.345,57422.240000000005,17.1,50.546124,12.074766,7,0,6,0,0,38401.8025,53501.19,43736.58135416667
2023-06-12 08:00:00+02:00,58853.9,60686.375,19.05,45.960857,13.684735,8,0,6,0,0,41657.7375,56786.8125,44455.145625000005
2023-06-12 09:00:00+02:00,59745.515,61610.7275,21.15,43.061993,14.561099,9,0,6,0,0,43866.729999999996,57630.75,45171.652395833335
2023-06-12 10:00:00+02:00,60523.89,63027.24,22.9,34.814056,19.592731,10,0,6,0,0,45113.32,58168.899999999994,45833.2684375
2023-06-12 11:00:00+02:00,61813.0475,64567.9975,23.75,32.284977,20.150354,11,0,6,0,0,46254.115,59178.369999999995,46475.37552083333
2023-06-12 12:00:00+02:00,61780.25,64396.99,24.4,29.684956,19.809813,12,0,6,0,0,45523.39,58786.322499999995,47123.664375
2023-06-12 13:00:00+02:00,61524.215,63392.4925,24.95,27.170603,19.161337,13,0,6,0,0,44106.97,58259.58,47801.03354166667
2023-06-12 14:00:00+02:00,60480.3925,61671.4625,24.85,29.708027,15.517629,14,0,6,0,0,43288.055,57048.7625,48526.75208333333
2023-06-12 15:00:00+02:00,59323.2625,60573.75,25.15,28.880318,14.205182,15,0,6,0,0,42969.22,56477.515,49243.09947916667
2023-06-12 16:00:00+02:00,57489.0475,59185.865,25.3,28.132349,13.684735,16,0,6,0,0,43215.4975,55707.425,49924.517916666664
2023-06-12 17:00:00+02:00,57757.0175,58920.935,25.4,27.484625,13.202726,17,0,6,0,0,45170.465000000004,55532.2775,50519.24916666667
2023-06-12 18:00:00+02:00,58439.24,58566.225,25.25,27.538904,12.7279215,18,0,6,0,0,46603.0425,55342.630000000005,51043.68885416666
2023-06-12 19:00:00+02:00,57851.104999999996,57708.9375,24.75,27.021002,13.004921,19,0,6,0,0,47125.4825,55167.0175,51536.86375
2023-06-12 20:00:00+02:00,55968.259999999995,55905.765,23.9,28.037903,9.346143,20,0,6,0,0,47155.0,53470.635,51983.76468749999
2023-06-12 21:00:00+02:00,53980.825,53645.48,20.95,43.152084,7.9526596,21,0,6,0,0,46983.604999999996,51174.1625,52350.98385416666
2023-06-12 22:00:00+02:00,52082.5325,51871.1175,19.9,40.281563,13.849477,22,0,6,0,0,46433.93,48516.0725,52642.5346875
2023-06-12 23:00:00+02:00,47636.65,48965.4025,18.95,43.626366,15.815435,23,0,6,0,0,43357.020000000004,44808.2575,52877.893125
2023-06-13 00:00:00+02:00,44741.535,45526.155,17.9,46.113808,14.799459,0,1,6,0,0,41355.59,42077.777500000004,53056.21104166666
2023-06-13 01:00:00+02:00,42976.567500000005,44148.0925,17.05,47.65756,11.384198,1,1,6,0,0,40516.7375,40438.715,53197.292083333334
2023-06-13 02:00:00+02:00,41999.46,43408.075,14.8,59.556015,11.966953,2,1,6,0,0,39430.600000000006,39425.9725,53299.785
2023-06-13 03:00:00+02:00,41754.31,43661.8125,13.55,65.691025,9.346143,3,1,6,0,0,39346.707500000004,39548.2925,53406.82083333333
2023-06-13 04:00:00+02:00,41607.2675,44462.515,12.85,70.42366,9.904906,4,1,6,0,0,39585.025,40512.975,53507.137604166666
2023-06-13 05:00:00+02:00,43935.770000000004,46065.3725,12.3,73.009315,7.5942082,5,1,6,0,0,42332.21,43207.06,53591.39770833334
2023-06-13 06:00:00+02:00,51214.64,53133.405,13.25,69.0768,7.771331,6,1,6,0,0,49885.7,49799.9475,53658.21270833333
2023-06-13 07:00:00+02:00,56625.567500000005,58622.6725,15.4,60.726986,9.693296,7,1,6,0,0,55647.345,54841.005000000005,53713.58520833333
2023-06-13 08:00:00+02:00,59813.8425,61668.16,17.7,49.338966,11.200571,8,1,6,0,0,58853.9,57788.465,53754.34447916666
2023-06-13 09:00:00+02:00,60135.042499999996,62497.244999999995,19.75,43.25569,14.336861,9,1,6,0,0,59745.515,58906.3325,53794.34208333333
2023-06-13 10:00:00+02:00,60645.31,63626.8875,20.95,39.3477,17.238699,10,1,6,0,0,60523.89,59417.972499999996,53810.572395833326
2023-06-13 11:00:00+02:00,61056.7325,64895.55,22.25,35.23138,18.514643,11,1,6,0,0,61813.0475,60492.4975,53815.6315625
2023-06-13 12:00:00+02:00,60802.630000000005,64678.44,22.4,34.67128,21.2522,12,1,6,0,0,61780.25,60510.6175,53784.118437499994
2023-06-13 13:00:00+02:00,60512.1,63841.74,22.25,34.508892,21.068459,13,1,6,0,0,61524.215,60019.9725,53743.38427083333
2023-06-13 14:00:00+02:00,60420.405,62206.2025,23.6,30.188065,19.376562,14,1,6,0,0,60480.3925,58529.2475,53701.21281250001
2023-06-13 15:00:00+02:00,59561.8875,60890.0475,23.0,30.335402,18.971008,15,1,6,0,0,59323.2625,58114.32,53698.713333333326
2023-06-13 16:00:00+02:00,58807.5875,59504.235,22.4,32.124912,19.8,16,1,6,0,0,57489.0475,56905.3475,53708.65604166667
2023-06-13 17:00:00+02:00,58261.945,59332.8375,22.85,30.081964,19.376562,17,1,6,0,0,57757.0175,56982.590000000004,53763.59520833333
2023-06-13 18:00:00+02:00,58698.0525,59265.695,21.5,32.774063,22.545315,18,1,6,0,0,58439.24,57005.3925,53784.63385416667
2023-06-13 19:00:00+02:00,58250.4625,58827.2175,20.4,38.51892,22.380884,19,1,6,0,0,57851.104999999996,56193.979999999996,53795.41770833334
2023-06-13 20:00:00+02:00,56287.3425,56799.0925,19.8,39.425816,21.897945,20,1,6,0,0,55968.259999999995,54130.875,53812.05760416667
2023-06-13 21:00:00+02:00,53993.985,54258.25,17.9,44.701794,20.316889,21,1,6,0,0,53980.825,51589.205,53825.35270833334
2023-06-13 22:00:00+02:00,51417.37,52315.979999999996,16.35,49.823486,16.167967,22,1,6,0,0,52082.5325,49219.8975,53825.901041666664
2023-06-13 23:00:00+02:00,46870.5775,49445.0575,15.8,53.59873,14.578888,23,1,6,0,0,47636.65,45372.945,53798.1859375
2023-06-14 00:00:00+02:00,44051.7225,46602.85,14.7,61.184456,15.509274,0,2,6,0,0,44741.535,42728.9075,53766.26625000001
2023-06-14 01:00:00+02:00,42761.31,44933.4625,14.0,66.690765,14.578888,1,2,6,0,0,42976.567500000005,41290.965000000004,53737.52406250001
2023-06-14 02:00:00+02:00,41836.36,44203.8325,13.25,74.93262,11.841756,2,2,6,0,0,41999.46,40219.675,53728.555
2023-06-14 03:00:00+02:00,41718.5625,44518.1175,12.2,80.266014,10.315115,3,2,6,0,0,41754.31,40377.1225,53721.75916666666
2023-06-14 04:00:00+02:00,42001.1075,45236.68,11.6,84.63745,10.086427,4,2,6,0,0,41607.2675,41334.509999999995,53720.2696875
2023-06-14 05:00:00+02:00,44449.8825,46757.9175,11.3,88.39089,10.383987,5,2,6,0,0,43935.770000000004,43831.08,53736.6796875
2023-06-14 06:00:00+02:00,51432.79,53726.835,12.4,84.44301,10.1887,6,2,6,0,0,51214.64,49960.96,53758.10104166666
2023-06-14 07:00:00+02:00,56613.085,58920.119999999995,14.1,77.371735,11.753876,7,2,6,0,0,56625.567500000005,54921.537500000006,53767.190624999996
2023-06-14 08:00:00+02:00,59217.1275,62115.64,16.25,67.16488,11.200571,8,2,6,0,0,59813.8425,58397.6675,53766.67052083334
2023-06-14 09:00:00+02:00,59619.7975,63311.104999999996,18.0,60.93161,11.988594,9,2,6,0,0,60135.042499999996,59512.75,53741.80739583334
2023-06-14 10:00:00+02:00,60077.0025,64707.5325,19.5,54.196377,14.689588,10,2,6,0,0,60645.31,60049.5125,53720.33885416667
2023-06-14 11:00:00+02:00,61003.979999999996,65603.935,21.2,43.812668,17.399586,11,2,6,0,0,61056.7325,60593.1475,53696.659374999996
2023-06-14 12:00:00+02:00,60629.005,65083.9675,22.05,38.991074,17.418196,12,2,6,0,0,60802.630000000005,60255.055,53694.46135416667
2023-06-14 13:00:00+02:00,60149.655,64019.354999999996,22.7,36.97134,19.66536,13,2,6,0,0,60512.1,58913.915,53687.22697916667
2023-06-14 14:00:00+02:00,59519.3775,62498.96,22.5,39.252506,16.199999,14,2,6,0,0,60420.405,57203.0925,53672.12510416666
2023-06-14 15:00:00+02:00,58645.475,61114.025,23.0,36.679443,16.039202,15,2,6,0,0,59561.8875,56736.125,53634.58229166667
2023-06-14 16:00:00+02:00,57291.745,59686.375,23.65,34.19859,16.595179,16,2,6,0,0,58807.5875,55374.6025,53596.3984375
2023-06-14 17:00:00+02:00,57084.525,59396.167499999996,23.45,33.444878,16.363178,17,2,6,0,0,58261.945,55423.195,53533.238333333335
2023-06-14 18:00:00+02:00,57405.6875,58890.7725,23.05,33.10169,16.299694,18,2,6,0,0,58698.0525,55524.399999999994,53484.17916666667
2023-06-14 19:00:00+02:00,56888.875,58275.1825,22.05,35.786404,18.289274,19,2,6,0,0,58250.4625,54970.567500000005,53430.330625
2023-06-14 20:00:00+02:00,55170.71,56578.665,21.7,37.579887,15.141414,20,2,6,0,0,56287.3425,52506.48,53373.597812500004
2023-06-14 21:00:00+02:00,52731.3725,53960.115,20.25,42.08121,11.165805,21,2,6,0,0,53993.985,50223.605,53327.07145833334
2023-06-14 22:00:00+02:00,50153.662500000006,52092.979999999996,18.6,47.271152,10.931203,22,2,6,0,0,51417.37,48142.535,53274.462604166656
2023-06-14 23:00:00+02:00,46327.6325,49059.197499999995,17.55,53.326885,10.137692,23,2,6,0,0,46870.5775,44693.677500000005,53221.808125
2023-06-15 00:00:00+02:00,43750.1725,45928.7525,17.05,58.499638,10.137692,0,3,6,0,0,44051.7225,41693.8875,53199.18541666667
2023-06-15 01:00:00+02:00,42550.755,44486.605,16.7,61.24056,10.587917,1,3,6,0,0,42761.31,39621.3975,53186.62083333333
2023-06-15 02:00:00+02:00,41548.0225,43859.7225,15.25,71.3623,7.5170207,2,3,6,0,0,41836.36,38415.125,53177.847708333335
2023-06-15 03:00:00+02:00,41451.6375,44098.9825,14.45,73.88927,7.289444,3,3,6,0,0,41718.5625,38062.1075,53165.833645833336
2023-06-15 04:00:00+02:00,41707.8825,44606.979999999996,14.8,69.621,13.32,4,3,6,0,0,42001.1075,37835.7325,53154.71177083333
2023-06-15 05:00:00+02:00,43791.465,46430.2525,14.5,68.861145,11.966953,5,3,6,0,0,44449.8825,37876.545,53142.494062499994
2023-06-15 06:00:00+02:00,50531.535,53763.57,14.7,70.30726,10.853866,6,3,6,0,0,51432.79,40741.495,53115.06
2023-06-15 07:00:00+02:00,56040.2125,58698.7025,15.25,70.64989,11.570515,7,3,6,0,0,56613.085,44067.182499999995,53077.50770833334
2023-06-15 08:00:00+02:00,58675.5775,61234.53,16.5,67.217,10.823973,8,3,6,0,0,59217.1275,47056.057499999995,53053.638020833336
2023-06-15 09:00:00+02:00,59215.6325,62337.2175,18.05,62.38058,11.252519,9,3,6,0,0,59619.7975,48610.3375,53031.073437499996
2023-06-15 10:00:00+02:00,59849.104999999996,63622.7325,19.7,58.947495,13.363711,10,3,6,0,0,60077.0025,50005.1625,53014.23322916666
2023-06-15 11:00:00+02:00,60950.035,64498.335,20.95,52.4401,11.808878,11,3,6,0,0,61003.979999999996,50964.1075,53004.73750000001
2023-06-15 12:00:00+02:00,60702.9875,64431.48,22.3,46.859726,10.966713,12,3,6,0,0,60629.005,50615.975,53002.489791666674
2023-06-15 13:00:00+02:00,60034.5625,63686.0225,22.5,44.17625,12.959999,13,3,6,0,0,60149.655,49537.7975,53005.57239583333
2023-06-15 14:00:00+02:00,58846.4975,61934.29,21.15,45.45857,11.090103,14,3,6,0,0,59519.3775,48472.0075,53000.776875
2023-06-15 15:00:00+02:00,57855.065,59878.0075,21.1,44.38196,7.289444,15,3,6,0,0,58645.475,47947.4075,52972.74020833333
2023-06-15 16:00:00+02:00,56861.3625,58082.4875,21.85,41.11598,9.504273,16,3,6,0,0,57291.745,47395.575,52939.80645833333
2023-06-15 17:00:00+02:00,56742.81,57761.8925,22.8,39.471428,12.682018,17,3,6,0,0,57084.525,48373.3275,52921.873854166675
2023-06-15 18:00:00+02:00,56814.845,57456.865,22.75,39.72568,12.324414,18,3,6,0,0,57405.6875,49099.64,52907.63572916666
2023-06-15 19:00:00+02:00,56883.225,57173.1775,20.3,50.54956,13.527572,19,3,6,0,0,56888.875,48915.515,52883.017291666656
2023-06-15 20:00:00+02:00,55256.4225,55638.71,19.2,59.61258,6.6185193,20,3,6,0,0,55170.71,47318.76,52882.78187499999
2023-06-15 21:00:00+02:00,53236.1875,53560.1825,18.35,66.715706,2.4149535,21,3,6,0,0,52731.3725,46333.0625,52886.35322916667
2023-06-15 22:00:00+02:00,50500.2725,51401.1575,16.95,75.79939,4.379589,22,3,6,0,0,50153.662500000006,45152.045,52907.38718750001
2023-06-15 23:00:00+02:00,46693.025,48150.3425,16.0,80.257256,4.829907,23,3,6,0,0,46327.6325,41671.3675,52921.82927083334
2023-06-16 00:00:00+02:00,43678.5,47268.825,15.0,85.28886,5.815978,0,4,6,0,0,43750.1725,39271.0675,52937.05395833333
2023-06-16 01:00:00+02:00,41977.33,45617.7575,14.55,87.798485,5.495161,1,4,6,0,0,42550.755,37493.725,52934.06760416667
2023-06-16 02:00:00+02:00,41151.8525,44615.42,14.2,93.402794,5.00128,2,4,6,0,0,41548.0225,36588.7075,52910.174895833334
2023-06-16 03:00:00+02:00,41573.21,44844.582500000004,14.3,93.10362,5.00128,3,4,6,0,0,41451.6375,36318.1975,52893.6678125
2023-06-16 04:00:00+02:00,41900.505,45442.9725,13.7,95.541016,6.489992,4,4,6,0,0,41707.8825,36943.795,52898.73333333334
2023-06-16 05:00:00+02:00,44217.685,46222.1875,13.45,96.47475,9.422101,5,4,6,0,0,43791.465,39476.4525,52906.75927083333
2023-06-16 06:00:00+02:00,51015.9525,52396.06,13.85,95.23476,11.183201,6,4,6,0,0,50531.535,45182.1075,52924.518437499995
2023-06-16 07:00:00+02:00,56248.0025,57975.979999999996,14.4,89.236336,11.4862,7,4,6,0,0,56040.2125,49574.4975,52944.70249999999
2023-06-16 08:00:00+02:00,59098.0375,60967.07,15.8,84.81833,10.739832,8,4,6,0,0,58675.5775,52703.4475,52953.36041666667
2023-06-16 09:00:00+02:00,59558.052500000005,62048.4,16.55,77.24046,12.538134,9,4,6,0,0,59215.6325,53972.1775,52970.962916666664
2023-06-16 10:00:00+02:00,59965.1025,63432.64,15.0,89.86764,19.022177,10,4,6,0,0,59849.104999999996,54483.7825,52985.230416666665
2023-06-16 11:00:00+02:00,60664.520000000004,64162.635,15.0,88.703094,18.875126,11,4,6,0,0,60950.035,55414.77,52990.063645833325
2023-06-16 12:00:00+02:00,60042.92,63476.082500000004,16.3,80.29837,21.915691,12,4,6,0,0,60702.9875,55371.09,52978.167187499996
2023-06-16 13:00:00+02:00,59061.7225,62184.3675,16.65,78.78771,20.929594,13,4,6,0,0,60034.5625,54251.6475,52950.66437499999
2023-06-16 14:00:00+02:00,57599.1075,60397.655,16.45,83.52137,17.610588,14,4,6,0,0,58846.4975,53600.0675,52910.129375
2023-06-16 15:00:00+02:00,57167.119999999995,59143.0125,19.35,70.50247,14.512064,15,4,6,0,0,57855.065,53100.3,52858.15479166667
2023-06-16 16:00:00+02:00,56411.195,58068.7525,19.85,63.617577,13.479583,16,4,6,0,0,56861.3625,52656.4825,52829.49041666667
2023-06-16 17:00:00+02:00,55908.8525,58028.56,17.15,81.99477,10.495713,17,4,6,0,0,56742.81,52865.7425,52810.7334375
2023-06-16 18:00:00+02:00,55582.21,57867.0,15.35,86.44817,9.114471,18,4,6,0,0,56814.845,52979.4075,52775.98520833333
2023-06-16 19:00:00+02:00,54988.915,56830.7575,15.85,85.100624,7.172949,19,4,6,0,0,56883.225,52190.695,52724.62541666667
2023-06-16 20:00:00+02:00,52841.07,54826.7125,15.95,87.6375,7.342588,20,4,6,0,0,55256.4225,50669.86,52645.69583333333
2023-06-16 21:00:00+02:00,50428.345,52441.11,15.35,92.856735,5.0911684,21,4,6,0,0,53236.1875,49099.8575,52545.05614583333
2023-06-16 22:00:00+02:00,48239.5425,50649.9975,14.45,95.25645,6.763786,22,4,6,0,0,50500.2725,47379.01,52428.06270833333
2023-06-16 23:00:00+02:00,44918.5625,47566.54,13.55,96.16269,5.8048253,23,4,6,0,0,46693.025,43850.5325,52333.865625
2023-06-17 00:00:00+02:00,42290.6575,42731.292499999996,12.7,97.41021,6.193674,0,5,6,1,0,43678.5,41231.815,52259.9296875
2023-06-17 01:00:00+02:00,40448.315,41147.815,12.45,98.04827,5.8048253,1,5,6,1,0,41977.33,39301.9825,52202.10291666666
2023-06-17 02:00:00+02:00,39042.990000000005,40006.854999999996,13.7,96.1671,4.198285,2,5,6,1,0,41151.8525,38178.035,52138.393958333334
2023-06-17 03:00:00+02:00,38457.802500000005,39786.082500000004,11.75,98.68796,6.618519,3,5,6,1,0,41573.21,37578.36,52050.5246875
2023-06-17 04:00:00+02:00,38017.3525,39539.785,12.65,97.72979,6.638072,4,5,6,1,0,41900.505,37388.8775,51920.71604166667
2023-06-17 05:00:00+02:00,37696.2975,38536.98,12.45,97.72627,8.557102,5,5,6,1,0,44217.685,37355.7125,51758.918020833335
2023-06-17 06:00:00+02:00,39543.715,40684.345,12.95,96.77828,9.178235,6,5,6,1,0,51015.9525,39681.32,51487.19354166667
2023-06-17 07:00:00+02:00,42609.6725,44009.0225,14.15,91.58656,11.298495,7,5,6,1,0,56248.0025,42849.85,51009.18364583334
2023-06-17 08:00:00+02:00,45912.729999999996,47489.9725,15.55,82.87146,10.703569,8,5,6,1,0,59098.0375,46318.555,50440.91989583333
2023-06-17 09:00:00+02:00,48138.81,49790.6525,17.1,77.32542,10.703569,9,5,6,1,0,59558.052500000005,48493.284999999996,49891.53208333333
2023-06-17 10:00:00+02:00,49793.7025,51663.880000000005,18.1,75.985725,9.0645685,10,5,6,1,0,59965.1025,49944.3875,49415.7303125
2023-06-17 11:00:00+02:00,50413.1225,53073.9675,19.2,72.32699,8.557102,11,5,6,1,0,60664.520000000004,50729.815,48991.92197916666
2023-06-17 12:00:00+02:00,49294.25,52987.6075,20.1,65.56966,10.931203,12,5,6,1,0,60042.92,50203.865000000005,48564.78041666667
2023-06-17 13:00:00+02:00,47566.86,52149.3225,20.8,58.24782,12.57426,13,5,6,1,0,59061.7225,48584.9725,48116.91916666667
2023-06-17 14:00:00+02:00,46470.0575,50454.815,16.9,74.55822,8.473393,14,5,6,1,0,57599.1075,47637.0825,47637.9665625
2023-06-17 15:00:00+02:00,46210.86,49323.8725,18.5,71.26503,10.182337,15,5,6,1,0,57167.119999999995,47343.3575,47174.25614583333
2023-06-17 16:00:00+02:00,45764.2325,48064.5475,19.35,66.70573,10.990322,16,5,6,1,0,56411.195,47226.2475,46717.745312499996
2023-06-17 17:00:00+02:00,46276.7225,48234.0225,19.5,68.49937,11.440978,17,5,6,1,0,55908.8525,47751.5075,46274.121875000004
2023-06-17 18:00:00+02:00,47032.325,48313.535,19.65,65.47361,9.693296,18,5,6,1,0,55582.21,48655.5525,45872.78312500001
2023-06-17 19:00:00+02:00,46752.845,47835.2075,19.7,63.79296,8.209263,19,5,6,1,0,54988.915,48173.3925,45516.53791666666
2023-06-17 20:00:00+02:00,45244.354999999996,46320.78,19.1,67.53138,5.991594,20,5,6,1,0,52841.07,46827.095,45173.36833333334
2023-06-17 21:00:00+02:00,44247.990000000005,44987.6375,16.6,82.72863,7.5942073,21,5,6,1,0,50428.345,45557.62,44856.838541666664
2023-06-17 22:00:00+02:00,43403.65,44107.68,16.75,77.524704,5.8048253,22,5,6,1,0,48239.5425,44913.575,44599.32375
2023-06-17 23:00:00+02:00,41225.0675,42006.2875,15.65,82.07312,6.151683,23,5,6,1,0,44918.5625,42344.1325,44397.82822916666
2023-06-18 00:00:00+02:00,38668.7525,40024.1875,15.9,81.302414,3.396233,0,6,6,1,0,42290.6575,39554.805,44243.93260416667
2023-06-18 01:00:00+02:00,36670.4925,38563.455,15.25,85.036476,3.6179552,1,6,6,1,0,40448.315,37334.58,44093.019895833335
2023-06-18 02:00:00+02:00,35450.05,37595.9275,12.75,97.41122,6.6185193,2,6,6,1,0,39042.990000000005,35953.835,43935.610625
2023-06-18 03:00:00+02:00,34733.68,36940.0725,12.1,97.7201,6.8777895,3,6,6,1,0,38457.802500000005,35236.932499999995,43785.90479166667
2023-06-18 04:00:00+02:00,31278.372499999998,36726.1725,11.7,98.03688,8.287822,4,6,6,1,0,38017.3525,34911.119999999995,43630.73302083334
2023-06-18 05:00:00+02:00,34200.945,35536.5175,12.0,99.01647,7.0911775,5,6,6,1,0,37696.2975,34519.7975,43349.942187500004
2023-06-18 06:00:00+02:00,35172.5575,36853.41,13.3,96.786934,3.563818,6,6,6,1,0,39543.715,35925.317500000005,43204.3025
2023-06-18 07:00:00+02:00,37439.6,39351.02,15.0,91.63964,1.835647,7,6,6,1,0,42609.6725,38401.8025,43022.1709375
2023-06-18 08:00:00+02:00,40805.575,42297.775,17.2,83.338646,2.6208394,8,6,6,1,0,45912.729999999996,41657.7375,42806.75125
2023-06-18 09:00:00+02:00,43244.065,45254.78,19.1,75.41331,3.0547013,9,6,6,1,0,48138.81,43866.729999999996,42593.953125
2023-06-18 10:00:00+02:00,44776.035,48492.2775,20.6,67.83646,4.198285,10,6,6,1,0,49793.7025,45113.32,42390.00541666667
2023-06-18 11:00:00+02:00,45894.28,50657.1625,21.8,61.212776,5.991594,11,6,6,1,0,50413.1225,46254.115,42180.9359375
2023-06-18 12:00:00+02:00,45952.725,50950.1325,22.9,53.995407,6.1305785,12,6,6,1,0,49294.25,45523.39,41992.65083333334
2023-06-18 13:00:00+02:00,44512.8775,49689.435,23.5,48.929623,7.145796,13,6,6,1,0,47566.86,44106.97,41853.420625000006
2023-06-18 14:00:00+02:00,44203.8725,48436.6575,23.85,45.445766,2.968636,14,6,6,1,0,46470.0575,43288.055,41726.17135416666
2023-06-18 15:00:00+02:00,43855.1775,47205.7075,24.55,43.14641,5.991594,15,6,6,1,0,46210.86,42969.22,41631.746979166666
2023-06-18 16:00:00+02:00,43789.845,46172.135,24.6,43.44706,6.1305785,16,6,6,1,0,45764.2325,43215.4975,41533.59354166667
2023-06-18 17:00:00+02:00,45106.2675,45922.905,24.65,42.04391,7.491114,17,6,6,1,0,46276.7225,45170.465000000004,41451.32739583334
2023-06-18 18:00:00+02:00,46257.207500000004,46611.4675,24.45,42.83344,7.5685663,18,6,6,1,0,47032.325,46603.0425,41402.558437499996
2023-06-18 19:00:00+02:00,46512.854999999996,46689.384999999995,23.9,45.309357,6.849467,19,6,6,1,0,46752.845,47125.4825,41370.261875
2023-06-18 20:00:00+02:00,46126.520000000004,46207.665,23.05,64.73058,1.8,20,6,6,1,0,45244.354999999996,47155.0,41360.262291666666
2023-06-18 21:00:00+02:00,46124.7825,45456.31,20.55,67.60749,5.8048253,21,6,6,1,0,44247.990000000005,46983.604999999996,41397.019166666665
2023-06-18 22:00:00+02:00,45975.3775,45512.0375,19.0,70.43591,10.483357,22,6,6,1,0,43403.65,46433.93,41475.21885416667
2023-06-18 23:00:00+02:00,42655.125,43608.6325,18.25,71.218346,10.495713,23,6,6,1,0,41225.0675,43357.020000000004,41582.37416666667
2023-06-19 00:00:00+02:00,39004.380000000005,42320.74,17.6,73.94827,9.290511,0,0,6,0,0,38668.7525,41355.59,41641.95989583333
2023-06-19 01:00:00+02:00,38427.9475,41103.7575,16.55,78.51584,8.14587,1,0,6,0,0,36670.4925,40516.7375,41655.944375
2023-06-19 02:00:00+02:00,37581.3275,40556.9675,16.5,88.254814,9.028754,2,0,6,0,0,35450.05,39430.600000000006,41729.17166666667
2023-06-19 03:00:00+02:00,37243.2475,40858.225,15.55,90.787384,8.4963045,3,0,6,0,0,34733.68,39346.707500000004,41817.97489583334
2023-06-19 04:00:00+02:00,37509.2675,41866.635,15.3,91.36146,8.942214,4,0,6,0,0,31278.372499999998,39585.025,41922.54020833333
2023-06-19 05:00:00+02:00,40420.2175,44472.7525,14.75,91.624084,7.8954163,5,0,6,0,0,34200.945,42332.21,42182.160833333335
2023-06-19 06:00:00+02:00,49577.165,51842.29,15.9,86.50185,9.793059,6,0,6,0,0,35172.5575,49885.7,42441.2971875
2023-06-19 07:00:00+02:00,55331.6275,57573.3825,17.7,82.063805,9.220499,7,0,6,0,0,37439.6,55647.345,43041.489166666666
2023-06-19 08:00:00+02:00,58770.8975,60425.885,18.7,79.33817,6.12,8,0,6,0,0,40805.575,58853.9,43786.990312500006
2023-06-19 09:00:00+02:00,60668.3725,61829.925,18.75,78.07909,8.427383,9,0,6,0,0,43244.065,59745.515,44535.54541666666
2023-06-19 10:00:00+02:00,61685.240000000005,63374.7825,19.75,77.977455,10.8955765,10,0,6,0,0,44776.035,60523.89,45261.558229166665
2023-06-19 11:00:00+02:00,62706.8675,64554.64,22.05,69.003105,10.144082,11,0,6,0,0,45894.28,61813.0475,45966.1084375
2023-06-19 12:00:00+02:00,61865.1325,64750.995,23.9,62.48403,9.178235,12,0,6,0,0,45952.725,61780.25,46666.63291666666
2023-06-19 13:00:00+02:00,61374.81,64367.82,25.05,55.421455,10.182337,13,0,6,0,0,44512.8775,61524.215,47329.64989583334
2023-06-19 14:00:00+02:00,60532.6225,62777.215,22.4,66.904816,16.62249,14,0,6,0,0,44203.8725,60480.3925,48032.230416666665
2023-06-19 15:00:00+02:00,59289.15,61640.340000000004,25.4,57.85682,16.58346,15,0,6,0,0,43855.1775,59323.2625,48712.595
2023-06-19 16:00:00+02:00,58254.83,59977.3125,26.4,52.65166,16.179987,16,0,6,0,0,43789.845,57489.0475,49355.677187500005
2023-06-19 17:00:00+02:00,58334.36,59320.8725,27.05,47.223415,12.783802,17,0,6,0,0,45106.2675,57757.0175,49958.384895833326
2023-06-19 18:00:00+02:00,58154.84,58731.775,26.8,47.92243,14.512064,18,0,6,0,0,46257.207500000004,58439.24,50509.55541666667
2023-06-19 19:00:00+02:00,57941.932499999995,57935.9125,25.85,53.70113,13.32,19,0,6,0,0,46512.854999999996,57851.104999999996,51005.29010416667
2023-06-19 20:00:00+02:00,55955.455,56240.8675,24.6,58.034317,12.10157,20,0,6,0,0,46126.520000000004,55968.259999999995,51481.50166666667
2023-06-19 21:00:00+02:00,53704.2275,53648.99,23.15,59.768257,13.049689,21,0,6,0,0,46124.7825,53980.825,51891.040625
2023-06-19 22:00:00+02:00,51023.8625,51951.9825,21.9,61.83342,12.287555,22,0,6,0,0,45975.3775,52082.5325,52206.85083333334
2023-06-19 23:00:00+02:00,47467.6975,48738.94,20.65,66.97519,10.739832,23,0,6,0,0,42655.125,47636.65,52417.204374999994
2023-06-20 00:00:00+02:00,44760.295,44398.6075,19.9,70.15157,11.298495,0,1,6,0,0,39004.380000000005,44741.535,52617.728229166656
2023-06-20 01:00:00+02:00,43268.5075,42821.03,18.4,78.53231,7.928177,1,1,6,0,0,38427.9475,42976.567500000005,52857.558020833334
2023-06-20 02:00:00+02:00,42606.8575,42594.7575,18.2,79.780525,6.6087217,2,1,6,0,0,37581.3275,41999.46,53059.24802083333
2023-06-20 03:00:00+02:00,42049.785,44020.0875,17.65,81.79307,7.5170207,3,1,6,0,0,37243.2475,41754.31,53268.64510416667
2023-06-20 04:00:00+02:00,42960.1175,44705.99,17.4,82.55827,7.289444,4,1,6,0,0,37509.2675,41607.2675,53468.9175
2023-06-20 05:00:00+02:00,45103.9775,47187.5925,16.15,89.952965,8.942214,5,1,6,0,0,40420.2175,43935.770000000004,53696.03625
2023-06-20 06:00:00+02:00,52131.8725,54588.95,18.05,83.170395,2.9024127,6,1,6,0,0,49577.165,51214.64,53891.19291666666
2023-06-20 07:00:00+02:00,57398.575,59143.0025,19.55,80.22245,4.2136917,7,1,6,0,0,55331.6275,56625.567500000005,53997.6390625
2023-06-20 08:00:00+02:00,60860.83,61195.26,21.5,77.01032,3.219938,8,1,6,0,0,58770.8975,59813.8425,54083.761875
2023-06-20 09:00:00+02:00,61113.5725,62287.6125,23.4,74.224434,3.6,9,1,6,0,0,60668.3725,60135.042499999996,54170.84239583334
2023-06-20 10:00:00+02:00,61603.9975,63559.2275,25.4,70.08243,6.8399997,10,1,6,0,0,61685.240000000005,60645.31,54189.39239583333
2023-06-20 11:00:00+02:00,62635.525,65114.255,25.25,68.75781,10.233123,11,1,6,0,0,62706.8675,61056.7325,54186.00729166667
2023-06-20 12:00:00+02:00,61872.2275,65449.490000000005,23.8,69.56093,14.764389,12,1,6,0,0,61865.1325,60802.630000000005,54183.0346875
2023-06-20 13:00:00+02:00,61984.0775,64777.534999999996,23.7,68.88774,2.8116899,13,1,6,0,0,61374.81,60512.1,54183.3303125
2023-06-20 14:00:00+02:00,61758.4725,63176.985,21.5,88.946,1.9386592,14,1,6,0,0,60532.6225,60420.405,54208.71645833333
2023-06-20 15:00:00+02:00,60904.85,61592.115,22.25,85.76071,7.7879906,15,1,6,0,0,59289.15,59561.8875,54259.79354166667
2023-06-20 16:00:00+02:00,60417.01,60005.94,22.0,84.93977,11.542478,16,1,6,0,0,58254.83,58807.5875,54327.114375
2023-06-20 17:00:00+02:00,60133.6425,59150.305,22.0,82.59063,12.074766,17,1,6,0,0,58334.36,58261.945,54417.20520833333
2023-06-20 18:00:00+02:00,59529.229999999996,58500.17,22.7,80.89445,11.792404,18,1,6,0,0,58154.84,58698.0525,54492.1753125
2023-06-20 19:00:00+02:00,58951.380000000005,57709.840000000004,22.0,85.46968,12.229406,19,1,6,0,0,57941.932499999995,58250.4625,54549.4415625
2023-06-20 20:00:00+02:00,55909.92,56117.155,22.2,81.3359,8.049845,20,1,6,0,0,55955.455,56287.3425,54591.501874999994
2023-06-20 21:00:00+02:00,53990.6175,53592.1325,21.4,86.75119,8.350138,21,1,6,0,0,53704.2275,53993.985,54589.604583333334
2023-06-20 22:00:00+02:00,50992.345,51959.09,20.35,90.53829,7.5599995,22,1,6,0,0,51023.8625,51417.37,54601.5375
2023-06-20 23:00:00+02:00,47952.7,48827.3375,19.7,91.92451,7.2805495,23,1,6,0,0,47467.6975,46870.5775,54600.224270833336
2023-06-21 00:00:00+02:00,45309.99,45830.5375,19.3,92.77133,6.924738,0,2,6,0,0,44760.295,44051.7225,54620.432708333334
2023-06-21 01:00:00+02:00,44326.567500000005,44059.675,18.7,94.21254,5.8048253,1,2,6,0,0,43268.5075,42761.31,54643.33666666666
2023-06-21 02:00:00+02:00,42968.88,43414.0125,20.75,88.886475,7.5685663,2,2,6,0,0,42606.8575,41836.36,54687.42250000001
2023-06-21 03:00:00+02:00,43076.575,43506.6225,19.65,91.92155,8.287822,3,2,6,0,0,42049.785,41718.5625,54702.50677083333
2023-06-21 04:00:00+02:00,43881.135,44752.177500000005,19.2,93.05796,5.04,4,2,6,0,0,42960.1175,42001.1075,54745.28968750001
2023-06-21 05:00:00+02:00,45806.885,47504.91,19.15,94.23186,4.3498964,5,2,6,0,0,45103.9775,44449.8825,54783.66541666668
2023-06-21 06:00:00+02:00,52756.7875,54151.600000000006,19.2,93.64434,10.105681,6,2,6,0,0,52131.8725,51432.79,54812.95322916666
2023-06-21 07:00:00+02:00,57672.96,58727.18,20.35,93.40687,13.246826,7,2,6,0,0,57398.575,56613.085,54838.99135416667
2023-06-21 08:00:00+02:00,60646.409999999996,61565.58,21.65,87.86026,19.137648,8,2,6,0,0,60860.83,59217.1275,54850.4240625
2023-06-21 09:00:00+02:00,61971.604999999996,62787.685,22.7,80.642944,21.67487,9,2,6,0,0,61113.5725,59619.7975,54841.489895833336
2023-06-21 10:00:00+02:00,62904.322499999995,64039.455,23.85,73.37774,22.884789,10,2,6,0,0,61603.9975,60077.0025,54877.24125
2023-06-21 11:00:00+02:00,64625.4,65051.630000000005,24.75,68.875595,17.58481,11,2,6,0,0,62635.525,61003.979999999996,54931.42145833333
2023-06-21 12:00:00+02:00,64828.9925,65227.295,25.75,64.0889,16.965895,12,2,6,0,0,61872.2275,60629.005,55014.332916666666
2023-06-21 13:00:00+02:00,63050.7675,64670.237499999996,26.4,63.03705,17.015474,13,2,6,0,0,61984.0775,60149.655,55137.53145833333
2023-06-21 14:00:00+02:00,62043.59,62826.99,26.85,60.246815,17.643673,14,2,6,0,0,61758.4725,59519.3775,55181.976875
2023-06-21 15:00:00+02:00,61427.1325,59720.93,27.25,52.70097,18.888851,15,2,6,0,0,60904.85,58645.475,55193.856770833336
2023-06-21 16:00:00+02:00,59996.9925,59841.3625,27.65,47.384274,15.725037,16,2,6,0,0,60417.01,57291.745,55215.61854166666
2023-06-21 17:00:00+02:00,59961.0775,59544.895000000004,27.75,45.47265,16.78156,17,2,6,0,0,60133.6425,57084.525,55198.11781250001
2023-06-21 18:00:00+02:00,59195.0275,59346.6075,27.0,48.13032,17.873556,18,2,6,0,0,59529.229999999996,57405.6875,55190.92760416667
2023-06-21 19:00:00+02:00,58651.6975,58418.29,26.05,54.095963,12.10157,19,2,6,0,0,58951.380000000005,56888.875,55177.0025
2023-06-21 20:00:00+02:00,56428.0275,56380.6225,25.0,60.19968,8.766573,20,2,6,0,0,55909.92,55170.71,55164.51572916668
2023-06-21 21:00:00+02:00,53907.205,53946.13,23.35,65.833374,7.968939,21,2,6,0,0,53990.6175,52731.3725,55186.103541666664
2023-06-21 22:00:00+02:00,51813.0625,51780.5175,21.4,71.799,6.8777895,22,2,6,0,0,50992.345,50153.662500000006,55182.628020833334
2023-06-21 23:00:00+02:00,48080.0425,48475.1875,20.15,77.04762,6.87779,23,2,6,0,0,47952.7,46327.6325,55216.824583333335
2023-06-22 00:00:00+02:00,45067.82,45608.880000000005,19.35,80.45193,7.072878,0,3,6,0,0,45309.99,43750.1725,55222.130520833336
2023-06-22 01:00:00+02:00,43070.435,44071.025,19.05,81.44726,8.39657,1,3,6,0,0,44326.567500000005,42550.755,55212.04010416667
2023-06-22 02:00:00+02:00,42249.6475,43417.425,19.15,83.29955,9.693296,2,3,6,0,0,42968.88,41548.0225,55159.701250000006
2023-06-22 03:00:00+02:00,42527.0025,43435.085,19.1,81.97571,11.753876,3,3,6,0,0,43076.575,41451.6375,55129.733229166675
2023-06-22 04:00:00+02:00,43196.25,44786.4075,18.25,83.72925,11.988594,4,3,6,0,0,43881.135,41707.8825,55106.834375
2023-06-22 05:00:00+02:00,45468.587499999994,47243.45,17.65,83.93019,9.793059,5,3,6,0,0,45806.885,43791.465,55078.29749999999
2023-06-22 06:00:00+02:00,51715.369999999995,53572.595,18.15,79.773605,9.826088,6,3,6,0,0,52756.7875,50531.535,55064.20177083332
2023-06-22 07:00:00+02:00,56854.37,59415.025,19.4,75.21988,5.8603754,7,3,6,0,0,57672.96,56040.2125,55020.809375000004
2023-06-22 08:00:00+02:00,60374.985,62302.1975,20.9,69.667595,7.072878,8,3,6,0,0,60646.409999999996,58675.5775,54986.70145833333
2023-06-22 09:00:00+02:00,61377.19,63592.4325,22.65,62.003723,8.12197,9,3,6,0,0,61971.604999999996,59215.6325,54975.39208333333
2023-06-22 10:00:00+02:00,62164.03,64083.8,23.9,53.72466,10.594036,10,3,6,0,0,62904.322499999995,59849.104999999996,54950.62479166666
2023-06-22 11:00:00+02:00,63577.295,64925.215000000004,25.05,49.504078,11.966953,11,3,6,0,0,64625.4,60950.035,54919.77927083333
2023-06-22 12:00:00+02:00,63696.4325,65104.18,25.8,46.129604,11.525623,12,3,6,0,0,64828.9925,60702.9875,54876.10822916666
2023-06-22 13:00:00+02:00,62957.1,64726.5975,25.25,47.197384,11.983188,13,3,6,0,0,63050.7675,60034.5625,54828.91822916667
2023-06-22 14:00:00+02:00,61515.6225,63065.15,26.9,43.512127,12.783802,14,3,6,0,0,62043.59,58846.4975,54825.01541666666
2023-06-22 15:00:00+02:00,60513.19,62271.2475,26.85,44.789963,13.698934,15,3,6,0,0,61427.1325,57855.065,54803.016770833325
2023-06-22 16:00:00+02:00,59019.7175,61378.8125,27.2,44.885532,14.417988,16,3,6,0,0,59996.9925,56861.3625,54764.93583333333
2023-06-22 17:00:00+02:00,59373.51,60921.135,27.2,45.03102,17.414476,17,3,6,0,0,59961.0775,56742.81,54724.21604166666
2023-06-22 18:00:00+02:00,59188.5,60585.0525,27.1,44.713142,16.203999,18,3,6,0,0,59195.0275,56814.845,54699.7340625
2023-06-22 19:00:00+02:00,58051.354999999996,59747.57,26.6,47.868908,12.959999,19,3,6,0,0,58651.6975,56883.225,54699.462083333325
2023-06-22 20:00:00+02:00,54455.35,57609.075,25.65,53.99511,9.693296,20,3,6,0,0,56428.0275,55256.4225,54674.447812499995
2023-06-22 21:00:00+02:00,51717.56,55090.6125,24.25,54.513916,16.78156,21,3,6,0,0,53907.205,53236.1875,54592.25291666667
2023-06-22 22:00:00+02:00,49636.072499999995,52322.2325,22.8,54.679268,13.358861,22,3,6,0,0,51813.0625,50500.2725,54501.01770833333
2023-06-22 23:00:00+02:00,46695.2525,48404.1025,20.5,68.920296,20.188908,23,3,6,0,0,48080.0425,46693.025,54410.30979166667
2023-06-23 00:00:00+02:00,45089.1725,46428.3925,20.4,64.36535,22.35481,0,4,6,0,0,45067.82,43678.5,54352.61020833333
2023-06-23 01:00:00+02:00,42886.1275,44656.22,20.25,63.49862,21.24305,1,4,6,0,0,43070.435,41977.33,54353.49989583332
2023-06-23 02:00:00+02:00,41639.28,43662.075,18.4,84.01492,20.192118,2,4,6,0,0,42249.6475,41151.8525,54345.82041666668
2023-06-23 03:00:00+02:00,41501.76,43888.21,18.2,85.07539,20.545246,3,4,6,0,0,42527.0025,41573.21,54320.3884375
2023-06-23 04:00:00+02:00,41705.76,45149.43,17.9,91.23513,16.965895,4,4,6,0,0,43196.25,41900.505,54277.670000000006
2023-06-23 05:00:00+02:00,44048.295,47256.4925,17.85,93.877716,10.464797,5,4,6,0,0,45468.587499999994,44217.685,54215.566249999996
2023-06-23 06:00:00+02:00,50922.7,53589.8925,17.85,93.58043,11.435313,6,4,6,0,0,51715.369999999995,51015.9525,54156.387395833335
2023-06-23 07:00:00+02:00,56226.125,58696.17,17.9,93.58285,12.904882,7,4,6,0,0,56854.37,56248.0025,54123.35947916666
2023-06-23 08:00:00+02:00,59181.399999999994,61264.885,17.9,93.2865,14.88242,8,4,6,0,0,60374.985,59098.0375,54097.18260416667
2023-06-23 09:00:00+02:00,60015.9125,62232.5375,18.15,92.70978,15.7908325,9,4,6,0,0,61377.19,59558.052500000005,54047.44989583333
2023-06-23 10:00:00+02:00,60881.005000000005,62387.3775,18.4,93.016884,13.276144,10,4,6,0,0,62164.03,59965.1025,53990.73
2023-06-23 11:00:00+02:00,61389.6525,62308.67,18.1,93.29644,15.575981,11,4,6,0,0,63577.295,60664.520000000004,53937.270625
2023-06-23 12:00:00+02:00,60797.53,62327.212499999994,18.55,93.31876,17.782686,12,4,6,0,0,63696.4325,60042.92,53846.11885416667
2023-06-23 13:00:00+02:00,59511.9325,62092.6075,18.7,91.86511,17.076298,13,4,6,0,0,62957.1,59061.7225,53725.331249999996
2023-06-23 14:00:00+02:00,57812.61,60470.36,18.45,90.69379,19.592731,14,4,6,0,0,61515.6225,57599.1075,53581.78260416668
2023-06-23 15:00:00+02:00,56857.295,58977.655,17.85,89.219536,21.605999,15,4,6,0,0,60513.19,57167.119999999995,53427.49041666667
2023-06-23 16:00:00+02:00,56144.65,57648.995,18.1,89.23909,21.316135,16,4,6,0,0,59019.7175,56411.195,53275.161458333336
2023-06-23 17:00:00+02:00,56074.6325,57468.8125,17.55,88.62714,19.70815,17,4,6,0,0,59373.51,55908.8525,53155.36697916667
2023-06-23 18:00:00+02:00,55904.365,57357.042499999996,17.4,88.61477,16.279802,18,4,6,0,0,59188.5,55582.21,53017.91375000001
2023-06-23 19:00:00+02:00,54892.67,56749.985,17.8,86.6849,19.386593,19,4,6,0,0,58051.354999999996,54988.915,52881.07479166667
2023-06-23 20:00:00+02:00,52286.0425,54791.4125,17.7,83.66613,16.311613,20,4,6,0,0,54455.35,52841.07,52749.46291666667
2023-06-23 21:00:00+02:00,49819.9025,52358.69,17.1,89.734474,11.681987,21,4,6,0,0,51717.56,50428.345,52659.075104166666
2023-06-23 22:00:00+02:00,47762.9725,50401.875,17.0,90.01533,8.78872,22,4,6,0,0,49636.072499999995,48239.5425,52580.00604166667
2023-06-23 23:00:00+02:00,44597.695,47319.995,16.85,90.00435,10.787993,23,4,6,0,0,46695.2525,44918.5625,52501.96020833333
2023-06-24 00:00:00+02:00,42094.3975,43254.3775,16.6,89.12103,12.43434,0,5,6,1,0,45089.1725,42290.6575,52414.56197916667
2023-06-24 01:00:00+02:00,39963.8975,41121.0925,15.95,92.88866,10.931203,1,5,6,1,0,42886.1275,40448.315,52289.779687500006
2023-06-24 02:00:00+02:00,38296.0175,39384.725,15.9,93.18581,8.654986,2,5,6,1,0,41639.28,39042.990000000005,52168.020104166666
2023-06-24 03:00:00+02:00,37416.18,38554.275,15.5,95.91003,8.759178,3,5,6,1,0,41501.76,38457.802500000005,52028.7175
2023-06-24 04:00:00+02:00,37129.0025,38473.46,15.4,96.52689,9.885262,4,5,6,1,0,41705.76,38017.3525,51858.48499999999
2023-06-24 05:00:00+02:00,37165.667499999996,38556.042499999996,15.05,95.27798,11.27553,5,5,6,1,0,44048.295,37696.2975,51667.78677083333
2023-06-24 06:00:00+02:00,39144.792499999996,40400.0625,14.8,93.12946,12.904882,6,5,6,1,0,50922.7,39543.715,51381.010624999995
2023-06-24 07:00:00+02:00,41906.759999999995,43643.6525,15.6,88.464714,13.608762,7,5,6,1,0,56226.125,42609.6725,50890.26447916666
2023-06-24 08:00:00+02:00,45472.98,46735.325,16.45,85.44096,13.493999,8,5,6,1,0,59181.399999999994,45912.729999999996,50293.62427083333
2023-06-24 09:00:00+02:00,47453.4025,49328.075,18.05,76.97046,11.457958,9,5,6,1,0,60015.9125,48138.81,49722.440104166664
2023-06-24 10:00:00+02:00,49005.875,51033.277500000004,19.15,72.31797,13.708391,10,5,6,1,0,60881.005000000005,49793.7025,49199.0021875
2023-06-24 11:00:00+02:00,50126.1575,51880.635,19.95,67.92489,14.118243,11,5,6,1,0,61389.6525,50413.1225,48704.20510416667
2023-06-24 12:00:00+02:00,49648.205,51655.0325,20.9,60.607597,13.854155,12,5,6,1,0,60797.53,49294.25,48234.8928125
2023-06-24 13:00:00+02:00,48344.3525,50375.177500000005,21.9,57.567543,13.089354,13,5,6,1,0,59511.9325,47566.86,47770.33760416667
2023-06-24 14:00:00+02:00,47028.4375,49074.7775,22.85,54.1592,12.24,14,5,6,1,0,57812.61,46470.0575,47305.02177083333
2023-06-24 15:00:00+02:00,46413.9825,48439.8975,23.7,50.615177,12.096214,15,5,6,1,0,56857.295,46210.86,46855.68125
2023-06-24 16:00:00+02:00,46208.8075,47629.0625,24.25,48.017162,13.246826,16,5,6,1,0,56144.65,45764.2325,46420.54322916667
2023-06-24 17:00:00+02:00,46557.7775,47544.729999999996,24.55,45.33847,14.982228,17,5,6,1,0,56074.6325,46276.7225,46006.54979166666
2023-06-24 18:00:00+02:00,46648.115,47938.7075,24.35,45.88458,13.584932,18,5,6,1,0,55904.365,47032.325,45610.01416666667
2023-06-24 19:00:00+02:00,46005.722499999996,47360.1825,23.8,49.983307,10.028439,19,5,6,1,0,54892.67,46752.845,45224.33708333334
2023-06-24 20:00:00+02:00,44659.365000000005,46302.94,22.3,56.91897,10.08,20,5,6,1,0,52286.0425,45244.354999999996,44854.04760416666
2023-06-24 21:00:00+02:00,42973.3,44589.55,19.75,68.327,6.5693827,21,5,6,1,0,49819.9025,44247.990000000005,44536.269375
2023-06-24 22:00:00+02:00,42017.3875,43683.2625,17.7,75.67424,9.422101,22,5,6,1,0,47762.9725,43403.65,44250.99427083333
2023-06-24 23:00:00+02:00,39838.8625,41407.5025,16.8,80.366585,9.360001,23,5,6,1,0,44597.695,41225.0675,44011.59489583334
2023-06-25 00:00:00+02:00,37486.765,38709.0725,16.45,80.84497,7.729527,0,6,6,1,0,42094.3975,38668.7525,43813.310208333336
2023-06-25 01:00:00+02:00,35534.845,36778.16,15.85,82.907715,7.208994,1,6,6,1,0,39963.8975,36670.4925,43621.325520833336
2023-06-25 02:00:00+02:00,34379.854999999996,35542.325,15.35,88.73201,5.8603754,2,6,6,1,0,38296.0175,35450.05,43436.78166666667
2023-06-25 03:00:00+02:00,33905.0775,35053.89,14.85,90.44432,5.506941,3,6,6,1,0,37416.18,34733.68,43273.60822916667
2023-06-25 04:00:00+02:00,33569.7975,34782.6225,16.35,84.054596,4.6938252,4,6,6,1,0,37129.0025,31278.372499999998,43127.31229166667
2023-06-25 05:00:00+02:00,33120.9225,34139.565,15.55,90.493614,6.696387,5,6,6,1,0,37165.667499999996,34200.945,42979.012083333335
2023-06-25 06:00:00+02:00,34402.92,35126.955,16.85,84.657295,3.0758414,6,6,6,1,0,39144.792499999996,35172.5575,42810.481041666666
2023-06-25 07:00:00+02:00,37083.635,37755.042499999996,18.15,82.91551,3.671294,7,6,6,1,0,41906.759999999995,37439.6,42612.903020833335
2023-06-25 08:00:00+02:00,40181.9075,40660.255,19.5,76.209854,2.4149535,8,6,6,1,0,45472.98,40805.575,42411.93947916667
2023-06-25 09:00:00+02:00,42422.7675,43479.6575,21.5,68.23615,1.609969,9,6,6,1,0,47453.4025,43244.065,42191.478125
2023-06-25 10:00:00+02:00,44145.887500000004,45347.8775,22.85,64.07011,1.609969,10,6,6,1,0,49005.875,44776.035,41981.86833333333
2023-06-25 11:00:00+02:00,45576.03,46809.674999999996,23.9,60.521877,5.692099,11,6,6,1,0,50126.1575,45894.28,41779.36885416667
2023-06-25 12:00:00+02:00,45339.515,47106.2625,24.45,60.263752,6.193674,12,6,6,1,0,49648.205,45952.725,41589.78020833333
2023-06-25 13:00:00+02:00,44113.4575,46841.655,25.25,58.0051,6.6087217,13,6,6,1,0,48344.3525,44512.8775,41410.25145833333
2023-06-25 14:00:00+02:00,42939.595,46460.24,25.6,49.32954,6.489992,14,6,6,1,0,47028.4375,44203.8725,41233.964166666665
2023-06-25 15:00:00+02:00,42160.7975,45388.1425,26.25,46.70426,6.439876,15,6,6,1,0,46413.9825,43855.1775,41063.595729166664
2023-06-25 16:00:00+02:00,41865.8075,44361.8475,26.25,47.77514,7.9036193,16,6,6,1,0,46208.8075,43789.845,40886.379687500004
2023-06-25 17:00:00+02:00,43380.965,45187.155,26.3,49.514843,7.42159,17,6,6,1,0,46557.7775,45106.2675,40705.42135416667
2023-06-25 18:00:00+02:00,44802.520000000004,46385.935,26.1,49.30272,4.8965297,18,6,6,1,0,46648.115,46257.207500000004,40573.05416666667
2023-06-25 19:00:00+02:00,46485.192500000005,46557.4825,25.8,50.024563,3.2399998,19,6,6,1,0,46005.722499999996,46512.854999999996,40496.154375000006
2023-06-25 20:00:00+02:00,46092.4075,46502.4525,24.95,62.125725,2.3051248,20,6,6,1,0,44659.365000000005,46126.520000000004,40516.13229166667
2023-06-25 21:00:00+02:00,45358.1025,45447.472499999996,23.4,67.74968,4.3349743,21,6,6,1,0,42973.3,46124.7825,40575.84239583334
2023-06-25 22:00:00+02:00,45724.4925,44706.235,20.75,73.77483,6.489992,22,6,6,1,0,42017.3875,45975.3775,40675.20916666667
2023-06-25 23:00:00+02:00,42570.119999999995,41774.455,20.4,72.775536,10.538843,23,6,6,1,0,39838.8625,42655.125,40829.671875
2023-06-26 00:00:00+02:00,39547.94,40151.167499999996,19.6,75.49499,8.587338,0,0,6,0,0,37486.765,39004.380000000005,40943.47427083333
2023-06-26 01:00:00+02:00,38343.275,38336.9925,18.75,79.09057,7.145796,1,0,6,0,0,35534.845,38427.9475,41029.3565625
2023-06-26 02:00:00+02:00,37592.9525,38064.3875,19.45,83.865715,9.290511,2,0,6,0,0,34379.854999999996,37581.3275,41146.37447916667
2023-06-26 03:00:00+02:00,37825.66,39818.847499999996,18.3,88.97132,7.5942082,3,0,6,0,0,33905.0775,37243.2475,41280.253541666665
2023-06-26 04:00:00+02:00,38889.307499999995,41673.43,17.85,91.5226,7.5942082,4,0,6,0,0,33569.7975,37509.2675,41443.61114583333
2023-06-26 05:00:00+02:00,41943.075,43856.020000000004,17.9,91.23513,7.10031,5,0,6,0,0,33120.9225,40420.2175,41665.25739583333
2023-06-26 06:00:00+02:00,49455.520000000004,50997.9,18.5,88.98724,8.373386,6,0,6,0,0,34402.92,49577.165,42032.847083333334
2023-06-26 07:00:00+02:00,55010.66,57459.37,19.8,87.14808,10.028439,7,0,6,0,0,37083.635,55331.6275,42660.03875
2023-06-26 08:00:00+02:00,58807.04,60670.1825,21.45,82.00855,8.534353,8,0,6,0,0,40181.9075,58770.8975,43406.998125
2023-06-26 09:00:00+02:00,60643.005,61915.015,23.5,72.17711,10.966713,9,0,6,0,0,42422.7675,60668.3725,44183.0453125
2023-06-26 10:00:00+02:00,61893.2725,63363.2975,25.1,63.1479,11.384199,10,0,6,0,0,44145.887500000004,61685.240000000005,44942.221874999996
2023-06-26 11:00:00+02:00,62268.5,64740.7575,26.4,58.279423,11.966954,11,0,6,0,0,45576.03,62706.8675,45681.69625
2023-06-26 12:00:00+02:00,62101.4225,65039.2525,27.4,50.283356,12.7279215,12,0,6,0,0,45339.515,61865.1325,46377.21583333333
2023-06-26 13:00:00+02:00,61719.082500000004,64406.2475,28.1,47.808903,11.874544,13,0,6,0,0,44113.4575,61374.81,47075.62864583334
2023-06-26 14:00:00+02:00,60807.3675,62752.445,29.1,40.970238,10.587918,14,0,6,0,0,42939.595,60532.6225,47809.19635416667
2023-06-26 15:00:00+02:00,59954.75,59729.2325,29.25,42.217487,12.387348,15,0,6,0,0,42160.7975,59289.15,48553.68687500001
2023-06-26 16:00:00+02:00,58965.46,60079.8725,23.8,70.22008,23.950148,16,0,6,0,0,41865.8075,58254.83,49295.1015625
2023-06-26 17:00:00+02:00,58988.2425,59887.265,24.6,66.93019,18.0,17,0,6,0,0,43380.965,58334.36,50007.58708333334
2023-06-26 18:00:00+02:00,58455.295,59433.6475,23.05,69.63686,21.889065,18,0,6,0,0,44802.520000000004,58154.84,50657.8903125
2023-06-26 19:00:00+02:00,57554.8125,58500.7825,22.8,70.92302,16.363178,19,0,6,0,0,46485.192500000005,57941.932499999995,51226.755937500006
2023-06-26 20:00:00+02:00,56256.7125,56647.1625,21.95,67.67348,17.58481,20,0,6,0,0,46092.4075,55955.455,51687.990104166674
2023-06-26 21:00:00+02:00,54259.1425,54007.0775,20.7,70.078354,13.70839,21,0,6,0,0,45358.1025,53704.2275,52111.5028125
2023-06-26 22:00:00+02:00,52248.009999999995,52115.07,19.65,68.52933,11.200571,22,0,6,0,0,45724.4925,51023.8625,52482.37947916667
2023-06-26 23:00:00+02:00,48410.0925,48812.2325,19.3,63.495247,13.70839,23,0,6,0,0,42570.119999999995,47467.6975,52754.192708333336
2023-06-27 00:00:00+02:00,46078.925,42711.1725,18.75,57.170883,17.727943,0,1,6,0,0,39547.94,44760.295,52997.52489583333
2023-06-27 01:00:00+02:00,43775.89,40978.3775,17.75,63.993084,20.799152,1,1,6,0,0,38343.275,43268.5075,53269.64927083333
2023-06-27 02:00:00+02:00,42798.68,39697.975,16.4,73.98345,15.509274,2,1,6,0,0,37592.9525,42606.8575,53496.00822916667
2023-06-27 03:00:00+02:00,42912.4425,39925.4275,15.8,78.404884,15.827721,3,1,6,0,0,37825.66,42049.785,53712.91354166667
2023-06-27 04:00:00+02:00,43536.1375,41480.7375,15.3,80.69076,17.418196,4,1,6,0,0,38889.307499999995,42960.1175,53924.86281249999
2023-06-27 05:00:00+02:00,45500.8975,44353.685,14.4,84.3867,16.676977,5,1,6,0,0,41943.075,45103.9775,54118.48072916667
2023-06-27 06:00:00+02:00,52443.7975,51288.72,14.5,83.56712,18.0036,6,1,6,0,0,49455.520000000004,52131.8725,54266.723333333335
2023-06-27 07:00:00+02:00,56911.4375,57621.225,15.2,79.09593,18.775301,7,1,6,0,0,55010.66,57398.575,54391.23489583333
2023-06-27 08:00:00+02:00,59277.255,60435.3025,16.1,73.93134,21.129885,8,1,6,0,0,58807.04,60860.83,54470.43395833333
2023-06-27 09:00:00+02:00,59695.2375,61924.6275,17.25,66.48456,22.668568,9,1,6,0,0,60643.005,61113.5725,54490.02625
2023-06-27 10:00:00+02:00,60186.4925,63735.715,18.2,63.039497,22.148045,10,1,6,0,0,61893.2725,61603.9975,54450.535937500004
2023-06-27 11:00:00+02:00,61501.83,64866.55,19.25,59.034412,22.19773,11,1,6,0,0,62268.5,62635.525,54379.42010416667
2023-06-27 12:00:00+02:00,60408.815,65061.6875,20.05,54.337826,22.668568,12,1,6,0,0,62101.4225,61872.2275,54347.47552083334
2023-06-27 13:00:00+02:00,59638.735,64484.4475,20.45,50.420467,22.61419,13,1,6,0,0,61719.082500000004,61984.0775,54276.95020833333
2023-06-27 14:00:00+02:00,58695.38,62517.555,18.35,57.455235,20.364674,14,1,6,0,0,60807.3675,61758.4725,54190.26906249999
2023-06-27 15:00:00+02:00,58202.475,59180.3475,19.7,50.2193,25.14852,15,1,6,0,0,59954.75,60904.85,54102.269583333335
2023-06-27 16:00:00+02:00,56842.485,59337.86,18.5,56.537502,26.674032,16,1,6,0,0,58965.46,60417.01,54029.25812499999
2023-06-27 17:00:00+02:00,57968.4475,59013.417499999996,19.4,51.68363,22.127556,17,1,6,0,0,58988.2425,60133.6425,53940.800833333335
2023-06-27 18:00:00+02:00,58177.41,58792.67,19.45,52.045834,20.945072,18,1,6,0,0,58455.295,59529.229999999996,53898.309375000004
2023-06-27 19:00:00+02:00,57627.405,58006.615000000005,17.9,62.55412,20.945072,19,1,6,0,0,57554.8125,58951.380000000005,53886.73083333333
2023-06-27 20:00:00+02:00,55998.4975,56085.649999999994,17.0,67.769394,16.700275,20,1,6,0,0,56256.7125,55909.92,53889.75552083333
2023-06-27 21:00:00+02:00,54063.21,53516.0375,16.25,68.98139,19.211996,21,1,6,0,0,54259.1425,53990.6175,53878.9965625
2023-06-27 22:00:00+02:00,51951.335,51468.5525,15.6,73.844185,17.076298,22,1,6,0,0,52248.009999999995,50992.345,53870.83270833333
2023-06-27 23:00:00+02:00,48993.5175,48085.28,14.6,77.96614,14.618837,23,1,6,0,0,48410.0925,47952.7,53858.471249999995
2023-06-28 00:00:00+02:00,45397.8525,42902.0475,14.4,79.24265,14.799459,0,2,6,0,0,46078.925,45309.99,53882.78062500001
2023-06-28 01:00:00+02:00,43418.5075,41487.63,14.4,78.979744,16.575644,1,2,6,0,0,43775.89,44326.567500000005,53854.40260416667
2023-06-28 02:00:00+02:00,42824.7475,40568.6025,14.25,77.39506,14.759999,2,2,6,0,0,42798.68,42968.88,53839.511666666665
2023-06-28 03:00:00+02:00,42929.955,40789.6775,13.75,80.74867,16.279802,3,2,6,0,0,42912.4425,43076.575,53840.5978125
2023-06-28 04:00:00+02:00,43365.92,42100.9075,13.35,82.87772,16.62249,4,2,6,0,0,43536.1375,43881.135,53841.32750000001
2023-06-28 05:00:00+02:00,45881.7175,44552.494999999995,12.9,84.781334,16.766108,5,2,6,0,0,45500.8975,45806.885,53834.23510416666
2023-06-28 06:00:00+02:00,52780.04,50882.845,13.4,82.33337,18.161278,6,2,6,0,0,52443.7975,52756.7875,53850.10260416666
2023-06-28 07:00:00+02:00,57766.1025,56346.7675,14.25,78.173004,20.833395,7,2,6,0,0,56911.4375,57672.96,53864.112708333334
2023-06-28 08:00:00+02:00,60157.7825,59071.2825,15.2,73.2842,24.48,8,2,6,0,0,59277.255,60646.409999999996,53899.723750000005
2023-06-28 09:00:00+02:00,60384.155,59790.5675,16.75,64.62944,24.881702,9,2,6,0,0,59695.2375,61971.604999999996,53936.41239583333
2023-06-28 10:00:00+02:00,60762.8275,61466.89,18.2,56.84282,24.696102,10,2,6,0,0,60186.4925,62904.322499999995,53965.11729166666
2023-06-28 11:00:00+02:00,61562.77250000001,63287.745,19.45,52.22108,24.248611,11,2,6,0,0,61501.83,64625.4,53989.13125
2023-06-28 12:00:00+02:00,60792.1575,63414.645,20.25,49.030716,22.961115,12,2,6,0,0,60408.815,64828.9925,53991.67052083334
2023-06-28 13:00:00+02:00,59566.31,62423.225,20.9,47.263874,22.725668,13,2,6,0,0,59638.735,63050.7675,54007.643125
2023-06-28 14:00:00+02:00,58487.26,60929.205,20.75,51.867035,19.373219,14,2,6,0,0,58695.38,62043.59,54004.62541666667
2023-06-28 15:00:00+02:00,57622.3825,58833.1375,21.3,49.977062,20.65848,15,2,6,0,0,58202.475,61427.1325,53995.95374999999
2023-06-28 16:00:00+02:00,56849.2025,57264.935,22.0,47.564957,20.12461,16,2,6,0,0,56842.485,59996.9925,53971.78322916667
2023-06-28 17:00:00+02:00,56885.365,56786.869999999995,21.9,47.06367,20.111729,17,2,6,0,0,57968.4475,59961.0775,53972.06312500001
2023-06-28 18:00:00+02:00,56527.6225,56535.4925,22.05,44.497353,17.377226,18,2,6,0,0,58177.41,59195.0275,53926.934687500005
2023-06-28 19:00:00+02:00,56030.42,55741.645000000004,21.45,50.18398,14.264361,19,2,6,0,0,57627.405,58651.6975,53858.19354166667
2023-06-28 20:00:00+02:00,53919.78,53811.3775,20.6,56.12618,8.714677,20,2,6,0,0,55998.4975,56428.0275,53791.652500000004
2023-06-28 21:00:00+02:00,51822.335,51160.685,18.7,64.62792,6.4096174,21,2,6,0,0,54063.21,53907.205,53705.03927083333
2023-06-28 22:00:00+02:00,49804.5475,48701.8225,16.1,76.16084,9.339208,22,2,6,0,0,51951.335,51813.0625,53611.669479166674
2023-06-28 23:00:00+02:00,46720.815,45389.775,17.0,68.90221,6.1305785,23,2,6,0,0,48993.5175,48080.0425,53522.22
2023-06-29 00:00:00+02:00,44021.06,42588.765,15.7,76.09617,5.4477882,0,3,6,0,0,45397.8525,45067.82,53427.52406249999
2023-06-29 01:00:00+02:00,42271.1425,41293.25,14.45,83.01129,6.638072,1,3,6,0,0,43418.5075,43070.435,53370.15770833333
2023-06-29 02:00:00+02:00,41165.0625,40606.525,13.5,90.94519,6.12,2,3,6,0,0,42824.7475,42249.6475,53322.35083333333
2023-06-29 03:00:00+02:00,40979.5875,40726.0175,12.75,92.41011,7.127636,3,3,6,0,0,42929.955,42527.0025,53253.19729166667
2023-06-29 04:00:00+02:00,41750.7625,41868.675,12.45,93.93425,6.618519,4,3,6,0,0,43365.92,43196.25,53171.931979166664
2023-06-29 05:00:00+02:00,44119.82,44029.0475,11.85,96.11229,7.289444,5,3,6,0,0,45881.7175,45468.587499999994,53104.63375
2023-06-29 06:00:00+02:00,50990.8225,50701.095,13.55,92.152466,7.2359104,6,3,6,0,0,52780.04,51715.369999999995,53031.221354166664
2023-06-29 07:00:00+02:00,56235.55,55579.535,15.25,87.004814,5.0142193,7,3,6,0,0,57766.1025,56854.37,52956.670625
2023-06-29 08:00:00+02:00,59446.5075,57911.8975,17.2,80.420906,4.829907,8,3,6,0,0,60157.7825,60374.985,52892.89760416667
2023-06-29 09:00:00+02:00,60948.34,58513.965,19.25,72.805786,5.815978,9,3,6,0,0,60384.155,61377.19,52863.261145833334
2023-06-29 10:00:00+02:00,61522.53,59789.88,21.15,64.11198,8.311245,10,3,6,0,0,60762.8275,62164.03,52886.768854166665
2023-06-29 11:00:00+02:00,62145.7725,61128.3,22.65,55.17896,11.304229,11,3,6,0,0,61562.77250000001,63577.295,52918.423125
2023-06-29 12:00:00+02:00,62073.835,61077.05,22.85,52.76091,10.538843,12,3,6,0,0,60792.1575,63696.4325,52942.71479166666
2023-06-29 13:00:00+02:00,61859.167499999996,60514.34,22.65,54.99922,10.464798,13,3,6,0,0,59566.31,62957.1,52996.11802083333
2023-06-29 14:00:00+02:00,60317.92,59048.8775,22.8,55.940434,7.9036193,14,3,6,0,0,58487.26,61515.6225,53091.653750000005
2023-06-29 15:00:00+02:00,59131.8525,57451.287500000006,23.4,55.72725,8.587338,15,3,6,0,0,57622.3825,60513.19,53167.93125
2023-06-29 16:00:00+02:00,58426.380000000005,56749.167499999996,23.95,52.872578,6.9153743,16,3,6,0,0,56849.2025,59019.7175,53230.825833333336
2023-06-29 17:00:00+02:00,58341.6575,56133.807499999995,24.8,49.27701,6.9247384,17,3,6,0,0,56885.365,59373.51,53296.541562499995
2023-06-29 18:00:00+02:00,58231.91,55345.415,24.55,50.34545,10.086427,18,3,6,0,0,56527.6225,59188.5,53357.220416666656
2023-06-29 19:00:00+02:00,57317.125,55019.542499999996,24.25,51.929,9.659814,19,3,6,0,0,56030.42,58051.354999999996,53428.232395833336
2023-06-29 20:00:00+02:00,55338.5375,53547.715,23.4,61.579044,4.6938252,20,3,6,0,0,53919.78,54455.35,53481.84510416666
2023-06-29 21:00:00+02:00,52875.4025,50757.1925,21.25,73.860504,7.69592,21,3,6,0,0,51822.335,51717.56,53540.95999999999
2023-06-29 22:00:00+02:00,50530.4525,48212.37,21.35,64.78081,6.489992,22,3,6,0,0,49804.5475,49636.072499999995,53584.837812499994
2023-06-29 23:00:00+02:00,47291.7075,45112.104999999996,21.3,63.730865,3.319036,23,3,6,0,0,46720.815,46695.2525,53615.08385416667
2023-06-30 00:00:00+02:00,44416.792499999996,45204.412500000006,18.75,77.57761,4.829907,0,4,6,0,0,44021.06,45089.1725,53638.871041666665
2023-06-30 01:00:00+02:00,42856.2175,43628.8975,18.95,77.857994,5.0528407,1,4,6,0,0,42271.1425,42886.1275,53655.35989583333
2023-06-30 02:00:00+02:00,41745.47,42789.015,19.35,81.74594,8.669949,2,4,6,0,0,41165.0625,41639.28,53679.73802083333
2023-06-30 03:00:00+02:00,42223.0775,42825.8975,19.2,83.837425,8.350138,3,4,6,0,0,40979.5875,41501.76,53703.92166666666
2023-06-30 04:00:00+02:00,42772.835,44103.265,18.55,88.427795,6.725354,4,4,6,0,0,41750.7625,41705.76,53755.73375000001
2023-06-30 05:00:00+02:00,45012.81,46502.2225,18.3,91.26079,4.2136917,5,4,6,0,0,44119.82,44048.295,53798.32010416667
2023-06-30 06:00:00+02:00,51640.0325,52811.7525,18.35,92.42759,3.2599385,6,4,6,0,0,50990.8225,50922.7,53835.528020833335
2023-06-30 07:00:00+02:00,56858.1925,56684.4875,18.7,91.28635,5.1544156,7,4,6,0,0,56235.55,56226.125,53862.5784375
2023-06-30 08:00:00+02:00,59466.2925,58585.5125,19.6,86.307785,8.766573,8,4,6,0,0,59446.5075,59181.399999999994,53888.521875
2023-06-30 09:00:00+02:00,60283.2575,59639.37,20.55,80.61214,10.296251,9,4,6,0,0,60948.34,60015.9125,53889.346249999995
2023-06-30 10:00:00+02:00,61062.81,60684.6725,21.05,79.66647,10.383987,10,4,6,0,0,61522.53,60881.005000000005,53861.63447916667
2023-06-30 11:00:00+02:00,61655.8925,60922.33,21.25,77.21601,10.805998,11,4,6,0,0,62145.7725,61389.6525,53842.47947916667
2023-06-30 12:00:00+02:00,60504.31,60619.635,21.55,71.82624,10.703569,12,4,6,0,0,62073.835,60797.53,53822.067812500005
2023-06-30 13:00:00+02:00,58952.715000000004,59700.9825,20.25,78.30056,9.983106,13,4,6,0,0,61859.167499999996,59511.9325,53756.67093749999
2023-06-30 14:00:00+02:00,56976.067500000005,58464.1525,18.6,87.59292,14.168641,14,4,6,0,0,60317.92,57812.61,53635.56875
2023-06-30 15:00:00+02:00,56237.4475,57583.1225,20.3,78.55743,12.879752,15,4,6,0,0,59131.8525,56857.295,53496.32489583333
2023-06-30 16:00:00+02:00,55647.4025,56963.5875,20.5,73.02691,14.84318,16,4,6,0,0,58426.380000000005,56144.65,53375.72468749999
2023-06-30 17:00:00+02:00,55444.445,57254.22,20.25,71.35885,13.905509,17,4,6,0,0,58341.6575,56074.6325,53259.933958333335
2023-06-30 18:00:00+02:00,55249.255,57229.3775,20.0,71.082924,13.207634,18,4,6,0,0,58231.91,55904.365,53139.216770833336
2023-06-30 19:00:00+02:00,54093.145000000004,56027.3275,19.85,70.369255,11.525623,19,4,6,0,0,57317.125,54892.67,53014.939479166664
2023-06-30 20:00:00+02:00,51827.755,53742.56,19.45,70.06535,8.707238,20,4,6,0,0,55338.5375,52286.0425,52880.60697916666
2023-06-30 21:00:00+02:00,49404.515,51475.3425,18.25,78.76432,4.379589,21,4,6,0,0,52875.4025,49819.9025,52734.324375000004
2023-06-30 22:00:00+02:00,47287.1125,49564.7175,16.7,87.422,6.725354,22,4,6,0,0,50530.4525,47762.9725,52589.7040625
2023-06-30 23:00:00+02:00,44180.43,46356.604999999996,17.7,79.7109,3.319036,23,4,6,0,0,47291.7075,44597.695,52454.56489583334
2023-07-01 00:00:00+02:00,41299.28,42017.2525,17.25,82.539925,1.609969,0,5,7,1,0,44416.792499999996,42094.3975,52324.92833333334
2023-07-01 01:00:00+02:00,39265.8125,40312.04,16.05,88.78949,3.671294,1,5,7,1,0,42856.2175,39963.8975,52195.03197916667
2023-07-01 02:00:00+02:00,38016.19,39006.1875,16.7,89.99337,6.193674,2,5,7,1,0,41745.47,38296.0175,52045.43177083333
2023-07-01 03:00:00+02:00,37417.7225,38395.0225,16.6,90.56682,6.792466,3,5,7,1,0,42223.0775,37416.18,51890.04510416667
2023-07-01 04:00:00+02:00,37484.525,38616.395,15.35,96.525536,7.5685663,4,5,7,1,0,42772.835,37129.0025,51689.82197916667
2023-07-01 05:00:00+02:00,38146.817500000005,38546.685,15.15,91.05556,2.8116899,5,5,7,1,0,45012.81,37165.667499999996,51469.47572916667
2023-07-01 06:00:00+02:00,40131.705,40335.54,15.7,92.27751,7.9526596,6,5,7,1,0,51640.0325,39144.792499999996,51183.39270833333
2023-07-01 07:00:00+02:00,42561.119999999995,43317.4725,16.5,91.144356,8.049845,7,5,7,1,0,56858.1925,41906.759999999995,50703.8790625
2023-07-01 08:00:00+02:00,45574.32,46363.485,17.7,85.29591,8.225035,8,5,7,1,0,59466.2925,45472.98,50108.16770833334
2023-07-01 09:00:00+02:00,48245.3675,48377.705,19.1,74.2057,10.144082,9,5,7,1,0,60283.2575,47453.4025,49529.335520833345
2023-07-01 10:00:00+02:00,50491.9125,50235.0775,20.4,60.292507,12.4811535,10,5,7,1,0,61062.81,49005.875,49027.75677083334
2023-07-01 11:00:00+02:00,51851.37,51423.14,21.5,50.197334,16.641972,11,5,7,1,0,61655.8925,50126.1575,48587.30270833333
2023-07-01 12:00:00+02:00,51410.515,51056.082500000004,22.65,44.963966,20.808498,12,5,7,1,0,60504.31,49648.205,48178.7809375
2023-07-01 13:00:00+02:00,49975.0175,50188.25,22.0,46.155716,18.971008,13,5,7,1,0,58952.715000000004,48344.3525,47799.8728125
2023-07-01 14:00:00+02:00,48453.395000000004,49304.49,23.4,42.825573,24.693481,14,5,7,1,0,56976.067500000005,47028.4375,47425.802083333336
2023-07-01 15:00:00+02:00,47776.31,48549.8525,23.75,43.354683,25.711662,15,5,7,1,0,56237.4475,46413.9825,47070.69072916667
2023-07-01 16:00:00+02:00,47330.07,47896.8775,22.95,49.75711,19.373219,16,5,7,1,0,55647.4025,46208.8075,46718.14333333334
2023-07-01 17:00:00+02:00,47763.66,48173.445,23.6,45.830338,19.64228,17,5,7,1,0,55444.445,46557.7775,46371.587812499994
2023-07-01 18:00:00+02:00,48192.4,48648.49,22.75,52.047684,16.58346,18,5,7,1,0,55249.255,46648.115,46051.55510416667
2023-07-01 19:00:00+02:00,47605.8425,48027.130000000005,22.45,54.948757,17.114204,19,5,7,1,0,54093.145000000004,46005.722499999996,45757.519479166665
2023-07-01 20:00:00+02:00,45986.805,46469.065,21.4,59.54856,19.319628,20,5,7,1,0,51827.755,44659.365000000005,45487.215208333335
2023-07-01 21:00:00+02:00,44281.88,44479.885,20.7,64.22174,17.727943,21,5,7,1,0,49404.515,42973.3,45243.84229166667
2023-07-01 22:00:00+02:00,43173.335,43818.6125,19.4,73.54159,15.990646,22,5,7,1,0,47287.1125,42017.3875,45030.39916666667
2023-07-01 23:00:00+02:00,40742.915,41717.100000000006,18.75,79.09057,17.0763,23,5,7,1,0,44180.43,39838.8625,44858.99177083333
2023-07-02 00:00:00+02:00,38787.4625,39315.335,18.15,81.856346,16.92383,0,6,7,1,0,41299.28,37486.765,44715.76197916667
2023-07-02 01:00:00+02:00,37152.0625,37645.1275,18.3,80.05197,18.671474,1,6,7,1,0,39265.8125,35534.845,44611.10291666666
2023-07-02 02:00:00+02:00,36105.265,36248.182499999995,17.25,88.31852,21.129885,2,6,7,1,0,38016.19,34379.854999999996,44523.03
2023-07-02 03:00:00+02:00,35820.87,35500.744999999995,16.85,90.58412,17.283749,3,6,7,1,0,37417.7225,33905.0775,44443.408124999994
2023-07-02 04:00:00+02:00,35259.1125,35534.275,16.35,89.67801,18.0036,4,6,7,1,0,37484.525,33569.7975,44376.872604166674
2023-07-02 05:00:00+02:00,35257.755000000005,35308.5175,15.9,88.77721,15.827721,5,6,7,1,0,38146.817500000005,33120.9225,44284.14708333334
2023-07-02 06:00:00+02:00,36310.45,36267.6125,15.85,87.62852,18.175545,6,6,7,1,0,40131.705,34402.92,44163.769479166665
2023-07-02 07:00:00+02:00,38531.1025,38641.445,16.3,84.87244,16.418526,7,6,7,1,0,42561.119999999995,37083.635,44004.55052083333
2023-07-02 08:00:00+02:00,41744.7925,41595.09,17.25,75.84819,22.530937,8,6,7,1,0,45574.32,40181.9075,43836.633125
2023-07-02 09:00:00+02:00,44205.8675,44806.1475,18.3,67.14583,24.336637,9,6,7,1,0,48245.3675,42422.7675,43677.06947916667
2023-07-02 10:00:00+02:00,46127.5,47459.2275,19.2,63.891827,23.664352,10,6,7,1,0,50491.9125,44145.887500000004,43508.75697916667
2023-07-02 11:00:00+02:00,48082.369999999995,49766.31,19.9,62.185867,23.584808,11,6,7,1,0,51851.37,45576.03,43326.90645833333
2023-07-02 12:00:00+02:00,47442.7475,50134.035,17.7,74.93773,24.64094,12,6,7,1,0,51410.515,45339.515,43169.86479166667
2023-07-02 13:00:00+02:00,46086.7475,48902.979999999996,19.9,63.837196,22.55106,13,6,7,1,0,49975.0175,44113.4575,43004.54114583333
2023-07-02 14:00:00+02:00,43979.595,47900.735,20.8,48.037704,33.121956,14,6,7,1,0,48453.395000000004,42939.595,42842.52989583334
2023-07-02 15:00:00+02:00,43282.32,47104.85,21.7,42.925392,31.698402,15,6,7,1,0,47776.31,42160.7975,42656.1215625
2023-07-02 16:00:00+02:00,43692.2575,46511.745,21.35,41.962708,33.127823,16,6,7,1,0,47330.07,41865.8075,42468.87197916667
2023-07-02 17:00:00+02:00,45199.8875,45950.975,21.05,43.77057,28.521906,17,6,7,1,0,47763.66,43380.965,42317.29645833333
2023-07-02 18:00:00+02:00,46462.1175,47290.0,20.35,46.47949,28.08,18,6,7,1,0,48192.4,44802.520000000004,42210.472604166665
2023-07-02 19:00:00+02:00,47483.0175,47679.4375,20.0,46.69835,26.28986,19,6,7,1,0,47605.8425,46485.192500000005,42138.3775
2023-07-02 20:00:00+02:00,46412.115000000005,47428.6575,19.25,50.098133,20.5484,20,6,7,1,0,45986.805,46092.4075,42133.259791666664
2023-07-02 21:00:00+02:00,45790.9075,46110.182499999995,18.1,53.109917,14.417988,21,6,7,1,0,44281.88,45358.1025,42150.981041666666
2023-07-02 22:00:00+02:00,45613.8625,45167.0,16.9,55.75373,12.224107,22,6,7,1,0,43173.335,45724.4925,42213.8571875
2023-07-02 23:00:00+02:00,43131.3275,42488.354999999996,16.35,56.56951,14.372974,23,6,7,1,0,40742.915,42570.119999999995,42315.54583333333
2023-07-03 00:00:00+02:00,40517.335,39848.5475,15.9,58.216537,13.37825,0,0,7,0,0,38787.4625,39547.94,42415.06302083333
2023-07-03 01:00:00+02:00,39387.630000000005,38384.375,14.8,62.900547,13.202726,1,0,7,0,0,37152.0625,38343.275,42487.14104166667
2023-07-03 02:00:00+02:00,38521.630000000005,37275.0125,14.45,68.15664,11.753876,2,0,7,0,0,36105.265,37592.9525,42580.28968750001
2023-07-03 03:00:00+02:00,38715.52,37726.5475,14.85,66.64537,13.493999,3,0,7,0,0,35820.87,37825.66,42680.9715625
2023-07-03 04:00:00+02:00,39946.1975,39675.399999999994,14.95,66.66661,13.004922,4,0,7,0,0,35259.1125,38889.307499999995,42801.581979166665
2023-07-03 05:00:00+02:00,43217.875,42654.8,14.9,67.33459,11.681987,5,0,7,0,0,35257.755000000005,41943.075,42996.8771875
2023-07-03 06:00:00+02:00,50760.31,49833.69,15.15,68.29991,10.182337,6,0,7,0,0,36310.45,49455.520000000004,43328.548854166664
2023-07-03 07:00:00+02:00,55905.935,55763.4975,15.55,67.696846,11.298495,7,0,7,0,0,38531.1025,55010.66,43930.62635416666
2023-07-03 08:00:00+02:00,59759.315,58735.71,16.05,71.27526,13.527572,8,0,7,0,0,41744.7925,58807.04,44654.57770833333
2023-07-03 09:00:00+02:00,61507.0325,59216.415,17.8,60.47899,19.255793,9,0,7,0,0,44205.8675,60643.005,45405.182812499996
2023-07-03 10:00:00+02:00,62567.6875,61134.1225,18.85,54.39293,23.933908,10,0,7,0,0,46127.5,61893.2725,46126.0646875
2023-07-03 11:00:00+02:00,62849.65,63347.5375,20.0,47.818768,23.83896,11,0,7,0,0,48082.369999999995,62268.5,46811.0725
2023-07-03 12:00:00+02:00,63006.847499999996,63705.4025,20.25,44.294243,28.348713,12,0,7,0,0,47442.7475,62101.4225,47426.37583333333
2023-07-03 13:00:00+02:00,61761.03,62807.5575,20.75,41.792637,27.210379,13,0,7,0,0,46086.7475,61719.082500000004,48074.880000000005
2023-07-03 14:00:00+02:00,59833.85,61679.13,21.3,40.542473,28.291512,14,0,7,0,0,43979.595,60807.3675,48727.97510416667
2023-07-03 15:00:00+02:00,59400.6,59820.979999999996,20.6,43.942047,26.299719,15,0,7,0,0,43282.32,59954.75,49388.5690625
2023-07-03 16:00:00+02:00,58910.5125,58458.925,21.4,39.611683,27.897097,16,0,7,0,0,43692.2575,58965.46,50060.1640625
2023-07-03 17:00:00+02:00,59154.605,57835.72,21.0,41.01454,25.671307,17,0,7,0,0,45199.8875,58988.2425,50694.25802083334
2023-07-03 18:00:00+02:00,58678.292499999996,57684.8975,20.5,43.91394,24.975283,18,0,7,0,0,46462.1175,58455.295,51275.70458333333
2023-07-03 19:00:00+02:00,57629.2775,56703.205,20.4,44.48745,21.862406,19,0,7,0,0,47483.0175,57554.8125,51784.711875
2023-07-03 20:00:00+02:00,55113.2425,54392.6475,19.75,47.42745,17.654688,20,0,7,0,0,46412.115000000005,56256.7125,52207.472708333335
2023-07-03 21:00:00+02:00,52587.8375,51517.3275,18.2,52.243492,11.726277,21,0,7,0,0,45790.9075,54259.1425,52570.0196875
2023-07-03 22:00:00+02:00,49703.66,49355.5925,16.35,60.33742,8.287822,22,0,7,0,0,45613.8625,52248.009999999995,52853.22510416666
2023-07-03 23:00:00+02:00,46513.99,46070.515,15.8,63.5566,8.707237,23,0,7,0,0,43131.3275,48410.0925,53023.63333333333
2023-07-04 00:00:00+02:00,44552.0375,41379.1275,15.05,68.50959,6.9153743,0,1,7,0,0,40517.335,46078.925,53164.57760416667
2023-07-04 01:00:00+02:00,44073.035,39833.0575,14.3,72.63378,8.373386,1,1,7,0,0,39387.630000000005,43775.89,53332.69020833333
2023-07-04 02:00:00+02:00,43189.36,39286.51,15.85,65.74417,10.8955765,2,1,7,0,0,38521.630000000005,42798.68,53527.91541666666
2023-07-04 03:00:00+02:00,42892.07,39570.7125,15.5,66.33523,11.609651,3,1,7,0,0,38715.52,42912.4425,53722.40416666667
2023-07-04 04:00:00+02:00,43846.15,40997.6225,15.45,63.908382,15.827721,4,1,7,0,0,39946.1975,43536.1375,53896.427083333336
2023-07-04 05:00:00+02:00,46448.9275,43769.5725,15.95,62.950333,20.371038,5,1,7,0,0,43217.875,45500.8975,54058.92510416667
2023-07-04 06:00:00+02:00,52954.6375,49731.1425,16.4,62.41964,23.4,6,1,7,0,0,50760.31,52443.7975,54193.552291666674
2023-07-04 07:00:00+02:00,57811.675,56410.182499999995,17.0,62.13937,20.291357,7,1,7,0,0,55905.935,56911.4375,54284.98260416667
2023-07-04 08:00:00+02:00,60254.4225,59586.682499999995,17.85,57.52427,24.40046,8,1,7,0,0,59759.315,59277.255,54364.3884375
2023-07-04 09:00:00+02:00,61259.322499999995,60314.165,18.85,53.485973,28.901073,9,1,7,0,0,61507.0325,59695.2375,54385.017916666664
2023-07-04 10:00:00+02:00,61502.09,62027.3925,19.25,52.168316,26.459389,10,1,7,0,0,62567.6875,60186.4925,54374.69666666666
2023-07-04 11:00:00+02:00,62161.317500000005,64112.425,19.85,50.940384,26.654589,11,1,7,0,0,62849.65,61501.83,54330.29677083334
2023-07-04 12:00:00+02:00,61047.60249999999,64322.41,20.65,48.646614,25.38702,12,1,7,0,0,63006.847499999996,60408.815,54301.61625
2023-07-04 13:00:00+02:00,60449.277500000004,63444.025,21.25,44.876537,27.475807,13,1,7,0,0,61761.03,59638.735,54219.981041666666
2023-07-04 14:00:00+02:00,59367.025,61915.3925,21.15,41.90608,25.729298,14,1,7,0,0,59833.85,58695.38,54165.3246875
2023-07-04 15:00:00+02:00,58548.82,60087.925,21.6,41.607292,26.019806,15,1,7,0,0,59400.6,58202.475,54145.87364583334
2023-07-04 16:00:00+02:00,58474.5025,58838.567500000005,21.9,43.272934,24.36591,16,1,7,0,0,58910.5125,56842.485,54110.3828125
2023-07-04 17:00:00+02:00,58966.807499999995,57921.855,22.25,42.935036,23.157824,17,1,7,0,0,59154.605,57968.4475,54092.215729166666
2023-07-04 18:00:00+02:00,59388.55,57510.3875,21.95,42.70617,22.19773,18,1,7,0,0,58678.292499999996,58177.41,54084.39083333334
2023-07-04 19:00:00+02:00,58307.65,56547.215,20.3,47.901,18.0,19,1,7,0,0,57629.2775,57627.405,54113.98489583333
2023-07-04 20:00:00+02:00,56078.9875,54391.9275,19.3,54.144817,10.1376915,20,1,7,0,0,55113.2425,55998.4975,54142.25041666667
2023-07-04 21:00:00+02:00,53253.6375,51556.0925,18.05,58.94084,9.107359,21,1,7,0,0,52587.8375,54063.21,54182.489791666674
2023-07-04 22:00:00+02:00,50931.8225,49173.29,15.65,70.96287,7.6367526,22,1,7,0,0,49703.66,51951.335,54210.23145833334
2023-07-04 23:00:00+02:00,46976.520000000004,45879.3325,16.1,69.181656,5.904439,23,1,7,0,0,46513.99,48993.5175,54261.40489583334
2023-07-05 00:00:00+02:00,43968.3875,42836.83,13.8,81.56588,6.6185193,0,2,7,0,0,44552.0375,45397.8525,54280.67697916667
2023-07-05 01:00:00+02:00,41880.979999999996,41115.935,13.7,81.82476,6.297428,1,2,7,0,0,44073.035,43418.5075,54256.358229166675
2023-07-05 02:00:00+02:00,41209.865,40535.63,13.05,86.79518,7.968939,2,2,7,0,0,43189.36,42824.7475,54165.02260416667
2023-07-05 03:00:00+02:00,41977.0875,40609.15,12.95,86.21027,11.113451,3,2,7,0,0,42892.07,42929.955,54082.543645833335
2023-07-05 04:00:00+02:00,43020.6025,41889.655,13.6,79.924034,13.661038,4,2,7,0,0,43846.15,43365.92,54044.419375
2023-07-05 05:00:00+02:00,45729.270000000004,44242.6625,13.75,78.62147,17.22742,5,2,7,0,0,46448.9275,45881.7175,54010.02156249999
2023-07-05 06:00:00+02:00,53348.37,49968.4175,14.55,75.403885,18.089775,6,2,7,0,0,52954.6375,52780.04,53980.03583333333
2023-07-05 07:00:00+02:00,58006.8075,54867.2825,16.25,71.549774,18.971008,7,2,7,0,0,57811.675,57766.1025,53996.441354166665
2023-07-05 08:00:00+02:00,60878.7625,57227.295,17.35,69.88857,16.434305,8,2,7,0,0,60254.4225,60157.7825,54004.571874999994
2023-07-05 09:00:00+02:00,61950.6375,58692.2025,18.15,69.81434,15.575981,9,2,7,0,0,61259.322499999995,60384.155,54030.58604166666
2023-07-05 10:00:00+02:00,63201.945,60408.545,19.1,72.54368,18.075441,10,2,7,0,0,61502.09,60762.8275,54059.39083333334
2023-07-05 11:00:00+02:00,64305.485,61637.0375,22.8,60.46099,20.721119,11,2,7,0,0,62161.317500000005,61562.77250000001,54130.21812499999
2023-07-05 12:00:00+02:00,62631.1075,61511.2525,23.4,53.946968,25.282152,12,2,7,0,0,61047.60249999999,60792.1575,54219.5584375
2023-07-05 13:00:00+02:00,61140.275,61162.445,22.75,54.84525,26.486313,13,2,7,0,0,60449.277500000004,59566.31,54285.5378125
2023-07-05 14:00:00+02:00,59720.025,60125.0825,19.7,74.069016,18.374111,14,2,7,0,0,59367.025,58487.26,54314.329375
2023-07-05 15:00:00+02:00,58496.2875,59159.5375,23.5,59.850334,24.066206,15,2,7,0,0,58548.82,57622.3825,54329.03770833334
2023-07-05 16:00:00+02:00,58045.215,57989.6075,23.95,44.72682,26.552288,16,2,7,0,0,58474.5025,56849.2025,54326.84885416667
2023-07-05 17:00:00+02:00,58249.6075,56801.565,24.7,36.418114,28.691795,17,2,7,0,0,58966.807499999995,56885.365,54308.961875
2023-07-05 18:00:00+02:00,58521.91,56784.1,23.0,39.394592,29.655787,18,2,7,0,0,59388.55,56527.6225,54279.078541666655
2023-07-05 19:00:00+02:00,58195.155,55849.73,21.65,39.27813,26.168804,19,2,7,0,0,58307.65,56030.42,54242.96854166667
2023-07-05 20:00:00+02:00,55513.96,53520.365,20.6,43.49569,18.161278,20,2,7,0,0,56078.9875,53919.78,54238.28125
2023-07-05 21:00:00+02:00,53334.0175,51160.9625,19.25,46.174088,15.629971,21,2,7,0,0,53253.6375,51822.335,54214.7384375
2023-07-05 22:00:00+02:00,51995.6125,48863.92,18.1,47.94824,15.0038395,22,2,7,0,0,50931.8225,49804.5475,54218.08760416667
2023-07-05 23:00:00+02:00,48080.6275,45808.9525,17.4,50.627247,16.1198,23,2,7,0,0,46976.520000000004,46720.815,54262.41218749999
2023-07-06 00:00:00+02:00,45764.9375,43515.18,16.45,55.82881,15.617529,0,3,7,0,0,43968.3875,44021.06,54308.416666666664
2023-07-06 01:00:00+02:00,43333.1,41802.6625,15.85,59.203457,13.684735,1,3,7,0,0,41880.979999999996,42271.1425,54383.27291666667
2023-07-06 02:00:00+02:00,42183.91,40902.25,15.25,64.297295,11.435313,2,3,7,0,0,41209.865,41165.0625,54443.777916666666
2023-07-06 03:00:00+02:00,42392.66499999999,40952.5875,14.0,72.82381,10.315115,3,3,7,0,0,41977.0875,40979.5875,54484.363125
2023-07-06 04:00:00+02:00,42921.1225,42387.6725,13.7,77.05076,10.495713,4,3,7,0,0,43020.6025,41750.7625,54501.67885416667
2023-07-06 05:00:00+02:00,45179.4075,44834.4575,13.6,78.8626,11.298495,5,3,7,0,0,45729.270000000004,44119.82,54497.533854166664
2023-07-06 06:00:00+02:00,51640.59,50522.375,13.95,79.70718,11.165805,6,3,7,0,0,53348.37,50990.8225,54474.62291666667
2023-07-06 07:00:00+02:00,56459.1775,54997.47,15.2,77.02999,9.659814,7,3,7,0,0,58006.8075,56235.55,54403.465416666666
2023-07-06 08:00:00+02:00,59212.2275,56960.8025,16.45,71.350395,12.57426,8,3,7,0,0,60878.7625,59446.5075,54338.980833333335
2023-07-06 09:00:00+02:00,59275.37,57825.322499999995,17.7,63.346752,14.154915,9,3,7,0,0,61950.6375,60948.34,54269.541875
2023-07-06 10:00:00+02:00,59327.2225,59764.84,18.75,55.846992,16.09969,10,3,7,0,0,63201.945,61522.53,54158.072395833326
2023-07-06 11:00:00+02:00,59845.542499999996,61443.1625,19.7,52.638752,14.799459,11,3,7,0,0,64305.485,62145.7725,53996.62562500001
2023-07-06 12:00:00+02:00,59398.5225,62070.32,20.65,47.195183,16.418526,12,3,7,0,0,62631.1075,62073.835,53810.7946875
2023-07-06 13:00:00+02:00,58926.972499999996,61670.04,21.45,42.854992,16.595179,13,3,7,0,0,61140.275,61859.167499999996,53676.10364583333
2023-07-06 14:00:00+02:00,57497.6025,60308.7975,21.75,41.933365,15.484185,14,3,7,0,0,59720.025,60317.92,53583.88270833332
2023-07-06 15:00:00+02:00,56658.3625,58712.3675,21.95,39.768433,14.917212,15,3,7,0,0,58496.2875,59131.8525,53491.28177083333
2023-07-06 16:00:00+02:00,56410.0725,56779.5125,21.8,40.2712,14.4,16,3,7,0,0,58045.215,58426.380000000005,53414.7015625
2023-07-06 17:00:00+02:00,56193.7025,55592.4075,22.25,38.126286,13.684735,17,3,7,0,0,58249.6075,58341.6575,53346.570625
2023-07-06 18:00:00+02:00,56211.86,55178.5625,22.05,37.939068,14.113653,18,3,7,0,0,58521.91,58231.91,53260.907916666656
2023-07-06 19:00:00+02:00,55853.46,54714.845,21.55,38.981686,11.841756,19,3,7,0,0,58195.155,57317.125,53164.65583333333
2023-07-06 20:00:00+02:00,54060.59,53033.585,20.75,46.276592,5.95906,20,3,7,0,0,55513.96,55338.5375,53067.08520833333
2023-07-06 21:00:00+02:00,51697.19,51012.6675,18.35,62.035973,7.386582,21,3,7,0,0,53334.0175,52875.4025,53006.528125000004
2023-07-06 22:00:00+02:00,49658.1475,48942.4,16.95,59.27002,7.0911775,22,3,7,0,0,51995.6125,50530.4525,52938.32697916666
2023-07-06 23:00:00+02:00,46169.4075,46079.72,16.25,61.341614,9.726665,23,3,7,0,0,48080.6275,47291.7075,52840.93260416667
2023-07-07 00:00:00+02:00,43791.21,41809.4275,15.15,66.48441,7.5170207,0,4,7,0,0,45764.9375,44416.792499999996,52761.298437499994
2023-07-07 01:00:00+02:00,41599.1075,40448.802500000005,13.75,74.26449,6.9153743,1,4,7,0,0,43333.1,42856.2175,52679.05979166666
2023-07-07 02:00:00+02:00,40574.6875,35230.59,13.75,78.884636,7.24486,2,4,7,0,0,42183.91,41745.47,52606.810104166674
2023-07-07 03:00:00+02:00,40647.5,35630.4725,11.8,87.54994,7.9526596,3,4,7,0,0,42392.66499999999,42223.0775,52539.75916666666
2023-07-07 04:00:00+02:00,41091.4,38525.4225,11.15,89.27376,9.72,4,4,7,0,0,42921.1225,42772.835,52467.04395833334
2023-07-07 05:00:00+02:00,43395.8225,43435.7125,11.0,89.56243,8.350138,5,4,7,0,0,45179.4075,45012.81,52390.80552083333
2023-07-07 06:00:00+02:00,49876.91,49463.4625,12.75,84.20053,5.4833565,6,4,7,0,0,51640.59,51640.0325,52316.48947916667
2023-07-07 07:00:00+02:00,54867.58,55247.0675,14.95,76.990715,6.4096174,7,4,7,0,0,56459.1775,56858.1925,52243.002812499995
2023-07-07 08:00:00+02:00,58206.5475,57997.0975,17.55,68.78448,4.6102495,8,4,7,0,0,59212.2275,59466.2925,52176.68625
2023-07-07 09:00:00+02:00,58803.5175,58888.2475,19.95,57.27765,5.3999996,9,4,7,0,0,59275.37,60283.2575,52134.78291666667
2023-07-07 10:00:00+02:00,59276.505,60441.4425,21.95,50.31737,6.792466,10,4,7,0,0,59327.2225,61062.81,52115.122395833336
2023-07-07 11:00:00+02:00,59855.46,61346.955,23.5,43.86616,7.628263,11,4,7,0,0,59845.542499999996,61655.8925,52113.00916666666
2023-07-07 12:00:00+02:00,59306.295,61685.64,24.75,38.44752,8.427383,12,4,7,0,0,59398.5225,60504.31,52113.42239583333
2023-07-07 13:00:00+02:00,57780.27,61559.56,25.15,35.93525,8.707237,13,4,7,0,0,58926.972499999996,58952.715000000004,52109.57958333333
2023-07-07 14:00:00+02:00,56368.095,60359.995,25.65,32.599445,5.495161,14,4,7,0,0,57497.6025,56976.067500000005,52061.8003125
2023-07-07 15:00:00+02:00,55525.8725,59777.447499999995,26.15,32.081085,4.6938257,15,4,7,0,0,56658.3625,56237.4475,52014.737499999996
2023-07-07 16:00:00+02:00,55152.8525,58295.78,27.0,29.193697,3.96,16,4,7,0,0,56410.0725,55647.4025,51967.550416666665
2023-07-07 17:00:00+02:00,54913.0375,56654.3025,27.4,28.034061,3.671294,17,4,7,0,0,56193.7025,55444.445,51915.16625
2023-07-07 18:00:00+02:00,54581.75,54836.817500000005,27.4,27.653131,2.968636,18,4,7,0,0,56211.86,55249.255,51861.80520833334
2023-07-07 19:00:00+02:00,53976.215,53485.0275,27.05,28.713362,3.6,19,4,7,0,0,55853.46,54093.145000000004,51793.88395833334
2023-07-07 20:00:00+02:00,51763.0775,51324.65,25.25,40.163467,7.42159,20,4,7,0,0,54060.59,51827.755,51715.66541666666
2023-07-07 21:00:00+02:00,49637.9,48748.165,21.7,53.159653,6.6185193,21,4,7,0,0,51697.19,49404.515,51619.93572916667
2023-07-07 22:00:00+02:00,47886.575,46473.385,19.95,53.23548,7.628263,22,4,7,0,0,49658.1475,47287.1125,51534.13197916667
2023-07-07 23:00:00+02:00,44585.29,43102.307499999995,19.1,51.95328,8.12197,23,4,7,0,0,46169.4075,44180.43,51460.316458333335
2023-07-08 00:00:00+02:00,41612.58,41594.385,17.8,57.70561,7.8954163,0,5,7,1,0,43791.21,41299.28,51394.3115625
2023-07-08 01:00:00+02:00,39718.135,39553.8875,17.05,59.29425,7.771331,1,5,7,1,0,41599.1075,39265.8125,51303.535312500004
2023-07-08 02:00:00+02:00,38316.0875,38246.1725,17.05,61.52876,9.3669195,2,5,7,1,0,40574.6875,38016.19,51225.161458333336
2023-07-08 03:00:00+02:00,37651.5125,37624.2075,15.75,66.38848,8.647496,3,5,7,1,0,40647.5,37417.7225,51131.053125
2023-07-08 04:00:00+02:00,37458.777500000004,37620.6875,15.05,69.43684,8.557102,4,5,7,1,0,41091.4,37484.525,51006.220312499994
2023-07-08 05:00:00+02:00,37425.43,37414.1175,14.75,70.55365,8.209263,5,5,7,1,0,43395.8225,38146.817500000005,50854.86104166667
2023-07-08 06:00:00+02:00,39949.97,38877.9375,15.55,70.002396,7.5942073,6,5,7,1,0,49876.91,40131.705,50606.0946875
2023-07-08 07:00:00+02:00,42908.1175,41936.7325,17.85,64.44159,8.350138,7,5,7,1,0,54867.58,42561.119999999995,50192.4721875
2023-07-08 08:00:00+02:00,45873.4825,45113.6125,20.2,59.262623,6.2145634,8,5,7,1,0,58206.5475,45574.32,49694.161250000005
2023-07-08 09:00:00+02:00,48781.8525,47688.6525,22.55,54.082756,6.379216,9,5,7,1,0,58803.5175,48245.3675,49180.283541666664
2023-07-08 10:00:00+02:00,49582.675,49188.3275,25.0,47.905495,8.654986,10,5,7,1,0,59276.505,50491.9125,48762.71416666667
2023-07-08 11:00:00+02:00,49985.95,50327.082500000004,26.95,39.454594,9.779817,11,5,7,1,0,59855.46,51851.37,48358.80458333334
2023-07-08 12:00:00+02:00,49433.32,50493.6025,28.15,32.423443,8.4042845,12,5,7,1,0,59306.295,51410.515,47947.575000000004
2023-07-08 13:00:00+02:00,47996.1225,49503.2925,28.85,30.410437,8.209263,13,5,7,1,0,57780.27,49975.0175,47536.201041666674
2023-07-08 14:00:00+02:00,46963.1275,49278.525,29.5,27.661484,7.7043357,14,5,7,1,0,56368.095,48453.395000000004,47128.528229166666
2023-07-08 15:00:00+02:00,46563.652500000004,48839.0325,29.9,26.94054,5.904439,15,5,7,1,0,55525.8725,47776.31,46736.65458333333
2023-07-08 16:00:00+02:00,46485.4275,48095.9,30.05,26.61928,5.3517847,16,5,7,1,0,55152.8525,47330.07,46363.22875
2023-07-08 17:00:00+02:00,47007.8075,47399.707500000004,30.0,26.337378,6.193674,17,5,7,1,0,54913.0375,47763.66,46002.08604166666
2023-07-08 18:00:00+02:00,47477.9275,46888.0925,29.8,26.642014,5.634891,18,5,7,1,0,54581.75,48192.4,45672.70145833333
2023-07-08 19:00:00+02:00,46737.0075,46033.7225,29.25,27.969,8.225035,19,5,7,1,0,53976.215,47605.8425,45376.70885416667
2023-07-08 20:00:00+02:00,45151.335,44184.8275,27.45,36.221706,13.281023,20,5,7,1,0,51763.0775,45986.805,45075.07520833333
2023-07-08 21:00:00+02:00,44124.5975,42591.6975,25.15,40.403297,15.349684,21,5,7,1,0,49637.9,44281.88,44799.5859375
2023-07-08 22:00:00+02:00,43647.17,41357.5025,22.7,46.813305,19.35314,22,5,7,1,0,47886.575,43173.335,44569.865
2023-07-08 23:00:00+02:00,41570.115,39287.72,21.25,48.48393,15.629971,23,5,7,1,0,44585.29,40742.915,44393.223125
2023-07-09 00:00:00+02:00,39132.255000000005,37151.6,20.2,50.862877,13.32,0,6,7,1,0,41612.58,38787.4625,44267.59083333333
2023-07-09 01:00:00+02:00,37132.755000000005,35457.28,19.3,53.963684,12.522619,1,6,7,1,0,39718.135,37152.0625,44164.24395833333
2023-07-09 02:00:00+02:00,35786.545,34525.58,19.2,64.94972,11.212135,2,6,7,1,0,38316.0875,36105.265,44056.51979166667
2023-07-09 03:00:00+02:00,34798.4725,33748.6825,17.65,71.80942,8.427383,3,6,7,1,0,37651.5125,35820.87,43951.122187500005
2023-07-09 04:00:00+02:00,34492.565,33605.15,16.75,76.01573,7.42159,4,6,7,1,0,37458.777500000004,35259.1125,43832.245520833334
2023-07-09 05:00:00+02:00,34134.935,33007.2,16.5,76.47604,8.669949,5,6,7,1,0,37425.43,35257.755000000005,43708.65333333333
2023-07-09 06:00:00+02:00,35340.3825,33854.745,17.3,72.933205,9.531505,6,6,7,1,0,39949.97,36310.45,43571.549375
2023-07-09 07:00:00+02:00,37992.755,36679.465,19.1,67.31098,8.12197,7,6,7,1,0,42908.1175,38531.1025,43379.48322916666
2023-07-09 08:00:00+02:00,41140.6025,39293.417499999996,21.3,59.524837,7.208994,8,6,7,1,0,45873.4825,41744.7925,43174.676458333335
2023-07-09 09:00:00+02:00,43559.935,42244.7725,23.65,51.435886,6.849467,9,6,7,1,0,48781.8525,44205.8675,42977.473125
2023-07-09 10:00:00+02:00,45382.455,44484.625,26.05,45.89795,9.178235,10,6,7,1,0,49582.675,46127.5,42759.893229166664
2023-07-09 11:00:00+02:00,46616.1,46296.73,28.25,38.664207,9.826088,11,6,7,1,0,49985.95,48082.369999999995,42584.8840625
2023-07-09 12:00:00+02:00,46290.555,46758.765,29.7,31.47093,9.531505,12,6,7,1,0,49433.32,47442.7475,42444.47364583333
2023-07-09 13:00:00+02:00,44887.0875,45728.9025,30.5,29.46476,9.346143,13,6,7,1,0,47996.1225,46086.7475,42313.52510416667
2023-07-09 14:00:00+02:00,44325.7575,45140.025,31.0,27.788729,8.14587,14,6,7,1,0,46963.1275,43979.595,42183.98197916667
2023-07-09 15:00:00+02:00,44319.5325,44887.8675,31.4,27.072239,8.404285,15,6,7,1,0,46563.652500000004,43282.32,42074.0915625
2023-07-09 16:00:00+02:00,44550.9,44893.695,31.55,26.574642,7.6367526,16,6,7,1,0,46485.4275,43692.2575,41980.5865625
2023-07-09 17:00:00+02:00,46663.275,45293.275,31.5,26.384094,6.696387,17,6,7,1,0,47007.8075,45199.8875,41899.981250000004
2023-07-09 18:00:00+02:00,47069.485,45179.5775,31.25,26.583328,7.491114,18,6,7,1,0,47477.9275,46462.1175,41885.62572916667
2023-07-09 19:00:00+02:00,47311.6525,43787.1275,30.9,26.937902,6.8777895,19,6,7,1,0,46737.0075,47483.0175,41868.60729166667
2023-07-09 20:00:00+02:00,47206.915,43156.8125,29.5,32.690937,10.144082,20,6,7,1,0,45151.335,46412.115000000005,41892.550833333335
2023-07-09 21:00:00+02:00,46400.78,42526.925,27.05,37.575836,12.9249525,21,6,7,1,0,44124.5975,45790.9075,41978.200000000004
2023-07-09 22:00:00+02:00,46344.32,42264.9675,25.15,41.4908,14.471821,22,6,7,1,0,43647.17,45613.8625,42073.0409375
2023-07-09 23:00:00+02:00,43308.7625,39984.275,24.05,42.015896,11.304229,23,6,7,1,0,41570.115,43131.3275,42185.4221875
2023-07-10 00:00:00+02:00,41115.3725,38525.2875,23.05,44.034218,10.829959,0,0,7,0,0,39132.255000000005,40517.335,42257.86583333334
2023-07-10 01:00:00+02:00,39481.505,37199.2175,22.4,45.196194,11.165805,1,0,7,0,0,37132.755000000005,39387.630000000005,42340.495729166665
2023-07-10 02:00:00+02:00,38561.5475,36926.5325,22.55,49.32296,8.707238,2,0,7,0,0,35786.545,38521.630000000005,42438.3603125
2023-07-10 03:00:00+02:00,38580.185,37332.115,21.25,53.39533,6.519877,3,0,7,0,0,34798.4725,38715.52,42553.98541666667
2023-07-10 04:00:00+02:00,39417.54,38879.54,20.35,56.435886,6.830519,4,0,7,0,0,34492.565,39946.1975,42711.55677083333
2023-07-10 05:00:00+02:00,42658.0775,42064.2425,20.3,56.797993,6.28713,5,0,7,0,0,34134.935,43217.875,42916.7640625
2023-07-10 06:00:00+02:00,50155.41,48348.53,19.9,62.595135,4.39436,6,0,7,0,0,35340.3825,50760.31,43271.895
2023-07-10 07:00:00+02:00,56307.18,53762.6,21.25,60.29488,7.754637,7,0,7,0,0,37992.755,55905.935,43889.18781249999
2023-07-10 08:00:00+02:00,60319.2575,56499.7425,23.25,55.329548,3.9763298,8,0,7,0,0,41140.6025,59759.315,44652.28885416667
2023-07-10 09:00:00+02:00,61880.4975,57993.015,25.45,47.87055,6.924738,9,0,7,0,0,43559.935,61507.0325,45451.39947916666
2023-07-10 10:00:00+02:00,62505.005,59680.8175,27.9,39.980236,9.449572,10,0,7,0,0,45382.455,62567.6875,46214.75625
2023-07-10 11:00:00+02:00,62801.855,61098.792499999996,29.7,35.667507,7.754637,11,0,7,0,0,46616.1,62849.65,46928.19583333333
2023-07-10 12:00:00+02:00,61490.3125,61337.7475,30.5,33.623257,8.161764,12,0,7,0,0,46290.555,63006.847499999996,47602.60229166667
2023-07-10 13:00:00+02:00,60388.71,61018.354999999996,30.85,34.05205,13.797912,13,0,7,0,0,44887.0875,61761.03,48235.92552083334
2023-07-10 14:00:00+02:00,59926.7275,60281.145000000004,29.5,40.034607,19.08,14,0,7,0,0,44325.7575,59833.85,48881.82645833333
2023-07-10 15:00:00+02:00,59089.0925,59549.415,27.3,49.778183,25.282152,15,0,7,0,0,44319.5325,59400.6,49531.86687500001
2023-07-10 16:00:00+02:00,58205.2325,58440.417499999996,24.55,62.62887,26.564486,16,0,7,0,0,44550.9,58910.5125,50147.26520833333
2023-07-10 17:00:00+02:00,58156.085,57194.7225,25.0,64.33096,21.897945,17,0,7,0,0,46663.275,59154.605,50716.19572916667
2023-07-10 18:00:00+02:00,58278.1375,57007.715000000004,24.1,61.93472,24.881702,18,0,7,0,0,47069.485,58678.292499999996,51195.0628125
2023-07-10 19:00:00+02:00,57371.0975,55966.8575,23.55,63.814392,20.88,19,0,7,0,0,47311.6525,57629.2775,51662.09
2023-07-10 20:00:00+02:00,55122.4825,53707.292499999996,22.9,65.73901,15.315873,20,0,7,0,0,47206.915,55113.2425,52081.23354166667
2023-07-10 21:00:00+02:00,52560.1925,51506.582500000004,21.9,70.08273,9.726664,21,0,7,0,0,46400.78,52587.8375,52411.04885416667
2023-07-10 22:00:00+02:00,50461.4725,49014.29,20.35,78.06644,7.7879906,22,0,7,0,0,46344.32,49703.66,52667.691041666665
2023-07-10 23:00:00+02:00,46604.6,46041.2975,19.2,85.72323,5.692099,23,0,7,0,0,43308.7625,46513.99,52839.239062500004
2023-07-11 00:00:00+02:00,43594.115,43229.0125,18.5,90.41022,6.1094027,0,1,7,0,0,41115.3725,44552.0375,52976.565624999996
2023-07-11 01:00:00+02:00,41652.729999999996,41978.2,17.5,93.86175,5.8603754,1,1,7,0,0,39481.505,44073.035,53079.846562499995
2023-07-11 02:00:00+02:00,40143.7875,41439.465,17.1,95.654396,7.2359104,2,1,7,0,0,38561.5475,43189.36,53170.31427083333
2023-07-11 03:00:00+02:00,40431.042499999996,41788.6725,16.45,96.24646,6.28713,3,1,7,0,0,38580.185,42892.07,53236.2409375
2023-07-11 04:00:00+02:00,41293.5125,43048.95,17.05,96.26347,3.7064266,4,1,7,0,0,39417.54,43846.15,53313.35999999999
2023-07-11 05:00:00+02:00,43850.575,44832.3825,16.5,98.735245,3.6179552,5,1,7,0,0,42658.0775,46448.9275,53391.525520833326
2023-07-11 06:00:00+02:00,50608.675,51337.875,16.2,99.3644,3.8268526,6,1,7,0,0,50155.41,52954.6375,53441.21291666667
2023-07-11 07:00:00+02:00,55710.035,55434.605,18.45,88.700935,6.12,7,1,7,0,0,56307.18,57811.675,53460.098958333336
2023-07-11 08:00:00+02:00,59027.5825,57316.9075,20.65,70.97547,7.0911775,8,1,7,0,0,60319.2575,60254.4225,53435.21791666667
2023-07-11 09:00:00+02:00,59808.8075,58398.31,22.55,59.43448,8.473393,9,1,7,0,0,61880.4975,61259.322499999995,53381.39812500001
2023-07-11 10:00:00+02:00,60820.705,60097.7225,24.25,48.4915,8.707238,10,1,7,0,0,62505.005,61502.09,53295.07770833333
2023-07-11 11:00:00+02:00,62216.0125,61436.61,25.5,42.701344,8.427383,11,1,7,0,0,62801.855,62161.317500000005,53224.89854166666
2023-07-11 12:00:00+02:00,61864.575,61718.8375,26.5,39.458717,8.891344,12,1,7,0,0,61490.3125,61047.60249999999,53200.4884375
2023-07-11 13:00:00+02:00,61136.4825,61458.6,27.45,37.563877,9.6932955,13,1,7,0,0,60388.71,60449.277500000004,53216.08270833333
2023-07-11 14:00:00+02:00,60093.085,60474.735,28.25,34.569065,9.885262,14,1,7,0,0,59926.7275,59367.025,53247.239895833336
2023-07-11 15:00:00+02:00,59273.3725,59931.4675,29.1,33.34443,10.308831,15,1,7,0,0,59089.0925,58548.82,53254.17145833333
2023-07-11 16:00:00+02:00,58779.292499999996,58738.927500000005,29.6,32.39565,9.983106,16,1,7,0,0,58205.2325,58474.5025,53261.84979166666
2023-07-11 17:00:00+02:00,58882.5625,57185.8575,29.45,32.140236,9.178235,17,1,7,0,0,58156.085,58966.807499999995,53285.768958333334
2023-07-11 18:00:00+02:00,59363.317500000005,56793.3175,28.75,33.914753,7.7043357,18,1,7,0,0,58278.1375,59388.55,53316.03885416667
2023-07-11 19:00:00+02:00,58872.4625,55941.97,29.15,33.02873,9.504272,19,1,7,0,0,57371.0975,58307.65,53361.254687500004
2023-07-11 20:00:00+02:00,56670.3375,53931.65,28.2,36.79368,13.044722,20,1,7,0,0,55122.4825,56078.9875,53423.81156249999
2023-07-11 21:00:00+02:00,55086.427500000005,51819.2775,26.15,42.881653,16.42247,21,1,7,0,0,52560.1925,53253.6375,53488.30552083333
2023-07-11 22:00:00+02:00,52859.05,49229.3875,24.4,47.276363,18.448023,22,1,7,0,0,50461.4725,50931.8225,53593.5653125
2023-07-11 23:00:00+02:00,48837.43,46186.9475,23.65,49.45456,19.592731,23,1,7,0,0,46604.6,46976.520000000004,53693.464375
2023-07-12 00:00:00+02:00,45261.520000000004,44940.3425,23.45,48.276154,20.94507,0,2,7,0,0,43594.115,43968.3875,53786.49895833334
2023-07-12 01:00:00+02:00,43595.8425,43315.62,23.3,46.51286,20.172853,1,2,7,0,0,41652.729999999996,41880.979999999996,53855.974166666674
2023-07-12 02:00:00+02:00,43347.8,42480.1775,22.7,50.516693,18.671474,2,2,7,0,0,40143.7875,41209.865,53936.9371875
2023-07-12 03:00:00+02:00,44016.33,42713.155,22.3,51.930103,19.272614,3,2,7,0,0,40431.042499999996,41977.0875,54070.43770833334
2023-07-12 04:00:00+02:00,44498.8525,43742.0875,22.3,53.66574,18.584509,4,2,7,0,0,41293.5125,43020.6025,54219.8246875
2023-07-12 05:00:00+02:00,46200.6875,45835.465,22.4,55.11602,19.453327,5,2,7,0,0,43850.575,45729.270000000004,54353.380520833336
2023-07-12 06:00:00+02:00,52225.9025,51399.8025,22.35,57.677193,13.450708,6,2,7,0,0,50608.675,53348.37,54451.301875
2023-07-12 07:00:00+02:00,56694.0575,57003.1875,22.55,62.985783,18.947083,7,2,7,0,0,55710.035,58006.8075,54518.686354166675
2023-07-12 08:00:00+02:00,59742.9125,59967.5925,23.85,62.67215,18.075441,8,2,7,0,0,59027.5825,60878.7625,54559.68729166666
2023-07-12 09:00:00+02:00,61179.645000000004,60979.305,26.3,49.514843,28.04305,9,2,7,0,0,59808.8075,61950.6375,54589.49270833333
2023-07-12 10:00:00+02:00,61471.0475,62188.932499999995,26.15,53.605675,27.551172,10,2,7,0,0,60820.705,63201.945,54646.6109375
2023-07-12 11:00:00+02:00,61352.822499999995,63585.94,26.6,50.23473,26.400545,11,2,7,0,0,62216.0125,64305.485,54673.70854166666
2023-07-12 12:00:00+02:00,61774.125,63060.8225,27.15,43.72272,26.6327,12,2,7,0,0,61864.575,62631.1075,54637.74229166666
2023-07-12 13:00:00+02:00,61114.2875,62350.665,27.6,39.506527,25.86494,13,2,7,0,0,61136.4825,61140.275,54633.973541666666
2023-07-12 14:00:00+02:00,59968.0625,60844.465,27.1,42.44709,24.119999,14,2,7,0,0,60093.085,59720.025,54633.048749999994
2023-07-12 15:00:00+02:00,59488.6675,59803.395,27.5,38.20231,22.7057,15,2,7,0,0,59273.3725,58496.2875,54627.839479166665
2023-07-12 16:00:00+02:00,58700.8125,58591.69,27.4,38.048695,23.051247,16,2,7,0,0,58779.292499999996,58045.215,54636.810104166674
2023-07-12 17:00:00+02:00,58132.24,57824.9675,27.3,36.906376,21.24305,17,2,7,0,0,58882.5625,58249.6075,54633.54010416666
2023-07-12 18:00:00+02:00,58576.5825,57530.34,26.9,35.117775,21.316135,18,2,7,0,0,59363.317500000005,58521.91,54602.276666666665
2023-07-12 19:00:00+02:00,57585.3675,56970.8,25.8,37.473587,20.211363,19,2,7,0,0,58872.4625,58195.155,54569.496041666665
2023-07-12 20:00:00+02:00,54870.805,54820.2325,25.05,39.312824,17.294992,20,2,7,0,0,56670.3375,55513.96,54515.86708333334
2023-07-12 21:00:00+02:00,52657.08,52726.4625,23.75,44.375885,10.365251,21,2,7,0,0,55086.427500000005,53334.0175,54440.886562499996
2023-07-12 22:00:00+02:00,50206.177500000005,50308.825000000004,22.5,49.309536,15.192682,22,2,7,0,0,52859.05,51995.6125,54339.66375
2023-07-12 23:00:00+02:00,45751.21,47027.987499999996,21.05,56.424095,11.113451,23,2,7,0,0,48837.43,48080.6275,54229.127395833326
2023-07-13 00:00:00+02:00,42794.3725,43962.284999999996,19.25,64.32412,6.6087217,0,3,7,0,0,45261.520000000004,45764.9375,54100.53489583333
2023-07-13 01:00:00+02:00,41460.995,42600.7675,18.6,67.87258,8.699793,1,3,7,0,0,43595.8425,43333.1,53997.73708333333
2023-07-13 02:00:00+02:00,40693.47,41877.8425,18.3,70.763626,4.5536795,2,3,7,0,0,43347.8,42183.91,53908.785104166665
2023-07-13 03:00:00+02:00,40928.14,42050.6,17.35,77.112175,4.452954,3,3,7,0,0,44016.33,42392.66499999999,53798.18802083333
2023-07-13 04:00:00+02:00,42210.3825,43082.0,16.5,82.98595,5.3517847,4,3,7,0,0,44498.8525,42921.1225,53669.5134375
2023-07-13 05:00:00+02:00,43910.2875,45510.3375,15.65,87.89587,6.924738,5,3,7,0,0,46200.6875,45179.4075,53574.160520833335
2023-07-13 06:00:00+02:00,50154.7525,51394.49,16.4,83.24437,9.028754,6,3,7,0,0,52225.9025,51640.59,53478.72718750001
2023-07-13 07:00:00+02:00,54753.557499999995,55981.6,18.05,75.240524,7.5685663,7,3,7,0,0,56694.0575,56459.1775,53392.42927083333
2023-07-13 08:00:00+02:00,58063.03,58195.8325,20.0,63.44303,11.966954,8,3,7,0,0,59742.9125,59212.2275,53311.575104166666
2023-07-13 09:00:00+02:00,59250.322499999995,59016.2875,21.5,52.06409,14.494192,9,3,7,0,0,61179.645000000004,59275.37,53241.579999999994
2023-07-13 10:00:00+02:00,60182.2275,59825.6575,22.75,43.36533,15.905319,10,3,7,0,0,61471.0475,59327.2225,53161.1915625
2023-07-13 11:00:00+02:00,61724.86,61378.229999999996,23.2,42.483944,18.374111,11,3,7,0,0,61352.822499999995,59845.542499999996,53107.49072916667
2023-07-13 12:00:00+02:00,61208.3675,61754.715,23.75,40.823246,18.751125,12,3,7,0,0,61774.125,59398.5225,53122.99229166668
2023-07-13 13:00:00+02:00,60986.78,61256.770000000004,24.6,37.76499,19.245697,13,3,7,0,0,61114.2875,58926.972499999996,53099.419062500005
2023-07-13 14:00:00+02:00,60254.8375,60062.7825,25.2,33.369457,18.161278,14,3,7,0,0,59968.0625,57497.6025,53094.106250000004
2023-07-13 15:00:00+02:00,59319.3275,58926.869999999995,25.55,31.695599,19.803272,15,3,7,0,0,59488.6675,56658.3625,53106.05520833333
2023-07-13 16:00:00+02:00,58129.115,58065.865,25.45,32.432503,19.813087,16,3,7,0,0,58700.8125,56410.0725,53098.99937500001
2023-07-13 17:00:00+02:00,58195.854999999996,57795.0575,25.05,33.213814,21.2522,17,3,7,0,0,58132.24,56193.7025,53075.17864583334
2023-07-13 18:00:00+02:00,58346.655,57674.32,24.15,36.262047,21.611998,18,3,7,0,0,58576.5825,56211.86,53077.82927083334
2023-07-13 19:00:00+02:00,57128.567500000005,57268.6025,22.45,42.846725,25.952478,19,3,7,0,0,57585.3675,55853.46,53068.24895833334
2023-07-13 20:00:00+02:00,54349.1575,55162.7625,20.55,53.391285,14.081477,20,3,7,0,0,54870.805,54060.59,53049.215625000004
2023-07-13 21:00:00+02:00,52275.03,52799.3025,19.95,56.523197,8.654986,21,3,7,0,0,52657.08,51697.19,53027.4803125
2023-07-13 22:00:00+02:00,50357.59,50140.9175,19.1,61.391396,6.924738,22,3,7,0,0,50206.177500000005,49658.1475,53011.5615625
2023-07-13 23:00:00+02:00,46823.2175,46644.795,17.95,67.96352,9.255571,23,3,7,0,0,45751.21,46169.4075,53017.87041666667
2023-07-14 00:00:00+02:00,44309.42,43334.2025,17.35,70.35089,11.183201,0,4,7,0,0,42794.3725,43791.21,53062.53739583333
2023-07-14 01:00:00+02:00,42574.5625,41710.11,16.6,73.04846,10.239453,1,4,7,0,0,41460.995,41599.1075,53125.664375
2023-07-14 02:00:00+02:00,41826.905,40693.28,16.5,81.912674,10.1376915,2,4,7,0,0,40693.47,40574.6875,53172.06302083333
2023-07-14 03:00:00+02:00,41513.777500000004,40663.667499999996,14.75,90.7327,9.007196,3,4,7,0,0,40928.14,40647.5,53219.28947916667
2023-07-14 04:00:00+02:00,42031.53,42021.1825,14.3,92.196434,8.287822,4,4,7,0,0,42210.3825,41091.4,53243.691041666665
2023-07-14 05:00:00+02:00,44331.0475,44226.985,13.8,93.68902,6.489992,5,4,7,0,0,43910.2875,43395.8225,53236.238854166666
2023-07-14 06:00:00+02:00,50478.4375,49806.354999999996,14.35,92.80305,5.991594,6,4,7,0,0,50154.7525,49876.91,53253.77052083333
2023-07-14 07:00:00+02:00,55268.745,56053.41,15.95,85.946144,5.692099,7,4,7,0,0,54753.557499999995,54867.58,53267.25739583333
2023-07-14 08:00:00+02:00,57873.3725,58670.115000000005,17.85,76.939316,6.8777895,8,4,7,0,0,58063.03,58206.5475,53288.723541666666
2023-07-14 09:00:00+02:00,58471.74,59338.2,19.7,66.5613,8.161764,9,4,7,0,0,59250.322499999995,58803.5175,53280.82114583333
2023-07-14 10:00:00+02:00,59411.2575,60145.03,21.35,58.380985,10.1887,10,4,7,0,0,60182.2275,59276.505,53248.380208333336
2023-07-14 11:00:00+02:00,60556.565,60402.3675,22.35,52.978367,11.298495,11,4,7,0,0,61724.86,59855.46,53216.25645833334
2023-07-14 12:00:00+02:00,60092.152500000004,60472.7175,23.55,47.357098,11.119281,12,4,7,0,0,61208.3675,59306.295,53167.57749999999
2023-07-14 13:00:00+02:00,58320.057499999995,60001.5225,24.35,41.82049,11.119281,13,4,7,0,0,60986.78,57780.27,53121.06854166667
2023-07-14 14:00:00+02:00,56224.84,58665.0125,24.55,39.833084,7.289445,14,4,7,0,0,60254.8375,56368.095,53009.955104166664
2023-07-14 15:00:00+02:00,55058.4725,57291.5875,25.7,34.779564,8.587338,15,4,7,0,0,59319.3275,55525.8725,52842.03854166667
2023-07-14 16:00:00+02:00,53990.5025,56074.167499999996,25.85,33.894855,12.287555,16,4,7,0,0,58129.115,55152.8525,52664.50291666666
2023-07-14 17:00:00+02:00,54404.0275,55710.925,25.35,34.915863,9.422101,17,4,7,0,0,58195.854999999996,54913.0375,52492.06072916666
2023-07-14 18:00:00+02:00,54716.385,55400.435,25.8,33.312485,8.217153,18,4,7,0,0,58346.655,54581.75,52334.06791666666
2023-07-14 19:00:00+02:00,53526.13,54299.7975,25.5,33.45415,6.489992,19,4,7,0,0,57128.567500000005,53976.215,52182.80666666667
2023-07-14 20:00:00+02:00,51400.4025,52746.175,25.2,34.288048,5.4833565,20,4,7,0,0,54349.1575,51763.0775,52032.70510416667
2023-07-14 21:00:00+02:00,49549.435,50485.66,23.2,40.394844,11.874544,21,4,7,0,0,52275.03,49637.9,51909.8403125
2023-07-14 22:00:00+02:00,47479.895000000004,47739.95,21.7,46.851696,12.979984,22,4,7,0,0,50357.59,47886.575,51796.27385416667
2023-07-14 23:00:00+02:00,44535.59,44484.425,20.6,51.654873,14.145756,23,4,7,0,0,46823.2175,44585.29,51676.36989583333
2023-07-15 00:00:00+02:00,42598.2925,43120.380000000005,20.05,52.55444,16.179985,0,5,7,1,0,44309.42,41612.58,51581.052083333336
2023-07-15 01:00:00+02:00,40954.885,41234.0275,19.55,53.30962,16.645864,1,5,7,1,0,42574.5625,39718.135,51509.75510416667
2023-07-15 02:00:00+02:00,39769.355,40098.9,19.85,55.752308,14.88242,2,5,7,1,0,41826.905,38316.0875,51442.26854166667
2023-07-15 03:00:00+02:00,39517.259999999995,39576.805,18.9,60.53728,14.77755,3,5,7,1,0,41513.777500000004,37651.5125,51356.53729166667
2023-07-15 04:00:00+02:00,39337.9,39479.71,18.4,65.20489,14.57889,4,5,7,1,0,42031.53,37458.777500000004,51273.349062500005
2023-07-15 05:00:00+02:00,39282.74,39595.18,17.95,69.77545,13.479583,5,5,7,1,0,44331.0475,37425.43,51161.11447916667
2023-07-15 06:00:00+02:00,41203.177500000005,40460.39,18.3,70.30221,14.84318,6,5,7,1,0,50478.4375,39949.97,50950.76833333333
2023-07-15 07:00:00+02:00,43879.4925,43541.045,19.8,65.934425,14.565548,7,5,7,1,0,55268.745,42908.1175,50564.299166666664
2023-07-15 08:00:00+02:00,47150.83,46494.152500000004,21.85,58.88388,15.072783,8,5,7,1,0,57873.3725,45873.4825,50089.746979166666
2023-07-15 09:00:00+02:00,49545.455,49005.9175,24.45,48.863544,14.973577,9,5,7,1,0,58471.74,48781.8525,49642.974375
2023-07-15 10:00:00+02:00,51069.0325,50583.9075,27.2,40.310646,14.689589,10,5,7,1,0,59411.2575,49582.675,49271.04583333334
2023-07-15 11:00:00+02:00,53557.5075,51590.74,29.6,35.873566,14.917212,11,5,7,1,0,60556.565,49985.95,48923.453125
2023-07-15 12:00:00+02:00,53431.04,51535.075,31.5,32.388504,17.283749,12,5,7,1,0,60092.152500000004,49433.32,48631.825729166674
2023-07-15 13:00:00+02:00,51768.7875,50998.7275,32.75,29.397432,18.709612,13,5,7,1,0,58320.057499999995,47996.1225,48354.27937499999
2023-07-15 14:00:00+02:00,49107.947499999995,49735.8225,34.0,24.095594,17.709658,14,5,7,1,0,56224.84,46963.1275,48081.30979166667
2023-07-15 15:00:00+02:00,47963.3,49414.18,33.95,22.982967,17.373497,15,5,7,1,0,55058.4725,46563.652500000004,47784.77260416667
2023-07-15 16:00:00+02:00,47559.1575,48871.167499999996,34.1,23.098406,12.959999,16,5,7,1,0,53990.5025,46485.4275,47489.14041666667
2023-07-15 17:00:00+02:00,47257.8175,48594.86,34.25,23.05965,7.0911775,17,5,7,1,0,54404.0275,47007.8075,47221.16770833334
2023-07-15 18:00:00+02:00,48107.09,48585.7175,34.5,22.066446,5.506941,18,5,7,1,0,54716.385,47477.9275,46923.40895833333
2023-07-15 19:00:00+02:00,47904.225,47763.0775,33.2,23.888391,7.9932966,19,5,7,1,0,53526.13,46737.0075,46648.02166666667
2023-07-15 20:00:00+02:00,46409.345,46203.965,31.4,34.31558,2.2768397,20,5,7,1,0,51400.4025,45151.335,46413.775625
2023-07-15 21:00:00+02:00,44795.07,44395.9725,28.55,39.001484,9.085988,21,5,7,1,0,49549.435,44124.5975,46205.81489583334
2023-07-15 22:00:00+02:00,44963.3475,42986.18,27.05,43.837475,6.638072,22,5,7,1,0,47479.895000000004,43647.17,46007.71635416666
2023-07-15 23:00:00+02:00,41908.08,40788.3575,25.8,48.905846,18.58451,23,5,7,1,0,44535.59,41570.115,45902.86020833333
2023-07-16 00:00:00+02:00,39299.8425,37645.05,23.9,60.135998,15.141414,0,6,7,1,0,42598.2925,39132.255000000005,45793.380625
2023-07-16 01:00:00+02:00,37791.11,36011.3625,22.9,68.29676,20.774214,1,6,7,1,0,40954.885,37132.755000000005,45655.94520833332
2023-07-16 02:00:00+02:00,37073.285,34866.229999999996,21.6,74.863815,4.3349743,2,6,7,1,0,39769.355,35786.545,45524.12125
2023-07-16 03:00:00+02:00,36599.792499999996,34375.582500000004,21.35,78.46096,9.422101,3,6,7,1,0,39517.259999999995,34798.4725,45411.784999999996
2023-07-16 04:00:00+02:00,36108.45,34356.2675,22.25,70.82085,23.770906,4,6,7,1,0,39337.9,34492.565,45290.22385416666
2023-07-16 05:00:00+02:00,35713.0725,34207.14,20.9,76.674225,21.09305,5,6,7,1,0,39282.74,34134.935,45155.66343750001
2023-07-16 06:00:00+02:00,35953.6,34700.395,20.6,81.38709,15.072783,6,6,7,1,0,41203.177500000005,35340.3825,45006.92729166666
2023-07-16 07:00:00+02:00,37857.2575,37246.525,21.2,80.191216,17.072504,7,6,7,1,0,43879.4925,37992.755,44788.19489583333
2023-07-16 08:00:00+02:00,41076.43,40268.97,22.5,73.37553,20.380579,8,6,7,1,0,47150.83,41140.6025,44537.268437499995
2023-07-16 09:00:00+02:00,43289.8275,43228.185,22.5,70.196495,24.933735,9,6,7,1,0,49545.455,43559.935,44284.1684375
2023-07-16 10:00:00+02:00,44749.685,45604.35,23.7,63.03926,22.065973,10,6,7,1,0,51069.0325,45382.455,44023.51729166667
2023-07-16 11:00:00+02:00,46234.68,47635.88,24.85,54.489452,20.633371,11,6,7,1,0,53557.5075,46616.1,43760.21114583333
2023-07-16 12:00:00+02:00,46208.765,47853.005,26.1,46.81542,20.696085,12,6,7,1,0,53431.04,46290.555,43455.09333333333
2023-07-16 13:00:00+02:00,44763.315,47096.1675,26.75,43.612705,21.749481,13,6,7,1,0,51768.7875,44887.0875,43154.16520833333
2023-07-16 14:00:00+02:00,43569.775,46016.509999999995,27.45,37.93745,19.513195,14,6,7,1,0,49107.947499999995,44325.7575,42862.27052083333
2023-07-16 15:00:00+02:00,42799.3875,45080.8825,28.4,32.49315,21.897945,15,6,7,1,0,47963.3,44319.5325,42631.51333333333
2023-07-16 16:00:00+02:00,42558.295,44870.115,28.65,30.151964,23.828083,16,6,7,1,0,47559.1575,44550.9,42416.350312500006
2023-07-16 17:00:00+02:00,43616.555,45137.8125,28.45,29.894753,22.7057,17,6,7,1,0,47257.8175,46663.275,42207.981041666666
2023-07-16 18:00:00+02:00,45253.4625,46353.1825,27.9,30.249586,20.49156,18,6,7,1,0,48107.09,47069.485,42056.261770833335
2023-07-16 19:00:00+02:00,45318.57,46595.81,27.1,30.541592,18.59845,19,6,7,1,0,47904.225,47311.6525,41937.360625
2023-07-16 20:00:00+02:00,44827.415,45755.3825,26.2,32.09511,12.7279215,20,6,7,1,0,46409.345,47206.915,41829.625
2023-07-16 21:00:00+02:00,44010.64,44751.7875,23.4,44.57463,7.172949,21,6,7,1,0,44795.07,46400.78,41763.71125
2023-07-16 22:00:00+02:00,43373.2825,44280.11,22.95,46.109406,5.8603754,22,6,7,1,0,44963.3475,46344.32,41731.026666666665
2023-07-16 23:00:00+02:00,40626.0275,41968.0775,21.45,51.70704,8.287822,23,6,7,1,0,41908.08,43308.7625,41664.77395833333
2023-07-17 00:00:00+02:00,38402.2725,39834.67,20.0,57.670456,7.208994,0,0,7,0,0,39299.8425,41115.3725,41611.355104166665
2023-07-17 01:00:00+02:00,36933.775,38763.6475,17.8,69.28899,8.39657,1,0,7,0,0,37791.11,39481.505,41573.956354166665
2023-07-17 02:00:00+02:00,36137.8925,38249.384999999995,18.6,63.969646,6.924738,2,0,7,0,0,37073.285,38561.5475,41538.2340625
2023-07-17 03:00:00+02:00,36274.582500000004,38802.6,17.05,71.698555,6.638072,3,0,7,0,0,36599.792499999996,38580.185,41499.259375
2023-07-17 04:00:00+02:00,37627.035,40657.86,15.6,80.466324,8.587338,4,0,7,0,0,36108.45,39417.54,41485.708958333336
2023-07-17 05:00:00+02:00,41250.2175,43213.4025,15.45,82.588066,5.8603754,5,0,7,0,0,35713.0725,42658.0775,41548.98333333333
2023-07-17 06:00:00+02:00,48828.2025,49939.2025,16.45,80.58154,6.28713,6,0,7,0,0,35953.6,50155.41,41779.69770833333
2023-07-17 07:00:00+02:00,54142.4275,55268.0425,18.5,73.86292,7.172949,7,0,7,0,0,37857.2575,56307.18,42316.13947916667
2023-07-17 08:00:00+02:00,57522.025,58087.6975,20.3,63.50973,11.090103,8,0,7,0,0,41076.43,60319.2575,42994.68822916666
2023-07-17 09:00:00+02:00,58301.692500000005,58776.33,22.1,49.03895,12.074766,9,0,7,0,0,43289.8275,61880.4975,43679.92135416667
2023-07-17 10:00:00+02:00,59264.92,60152.4775,23.7,44.214848,13.661038,10,0,7,0,0,44749.685,62505.005,44305.41572916667
2023-07-17 11:00:00+02:00,60439.56,61826.3375,24.7,39.74232,20.46941,11,0,7,0,0,46234.68,62801.855,44910.2171875
2023-07-17 12:00:00+02:00,60265.4025,61730.8675,25.25,37.56937,24.448214,12,0,7,0,0,46208.765,61490.3125,45502.0871875
2023-07-17 13:00:00+02:00,59365.8875,60813.4325,25.65,37.057446,23.000591,13,0,7,0,0,44763.315,60388.71,46087.78041666667
2023-07-17 14:00:00+02:00,58266.34,59529.9175,25.95,31.807909,24.448214,14,0,7,0,0,43569.775,59926.7275,46696.2209375
2023-07-17 15:00:00+02:00,57607.46,58672.8225,26.2,29.77761,26.368616,15,0,7,0,0,42799.3875,59089.0925,47308.5778125
2023-07-17 16:00:00+02:00,57156.595,57714.3825,26.35,27.937664,24.693481,16,0,7,0,0,42558.295,58205.2325,47925.58083333333
2023-07-17 17:00:00+02:00,57978.975,56959.6225,25.95,28.311954,24.850431,17,0,7,0,0,43616.555,58156.085,48533.84333333333
2023-07-17 18:00:00+02:00,58270.8775,56560.4875,25.9,27.717842,23.857979,18,0,7,0,0,45253.4625,58278.1375,49132.277500000004
2023-07-17 19:00:00+02:00,57596.545,55963.725,24.55,30.665922,23.857979,19,0,7,0,0,45318.57,57371.0975,49674.66979166667
2023-07-17 20:00:00+02:00,55902.755,53950.0575,23.9,32.55079,22.19773,20,0,7,0,0,44827.415,55122.4825,50186.252083333326
2023-07-17 21:00:00+02:00,53509.755,51953.055,20.0,51.496094,24.458813,21,0,7,0,0,44010.64,52560.1925,50647.724583333336
2023-07-17 22:00:00+02:00,51098.485,49529.5575,18.8,57.75901,12.594856,22,0,7,0,0,43373.2825,50461.4725,51043.52104166666
2023-07-17 23:00:00+02:00,47204.884999999995,46316.57,18.65,59.08602,11.841756,23,0,7,0,0,40626.0275,46604.6,51365.40447916667
2023-07-18 00:00:00+02:00,44528.15,42396.95,17.7,62.71709,12.682018,0,1,7,0,0,38402.2725,43594.115,51639.52354166666
2023-07-18 01:00:00+02:00,42698.91,40993.3975,16.9,65.96967,13.698934,1,1,7,0,0,36933.775,41652.729999999996,51894.768437499995
2023-07-18 02:00:00+02:00,41609.3725,40232.9975,15.55,82.87146,13.276144,2,1,7,0,0,36137.8925,40143.7875,52134.982395833336
2023-07-18 03:00:00+02:00,41509.98,40537.025,14.5,89.24423,12.074766,3,1,7,0,0,36274.582500000004,40431.042499999996,52362.96072916666
2023-07-18 04:00:00+02:00,42143.5225,41766.7725,13.95,92.78142,12.496719,4,1,7,0,0,37627.035,41293.5125,52581.10229166666
2023-07-18 05:00:00+02:00,44513.28,44308.56,13.55,93.98466,10.948973,5,1,7,0,0,41250.2175,43850.575,52769.28927083334
2023-07-18 06:00:00+02:00,50560.4125,49802.98,13.75,93.68662,10.966713,6,1,7,0,0,48828.2025,50608.675,52905.25020833333
2023-07-18 07:00:00+02:00,54949.7425,55592.9,15.0,87.838455,11.966953,7,1,7,0,0,54142.4275,55710.035,52977.425625
2023-07-18 08:00:00+02:00,57943.7475,58348.8725,16.5,80.06384,12.429127,8,1,7,0,0,57522.025,59027.5825,53011.06375
2023-07-18 09:00:00+02:00,58863.96,59106.1325,18.15,70.9671,12.224107,9,1,7,0,0,58301.692500000005,59808.8075,53028.63552083333
2023-07-18 10:00:00+02:00,59434.83,60112.167499999996,19.9,57.64592,13.979871,10,1,7,0,0,59264.92,60820.705,53052.06333333333
2023-07-18 11:00:00+02:00,60531.4125,61557.89750000001,21.25,48.80938,14.618837,11,1,7,0,0,60439.56,62216.0125,53059.142916666664
2023-07-18 12:00:00+02:00,61161.725000000006,61403.555,22.7,41.91799,16.520823,12,1,7,0,0,60265.4025,61864.575,53062.97010416668
2023-07-18 13:00:00+02:00,60423.7975,60651.6375,23.6,37.101578,16.87398,13,1,7,0,0,59365.8875,61136.4825,53100.316875
2023-07-18 14:00:00+02:00,58785.3425,59071.3825,23.75,38.42309,14.471821,14,1,7,0,0,58266.34,60093.085,53144.396458333336
2023-07-18 15:00:00+02:00,57559.9275,58227.6025,24.25,35.92312,15.856356,15,1,7,0,0,57607.46,59273.3725,53166.021562500006
2023-07-18 16:00:00+02:00,56597.33,57189.9775,24.15,34.575806,14.417988,16,1,7,0,0,57156.595,58779.292499999996,53164.04104166667
2023-07-18 17:00:00+02:00,56536.582500000004,56452.85,24.3,32.88879,13.797912,17,1,7,0,0,57978.975,58882.5625,53140.738333333335
2023-07-18 18:00:00+02:00,56218.6075,55932.4325,24.05,33.044067,14.404499,18,1,7,0,0,58270.8775,59363.317500000005,53080.63864583333
2023-07-18 19:00:00+02:00,55525.9675,55444.3675,23.75,34.10998,12.015589,19,1,7,0,0,57596.545,58872.4625,52995.12739583334
2023-07-18 20:00:00+02:00,53565.8425,53663.1975,23.25,35.033733,10.594036,20,1,7,0,0,55902.755,56670.3375,52908.85333333333
2023-07-18 21:00:00+02:00,51675.685,51695.7225,20.95,44.94466,5.1919937,21,1,7,0,0,53509.755,55086.427500000005,52811.48197916666
2023-07-18 22:00:00+02:00,49409.79,48859.1325,19.1,53.37139,7.491114,22,1,7,0,0,51098.485,52859.05,52735.06239583334
2023-07-18 23:00:00+02:00,45692.759999999995,45622.555,17.85,57.717964,6.4799995,23,1,7,0,0,47204.884999999995,48837.43,52664.700104166666
2023-07-19 00:00:00+02:00,43098.195,41566.38,16.7,62.909504,6.9153743,0,2,7,0,0,44528.15,45261.520000000004,52601.69489583333
2023-07-19 01:00:00+02:00,41271.1125,39930.3525,16.5,62.442623,7.172949,1,2,7,0,0,42698.91,43595.8425,52542.113437500004
2023-07-19 02:00:00+02:00,40168.0675,39364.8925,15.65,70.726585,6.2145634,2,2,7,0,0,41609.3725,43347.8,52482.62187499999
2023-07-19 03:00:00+02:00,40159.225,39753.5375,16.4,67.19618,4.3349743,3,2,7,0,0,41509.98,44016.33,52422.567500000005
2023-07-19 04:00:00+02:00,41132.604999999996,41178.744999999995,14.4,80.302025,5.8603754,4,2,7,0,0,42143.5225,44498.8525,52366.286041666666
2023-07-19 05:00:00+02:00,43534.39,43623.9075,13.3,88.8545,8.049845,5,2,7,0,0,44513.28,46200.6875,52324.164479166655
2023-07-19 06:00:00+02:00,49334.975,49206.9025,13.95,89.788795,4.73506,6,2,7,0,0,50560.4125,52225.9025,52283.37739583334
2023-07-19 07:00:00+02:00,54281.465,54900.8475,16.15,77.43257,3.8939953,7,2,7,0,0,54949.7425,56694.0575,52232.317500000005
2023-07-19 08:00:00+02:00,57657.975,57444.15,18.75,63.58191,0.0,8,2,7,0,0,57943.7475,59742.9125,52204.472604166665
2023-07-19 09:00:00+02:00,58639.807499999995,58345.805,20.9,51.21961,3.5455887,9,2,7,0,0,58863.96,61179.645000000004,52192.56541666667
2023-07-19 10:00:00+02:00,60133.805,59497.9475,21.8,46.566334,3.671294,10,2,7,0,0,59434.83,61471.0475,52183.22572916667
2023-07-19 11:00:00+02:00,60737.345,61021.3675,23.5,41.303886,6.763786,11,2,7,0,0,60531.4125,61352.822499999995,52212.349687500006
2023-07-19 12:00:00+02:00,60365.47,60940.1625,24.7,37.920563,14.404499,12,2,7,0,0,61161.725000000006,61774.125,52220.93020833333
2023-07-19 13:00:00+02:00,59410.665,60438.59,24.95,36.735626,16.954432,13,2,7,0,0,60423.7975,61114.2875,52187.75291666667
2023-07-19 14:00:00+02:00,57870.8625,59375.3475,24.65,38.93821,13.551501,14,2,7,0,0,58785.3425,59968.0625,52145.5390625
2023-07-19 15:00:00+02:00,57052.305,58376.065,24.75,40.695847,14.05845,15,2,7,0,0,57559.9275,59488.6675,52107.43572916666
2023-07-19 16:00:00+02:00,56196.3525,57420.2575,25.25,38.331623,15.7908325,16,2,7,0,0,56597.33,58700.8125,52086.284791666665
2023-07-19 17:00:00+02:00,56453.6875,56826.21,22.4,49.610123,17.826363,17,2,7,0,0,56536.582500000004,58132.24,52069.57739583334
2023-07-19 18:00:00+02:00,56362.025,56557.605,22.6,48.68753,14.693999,18,2,7,0,0,56218.6075,58576.5825,52066.123437500006
2023-07-19 19:00:00+02:00,55751.84,55059.935,22.35,48.943707,11.212135,19,2,7,0,0,55525.9675,57585.3675,52072.09916666666
2023-07-19 20:00:00+02:00,53477.7325,52623.9725,20.95,54.02909,11.753876,20,2,7,0,0,53565.8425,54870.805,52081.51052083334
2023-07-19 21:00:00+02:00,51695.9475,49908.255,19.75,60.537052,5.0142193,21,2,7,0,0,51675.685,52657.08,52077.839270833334
2023-07-19 22:00:00+02:00,49162.435,46982.7475,18.0,72.10924,5.1544156,22,2,7,0,0,49409.79,50206.177500000005,52078.683541666665
2023-07-19 23:00:00+02:00,45089.09,43592.0225,17.2,79.12466,6.1305785,23,2,7,0,0,45692.759999999995,45751.21,52068.37708333333
2023-07-20 00:00:00+02:00,42508.535,42668.3975,16.5,83.25618,7.172949,0,3,7,0,0,43098.195,42794.3725,52043.22416666666
2023-07-20 01:00:00+02:00,40760.177500000005,41520.2025,16.6,82.72863,9.0,1,3,7,0,0,41271.1125,41460.995,52018.655
2023-07-20 02:00:00+02:00,40052.3525,40605.2725,14.95,92.23423,11.841756,2,3,7,0,0,40168.0675,40693.47,51997.366041666675
2023-07-20 03:00:00+02:00,39795.985,40582.485,15.15,90.7601,11.592895,3,3,7,0,0,40159.225,40928.14,51992.54458333333
2023-07-20 04:00:00+02:00,41305.8425,41739.5225,14.45,94.63918,9.793059,4,3,7,0,0,41132.604999999996,42210.3825,51977.409583333334
2023-07-20 05:00:00+02:00,43701.845,44491.0525,14.05,96.805374,9.0,5,3,7,0,0,43534.39,43910.2875,51984.6278125
2023-07-20 06:00:00+02:00,49840.74,50075.6275,14.05,96.17734,11.27553,6,3,7,0,0,49334.975,50154.7525,51991.605104166665
2023-07-20 07:00:00+02:00,54688.18,54104.53,14.95,89.27976,14.021525,7,3,7,0,0,54281.465,54753.557499999995,52012.67864583333
2023-07-20 08:00:00+02:00,58112.5075,55737.845,16.15,80.01542,13.70839,8,3,7,0,0,57657.975,58063.03,52029.62510416666
2023-07-20 09:00:00+02:00,59262.427500000005,56375.2375,17.35,71.518486,14.182355,9,3,7,0,0,58639.807499999995,59250.322499999995,52048.56395833333
2023-07-20 10:00:00+02:00,59373.07,57711.925,18.8,62.551617,15.141414,10,3,7,0,0,60133.805,60182.2275,52074.50645833334
2023-07-20 11:00:00+02:00,60561.104999999996,58859.035,19.55,56.98905,16.418526,11,3,7,0,0,60737.345,61724.86,52042.80916666667
2023-07-20 12:00:00+02:00,60822.8825,58745.625,19.45,57.91866,21.53089,12,3,7,0,0,60365.47,61208.3675,52035.46583333333
2023-07-20 13:00:00+02:00,59641.82,58533.442500000005,18.2,66.90437,16.327497,13,3,7,0,0,59410.665,60986.78,52054.5246875
2023-07-20 14:00:00+02:00,58300.2525,57952.97,19.65,57.393707,13.138765,14,3,7,0,0,57870.8625,60254.8375,52064.15614583332
2023-07-20 15:00:00+02:00,56990.1725,56632.005000000005,21.65,42.04756,15.542662,15,3,7,0,0,57052.305,59319.3275,52082.04739583334
2023-07-20 16:00:00+02:00,56309.4,55626.97,22.15,37.45111,20.037485,16,3,7,0,0,56196.3525,58129.115,52079.45854166666
2023-07-20 17:00:00+02:00,56414.91,55065.305,21.85,38.012012,19.855558,17,3,7,0,0,56453.6875,58195.854999999996,52084.168854166666
2023-07-20 18:00:00+02:00,56476.015,55063.385,21.85,37.49386,19.966211,18,3,7,0,0,56362.025,58346.655,52082.553125
2023-07-20 19:00:00+02:00,55291.35,54795.292499999996,21.0,40.31868,19.513195,19,3,7,0,0,55751.84,57128.567500000005,52087.30270833333
2023-07-20 20:00:00+02:00,53310.6625,53211.3725,19.65,46.919384,16.418526,20,3,7,0,0,53477.7325,54349.1575,52068.115625
2023-07-20 21:00:00+02:00,51301.6075,51298.9475,18.3,53.342445,10.296251,21,3,7,0,0,51695.9475,52275.03,52061.154375000006
2023-07-20 22:00:00+02:00,48926.445,48576.9425,16.75,60.84129,6.830519,22,3,7,0,0,49162.435,50357.59,52044.723541666666
2023-07-20 23:00:00+02:00,45651.755,45316.3725,15.25,69.70978,5.4833565,23,3,7,0,0,45089.09,46823.2175,52034.890625
2023-07-21 00:00:00+02:00,43115.62,42297.8225,14.15,77.8977,7.729527,0,4,7,0,0,42508.535,44309.42,52058.335
2023-07-21 01:00:00+02:00,41022.22,40842.9725,13.85,79.693,6.130579,1,4,7,0,0,40760.177500000005,42574.5625,52083.630208333336
2023-07-21 02:00:00+02:00,40000.425,39703.15,13.25,84.53808,6.130579,2,4,7,0,0,40052.3525,41826.905,52094.54864583333
2023-07-21 03:00:00+02:00,40024.24,39641.685,11.55,91.42102,8.766573,3,4,7,0,0,39795.985,41513.777500000004,52092.385
2023-07-21 04:00:00+02:00,40940.51,40785.4925,11.85,90.22884,6.4799995,4,4,7,0,0,41305.8425,42031.53,52101.895625000005
2023-07-21 05:00:00+02:00,43231.0525,43168.75,12.9,88.821556,3.396233,5,4,7,0,0,43701.845,44331.0475,52086.6734375
2023-07-21 06:00:00+02:00,49282.1125,48628.3925,13.25,88.85039,2.52,6,4,7,0,0,49840.74,50478.4375,52067.05708333334
2023-07-21 07:00:00+02:00,53683.6925,54482.24,14.6,82.755844,5.0142193,7,4,7,0,0,54688.18,55268.745,52043.7809375
2023-07-21 08:00:00+02:00,56798.5275,57193.7425,16.65,69.752075,6.379216,8,4,7,0,0,58112.5075,57873.3725,52001.927291666674
2023-07-21 09:00:00+02:00,58108.755000000005,58457.2075,18.8,57.566544,8.287822,9,4,7,0,0,59262.427500000005,58471.74,51947.178125
2023-07-21 10:00:00+02:00,58643.6275,59210.645000000004,19.8,50.41564,7.771331,10,4,7,0,0,59373.07,59411.2575,51899.1084375
2023-07-21 11:00:00+02:00,58962.71,59650.17,20.5,45.585667,4.6938257,11,4,7,0,0,60561.104999999996,60556.565,51868.715
2023-07-21 12:00:00+02:00,58430.1875,59565.78,21.0,43.019695,2.9024127,12,4,7,0,0,60822.8825,60092.152500000004,51802.11520833333
2023-07-21 13:00:00+02:00,57295.89,58688.865,19.25,54.313606,6.0347,13,4,7,0,0,59641.82,58320.057499999995,51702.41958333333
2023-07-21 14:00:00+02:00,55109.94,57644.28,19.25,58.062332,5.0142193,14,4,7,0,0,58300.2525,56224.84,51604.67250000001
2023-07-21 15:00:00+02:00,54878.6625,56328.630000000005,20.1,54.169968,4.802999,15,4,7,0,0,56990.1725,55058.4725,51471.74281249999
2023-07-21 16:00:00+02:00,54652.9275,55094.207500000004,19.95,55.59247,7.208994,16,4,7,0,0,56309.4,53990.5025,51383.763229166674
2023-07-21 17:00:00+02:00,53860.2625,54990.2425,20.1,54.89588,7.9526596,17,4,7,0,0,56414.91,54404.0275,51314.74354166666
2023-07-21 18:00:00+02:00,53391.2625,54715.3275,21.05,46.98801,9.0,18,4,7,0,0,56476.015,54716.385,51208.299895833334
2023-07-21 19:00:00+02:00,52277.95,53368.6125,20.8,44.902798,10.883676,19,4,7,0,0,55291.35,53526.13,51079.76854166667
2023-07-21 20:00:00+02:00,49898.854999999996,51378.1475,20.0,48.306164,15.745627,20,4,7,0,0,53310.6625,51400.4025,50954.21020833333
2023-07-21 21:00:00+02:00,48023.5925,49044.182499999995,15.8,79.96683,9.83268,21,4,7,0,0,51301.6075,49549.435,50812.05156249999
2023-07-21 22:00:00+02:00,45765.49,46657.6825,15.7,81.01003,3.671294,22,4,7,0,0,48926.445,47479.895000000004,50675.46760416666
2023-07-21 23:00:00+02:00,42529.895000000004,43383.63,14.45,87.78957,5.634891,23,4,7,0,0,45651.755,44535.59,50543.76114583333
2023-07-22 00:00:00+02:00,39793.6125,40610.42,14.05,90.387566,6.638072,0,5,7,1,0,43115.62,42598.2925,50413.683645833335
2023-07-22 01:00:00+02:00,38447.2975,38894.675,14.05,89.50202,8.209263,1,5,7,1,0,41022.22,40954.885,50275.26666666666
2023-07-22 02:00:00+02:00,37345.63,37999.805,13.8,93.68902,9.0,2,5,7,1,0,40000.425,39769.355,50167.97822916667
2023-07-22 03:00:00+02:00,36683.3525,37530.3625,13.85,93.08023,15.39184,3,5,7,1,0,40024.24,39517.259999999995,50057.361770833326
2023-07-22 04:00:00+02:00,36654.795,37608.4075,13.55,90.35182,16.203999,4,5,7,1,0,40940.51,39337.9,49918.158124999994
2023-07-22 05:00:00+02:00,36736.8625,37779.692500000005,12.95,93.957245,14.440443,5,5,7,1,0,43231.0525,39282.74,49739.58666666666
2023-07-22 06:00:00+02:00,38326.735,38581.85,13.0,94.26925,14.512064,6,5,7,1,0,49282.1125,41203.177500000005,49468.995416666665
2023-07-22 07:00:00+02:00,41037.5,41775.2675,14.4,82.73137,17.313717,7,5,7,1,0,53683.6925,43879.4925,49012.521354166674
2023-07-22 08:00:00+02:00,44340.0075,44719.8875,15.4,76.299866,18.64369,8,5,7,1,0,56798.5275,47150.83,48485.59666666667
2023-07-22 09:00:00+02:00,46558.8575,47240.292499999996,16.75,63.77012,21.03152,9,5,7,1,0,58108.755000000005,49545.455,47966.49166666666
2023-07-22 10:00:00+02:00,48318.9725,49012.745,18.0,55.096306,23.177402,10,5,7,1,0,58643.6275,51069.0325,47485.2459375
2023-07-22 11:00:00+02:00,49330.4825,49884.225000000006,19.05,51.765106,24.162945,11,5,7,1,0,58962.71,53557.5075,47055.05197916667
2023-07-22 12:00:00+02:00,48043.445,50359.31,19.75,50.23274,22.68,12,5,7,1,0,58430.1875,53431.04,46653.70916666667
2023-07-22 13:00:00+02:00,46248.1875,49877.095,20.85,46.61768,20.883104,13,5,7,1,0,57295.89,51768.7875,46220.92822916667
2023-07-22 14:00:00+02:00,45010.235,49242.1975,20.7,44.11981,21.2522,14,5,7,1,0,55109.94,49107.947499999995,45760.60729166667
2023-07-22 15:00:00+02:00,44644.0575,48070.854999999996,20.8,43.404167,22.148045,15,5,7,1,0,54878.6625,47963.3,45339.786250000005
2023-07-22 16:00:00+02:00,44565.645000000004,47433.7975,21.15,41.19762,18.888851,16,5,7,1,0,54652.9275,47559.1575,44913.34437500001
2023-07-22 17:00:00+02:00,45205.2475,47259.4525,21.55,40.20006,16.676977,17,5,7,1,0,53860.2625,47257.8175,44493.04093750001
2023-07-22 18:00:00+02:00,45704.385,47680.57,21.65,40.503777,16.73516,18,5,7,1,0,53391.2625,48107.09,44132.4153125
2023-07-22 19:00:00+02:00,45105.735,46862.770000000004,21.1,42.322147,15.629972,19,5,7,1,0,52277.95,47904.225,43812.12875
2023-07-22 20:00:00+02:00,43767.695,44731.6025,20.35,46.322388,10.440001,20,5,7,1,0,49898.854999999996,46409.345,43513.286458333336
2023-07-22 21:00:00+02:00,42641.21,42879.384999999995,19.2,54.665802,4.896529,21,5,7,1,0,48023.5925,44795.07,43257.82145833333
2023-07-22 22:00:00+02:00,41140.205,41497.595,17.6,60.229504,4.39436,22,5,7,1,0,45765.49,44963.3475,43033.55552083333
2023-07-22 23:00:00+02:00,38765.667499999996,39178.68,15.95,64.88786,5.991594,23,5,7,1,0,42529.895000000004,41908.08,42840.83531250001
2023-07-23 00:00:00+02:00,36384.8925,37901.3225,16.05,64.47497,7.653705,0,6,7,1,0,39793.6125,39299.8425,42683.9925
2023-07-23 01:00:00+02:00,35285.075,36222.542499999996,16.5,61.81532,8.4963045,1,6,7,1,0,38447.2975,37791.11,42541.9625
2023-07-23 02:00:00+02:00,34880.955,34697.6475,17.0,59.884438,10.8955765,2,6,7,1,0,37345.63,37073.285,42410.20322916667
2023-07-23 03:00:00+02:00,34143.475,34169.375,16.8,60.853115,9.72,3,6,7,1,0,36683.3525,36599.792499999996,42307.5084375
2023-07-23 04:00:00+02:00,34515.9475,34080.7975,16.8,59.63492,10.464798,4,6,7,1,0,36654.795,36108.45,42201.68020833333
2023-07-23 05:00:00+02:00,34270.66,34296.315,16.3,66.50525,9.931042,5,6,7,1,0,36736.8625,35713.0725,42112.5615625
2023-07-23 06:00:00+02:00,34977.7975,34436.19,15.8,75.11256,10.144082,6,6,7,1,0,38326.735,35953.6,42009.803125
2023-07-23 07:00:00+02:00,37167.575,36984.6875,15.75,78.65598,10.739832,7,6,7,1,0,41037.5,37857.2575,41870.2640625
2023-07-23 08:00:00+02:00,39891.6725,40378.7825,16.6,77.501724,9.504273,8,6,7,1,0,44340.0075,41076.43,41709.0171875
2023-07-23 09:00:00+02:00,42792.495,44043.91,18.6,65.89566,11.183201,9,6,7,1,0,46558.8575,43289.8275,41523.66989583333
2023-07-23 10:00:00+02:00,44545.32,46341.465,20.15,57.707264,12.979984,10,6,7,1,0,48318.9725,44749.685,41366.738125
2023-07-23 11:00:00+02:00,45872.91,47882.535,20.95,53.67236,14.241629,11,6,7,1,0,49330.4825,46234.68,41209.502604166664
2023-07-23 12:00:00+02:00,46092.3475,48026.6925,24.35,41.959976,16.516901,12,6,7,1,0,48043.445,46208.765,41065.43708333333
2023-07-23 13:00:00+02:00,45053.02,46654.075,25.7,38.330555,22.065973,13,6,7,1,0,46248.1875,44763.315,40984.14135416667
2023-07-23 14:00:00+02:00,44328.6225,45573.66,26.75,34.1483,23.051247,14,6,7,1,0,45010.235,43569.775,40934.34270833333
2023-07-23 15:00:00+02:00,43873.125,45017.942500000005,27.75,28.515793,23.78453,15,6,7,1,0,44644.0575,42799.3875,40905.942187500004
2023-07-23 16:00:00+02:00,44109.21,45333.707500000004,26.5,32.070545,31.557032,16,6,7,1,0,44565.645000000004,42558.295,40873.82
2023-07-23 17:00:00+02:00,45359.0825,45188.1925,25.15,33.129124,30.96837,17,6,7,1,0,45205.2475,43616.555,40854.801875
2023-07-23 18:00:00+02:00,46542.78,45413.207500000004,23.75,42.354248,25.864943,18,6,7,1,0,45704.385,45253.4625,40861.21166666666
2023-07-23 19:00:00+02:00,46095.11,45544.1175,23.8,44.095863,27.852928,19,6,7,1,0,45105.735,45318.57,40896.14479166667
2023-07-23 20:00:00+02:00,45209.770000000004,44844.91,22.95,47.98201,23.277834,20,6,7,1,0,43767.695,44827.415,40937.36875
2023-07-23 21:00:00+02:00,44063.1675,43791.07,21.7,53.688114,16.79314,21,6,7,1,0,42641.21,44010.64,40997.45520833333
2023-07-23 22:00:00+02:00,43300.0225,43323.9075,19.9,61.982117,14.05845,22,6,7,1,0,41140.205,43373.2825,41056.7034375
2023-07-23 23:00:00+02:00,41335.8475,40973.8875,19.15,66.66402,13.237038,23,6,7,1,0,38765.667499999996,40626.0275,41146.69583333333
2023-07-24 00:00:00+02:00,39417.8725,39136.085,18.7,71.3023,13.513193,0,0,7,0,0,36384.8925,38402.2725,41253.78666666667
2023-07-24 01:00:00+02:00,38420.035,37885.067500000005,18.45,74.5773,14.512064,1,0,7,0,0,35285.075,36933.775,41380.160833333335
2023-07-24 02:00:00+02:00,37602.6725,37213.3225,17.65,87.5079,17.462784,2,0,7,0,0,34880.955,36137.8925,41510.784166666665
2023-07-24 03:00:00+02:00,37416.927500000005,37770.285,17.85,88.08726,17.555307,3,0,7,0,0,34143.475,36274.582500000004,41624.1890625
2023-07-24 04:00:00+02:00,38238.065,39481.4475,17.7,89.49316,10.239453,4,0,7,0,0,34515.9475,37627.035,41760.582916666666
2023-07-24 05:00:00+02:00,41946.14,42519.822499999995,17.3,90.61519,15.2947035,5,0,7,0,0,34270.66,41250.2175,41915.67114583334
2023-07-24 06:00:00+02:00,48899.7325,48244.63,18.05,87.54381,16.299694,6,0,7,0,0,34977.7975,48828.2025,42235.4828125
2023-07-24 07:00:00+02:00,53860.63,53532.520000000004,18.65,85.94083,15.03835,7,0,7,0,0,37167.575,54142.4275,42815.5634375
2023-07-24 08:00:00+02:00,57758.3575,56613.1025,19.8,81.28435,13.493999,8,0,7,0,0,39891.6725,57522.025,43511.107395833336
2023-07-24 09:00:00+02:00,60041.0275,57764.0475,21.75,70.27801,14.480773,9,0,7,0,0,42792.495,58301.692500000005,44255.552604166674
2023-07-24 10:00:00+02:00,61304.7475,58668.34,23.25,60.955536,18.289274,10,0,7,0,0,44545.32,59264.92,44974.24145833333
2023-07-24 11:00:00+02:00,62445.945,60300.395000000004,24.55,56.19264,18.626305,11,0,7,0,0,45872.91,60439.56,45672.5509375
2023-07-24 12:00:00+02:00,61533.38,60730.8125,25.9,49.88974,18.335276,12,0,7,0,0,46092.3475,60265.4025,46363.0940625
2023-07-24 13:00:00+02:00,60635.69,60062.1325,27.3,45.058277,19.008545,13,0,7,0,0,45053.02,59365.8875,47006.47041666667
2023-07-24 14:00:00+02:00,59396.675,58940.055,27.5,41.734684,26.562046,14,0,7,0,0,44328.6225,58266.34,47655.74833333333
2023-07-24 15:00:00+02:00,56484.979999999996,57913.5,23.1,64.535095,24.842607,15,0,7,0,0,43873.125,57607.46,48283.583854166674
2023-07-24 16:00:00+02:00,55595.8525,56976.1575,23.5,61.799126,16.039202,16,0,7,0,0,44109.21,57156.595,48809.07781250001
2023-07-24 17:00:00+02:00,55648.92,56625.0925,22.8,65.927986,12.015589,17,0,7,0,0,45359.0825,57978.975,49287.68791666667
2023-07-24 18:00:00+02:00,55528.1825,56173.305,22.45,69.0811,10.041354,18,0,7,0,0,46542.78,58270.8775,49716.43114583334
2023-07-24 19:00:00+02:00,54828.745,54581.0675,23.2,62.127945,9.449572,19,0,7,0,0,46095.11,57596.545,50090.822916666664
2023-07-24 20:00:00+02:00,52805.3875,52103.2475,18.95,86.24437,7.5685663,20,0,7,0,0,45209.770000000004,55902.755,50454.724375
2023-07-24 21:00:00+02:00,50729.1025,49339.685,19.1,87.63734,9.983106,21,0,7,0,0,44063.1675,53509.755,50771.2084375
2023-07-24 22:00:00+02:00,48296.785,46596.8875,18.3,92.4248,14.113652,22,0,7,0,0,43300.0225,51098.485,51048.955729166664
2023-07-24 23:00:00+02:00,45057.442500000005,43255.130000000005,17.65,92.978004,15.379206,23,0,7,0,0,41335.8475,47204.884999999995,51257.15416666667
2023-07-25 00:00:00+02:00,42423.4225,39640.240000000005,17.15,92.9519,17.227419,0,1,7,0,0,39417.8725,44528.15,51412.22062500001
2023-07-25 01:00:00+02:00,41185.3775,38176.5525,16.65,93.22382,19.296133,1,1,7,0,0,38420.035,42698.91,51537.451875
2023-07-25 02:00:00+02:00,40658.295,37403.16,16.1,93.19596,16.167967,2,1,7,0,0,37602.6725,41609.3725,51652.674479166664
2023-07-25 03:00:00+02:00,40821.9275,37450.3125,15.5,93.46689,16.263872,3,1,7,0,0,37416.927500000005,41509.98,51779.99208333334
2023-07-25 04:00:00+02:00,41193.6475,38934.655,15.3,94.063576,16.263872,4,1,7,0,0,38238.065,42143.5225,51921.86708333334
2023-07-25 05:00:00+02:00,43777.9025,41987.54,15.3,92.25447,15.188415,5,1,7,0,0,41946.14,44513.28,52045.01635416667
2023-07-25 06:00:00+02:00,49294.2275,48038.5225,14.75,92.222626,15.463244,6,1,7,0,0,48899.7325,50560.4125,52121.339791666665
2023-07-25 07:00:00+02:00,53706.345,53867.0625,15.2,87.000114,15.192682,7,1,7,0,0,53860.63,54949.7425,52137.77708333334
2023-07-25 08:00:00+02:00,56564.31,56637.182499999995,16.1,79.74674,15.629972,8,1,7,0,0,57758.3575,57943.7475,52131.348541666666
2023-07-25 09:00:00+02:00,58257.29,57572.4725,17.25,71.49988,14.973576,9,1,7,0,0,60041.0275,58863.96,52081.596562499995
2023-07-25 10:00:00+02:00,59533.9625,58370.27,18.55,62.28803,15.158522,10,1,7,0,0,61304.7475,59434.83,52007.27416666666
2023-07-25 11:00:00+02:00,60627.82,59807.555,19.95,53.23548,15.111424,11,1,7,0,0,62445.945,60531.4125,51933.49145833334
2023-07-25 12:00:00+02:00,59706.8675,60419.99,21.15,46.231255,14.84318,12,1,7,0,0,61533.38,61161.725000000006,51857.736249999994
2023-07-25 13:00:00+02:00,58559.417499999996,60049.19,21.7,42.63577,13.75558,13,1,7,0,0,60635.69,60423.7975,51781.6315625
2023-07-25 14:00:00+02:00,58264.41,58817.675,21.1,45.75239,13.979871,14,1,7,0,0,59396.675,58785.3425,51695.120208333334
2023-07-25 15:00:00+02:00,57118.3625,57519.035,21.75,42.649853,12.768586,15,1,7,0,0,56484.979999999996,57559.9275,51647.9425
2023-07-25 16:00:00+02:00,55930.270000000004,56532.1475,21.85,39.875706,11.440979,16,1,7,0,0,55595.8525,56597.33,51674.3334375
2023-07-25 17:00:00+02:00,55661.9875,56005.67,21.45,39.625942,10.948973,17,1,7,0,0,55648.92,56536.582500000004,51688.267499999994
2023-07-25 18:00:00+02:00,55172.525,55697.3825,21.3,39.044003,13.004922,18,1,7,0,0,55528.1825,56218.6075,51688.81197916667
2023-07-25 19:00:00+02:00,54367.345,54306.38,20.6,41.323402,15.7908325,19,1,7,0,0,54828.745,55525.9675,51673.99291666667
2023-07-25 20:00:00+02:00,52120.5725,51927.8975,19.05,50.55508,19.09358,20,1,7,0,0,52805.3875,53565.8425,51654.767916666664
2023-07-25 21:00:00+02:00,50595.005,49306.9,17.7,58.65855,16.78156,21,1,7,0,0,50729.1025,51675.685,51626.23395833333
2023-07-25 22:00:00+02:00,47919.975,46430.792499999996,17.1,63.423145,11.966954,22,1,7,0,0,48296.785,49409.79,51620.646562500006
2023-07-25 23:00:00+02:00,44394.854999999996,42915.82,16.8,66.610916,11.792404,23,1,7,0,0,45057.442500000005,45692.759999999995,51604.94614583333
2023-07-26 00:00:00+02:00,42038.9675,39954.7175,16.2,69.89603,12.864649,0,2,7,0,0,42423.4225,43098.195,51577.338333333326
2023-07-26 01:00:00+02:00,40592.5625,38234.12,15.5,71.40932,14.986553,1,2,7,0,0,41185.3775,41271.1125,51561.319375
2023-07-26 02:00:00+02:00,39856.375,37670.1725,15.05,68.50959,14.512064,2,2,7,0,0,40658.295,40168.0675,51536.618749999994
2023-07-26 03:00:00+02:00,40103.54,38034.9625,14.15,69.49214,14.021525,3,2,7,0,0,40821.9275,40159.225,51503.205416666664
2023-07-26 04:00:00+02:00,40732.7025,39797.552500000005,13.15,73.41118,13.684735,4,2,7,0,0,41193.6475,41132.604999999996,51473.27260416667
2023-07-26 05:00:00+02:00,43342.66,42881.51,12.1,79.981476,12.864649,5,2,7,0,0,43777.9025,43534.39,51454.066562500004
2023-07-26 06:00:00+02:00,49318.705,47956.509999999995,12.05,81.88631,12.496719,6,2,7,0,0,49294.2275,49334.975,51435.93145833333
2023-07-26 07:00:00+02:00,53712.45,53333.92,13.05,78.51726,11.525623,7,2,7,0,0,53706.345,54281.465,51436.95135416667
2023-07-26 08:00:00+02:00,56796.6475,56538.425,14.05,74.067406,15.856356,8,2,7,0,0,56564.31,57657.975,51437.205729166664
2023-07-26 09:00:00+02:00,58583.2625,58103.3875,15.65,68.63112,16.299694,9,2,7,0,0,58257.29,58639.807499999995,51446.88645833334
2023-07-26 10:00:00+02:00,59833.7,59171.705,17.25,60.348473,16.039202,10,2,7,0,0,59533.9625,60133.805,51460.46864583334
2023-07-26 11:00:00+02:00,60376.1125,59841.6,18.5,55.22418,17.313717,11,2,7,0,0,60627.82,60737.345,51472.95770833333
2023-07-26 12:00:00+02:00,60196.3025,59940.207500000004,19.1,51.43012,18.733839,12,2,7,0,0,59706.8675,60365.47,51462.46989583334
2023-07-26 13:00:00+02:00,58046.685,59420.3775,19.8,46.01296,18.416384,13,2,7,0,0,58559.417499999996,59410.665,51482.86302083333
2023-07-26 14:00:00+02:00,56358.3975,58168.705,15.0,72.27615,17.698677,14,2,7,0,0,58264.41,57870.8625,51461.49916666667
2023-07-26 15:00:00+02:00,55653.2375,56936.5175,18.45,56.714832,12.245294,15,2,7,0,0,57118.3625,57052.305,51382.081979166665
2023-07-26 16:00:00+02:00,55290.322499999995,55389.0125,19.85,49.41992,15.876775,16,2,7,0,0,55930.270000000004,56196.3525,51321.035104166665
2023-07-26 17:00:00+02:00,55214.3475,55316.675,19.75,44.76137,15.941944,17,2,7,0,0,55661.9875,56453.6875,51294.370625
2023-07-26 18:00:00+02:00,54691.175,54832.3375,19.25,45.703186,17.418196,18,2,7,0,0,55172.525,56362.025,51275.71895833333
2023-07-26 19:00:00+02:00,54012.895000000004,53715.9375,18.2,52.243492,14.458382,19,2,7,0,0,54367.345,55751.84,51255.66270833334
2023-07-26 20:00:00+02:00,51926.9875,50838.2725,17.7,54.46335,11.901798,20,2,7,0,0,52120.5725,53477.7325,51240.893958333334
2023-07-26 21:00:00+02:00,50484.1275,48517.9275,16.35,61.780434,6.9247384,21,2,7,0,0,50595.005,51695.9475,51232.82791666667
2023-07-26 22:00:00+02:00,47396.045,45879.165,16.2,64.07614,8.435069,22,2,7,0,0,47919.975,49162.435,51228.20802083333
2023-07-26 23:00:00+02:00,43751.7725,42444.31,15.6,68.391525,8.707237,23,2,7,0,0,44394.854999999996,45089.09,51206.377604166664
2023-07-27 00:00:00+02:00,41734.7825,40346.97,14.75,73.449135,9.693296,0,3,7,0,0,42038.9675,42508.535,51179.5825
2023-07-27 01:00:00+02:00,40520.025,38553.295,14.15,76.60796,8.557102,1,3,7,0,0,40592.5625,40760.177500000005,51166.90812500001
2023-07-27 02:00:00+02:00,39705.167499999996,37852.8225,13.7,80.47319,12.641076,2,3,7,0,0,39856.375,40052.3525,51163.88572916667
2023-07-27 03:00:00+02:00,39713.765,38019.6875,12.5,87.6139,8.707237,3,3,7,0,0,40103.54,39795.985,51157.58541666667
2023-07-27 04:00:00+02:00,40765.417499999996,39536.479999999996,12.0,91.45002,9.290511,4,3,7,0,0,40732.7025,41305.8425,51141.34479166666
2023-07-27 05:00:00+02:00,43601.505,42617.725,11.95,91.75169,10.182337,5,3,7,0,0,43342.66,43701.845,51142.707916666666
2023-07-27 06:00:00+02:00,49678.06,47635.205,12.2,89.35724,12.031756,6,3,7,0,0,49318.705,49840.74,51153.493125
2023-07-27 07:00:00+02:00,54412.785,52474.875,13.75,81.83118,12.397806,7,3,7,0,0,53712.45,54688.18,51168.46625
2023-07-27 08:00:00+02:00,57348.41,55429.9125,15.35,73.80045,11.592895,8,3,7,0,0,56796.6475,58112.5075,51197.646875
2023-07-27 09:00:00+02:00,58991.2275,56680.3125,17.35,66.0657,12.57426,9,3,7,0,0,58583.2625,59262.427500000005,51220.63697916667
2023-07-27 10:00:00+02:00,60553.88,58332.067500000005,18.8,58.92575,14.182355,10,3,7,0,0,59833.7,59373.07,51237.63552083333
2023-07-27 11:00:00+02:00,61453.1775,59460.2925,19.95,53.413605,15.856354,11,3,7,0,0,60376.1125,60561.104999999996,51267.64302083334
2023-07-27 12:00:00+02:00,60504.8225,59518.4025,18.9,59.343296,17.309975,12,3,7,0,0,60196.3025,60822.8825,51312.52072916667
2023-07-27 13:00:00+02:00,59448.705,58327.872500000005,18.7,61.502045,11.720751,13,3,7,0,0,58046.685,59641.82,51325.37572916667
2023-07-27 14:00:00+02:00,58419.6475,56610.225,18.8,66.59085,17.015474,14,3,7,0,0,56358.3975,58300.2525,51383.79322916667
2023-07-27 15:00:00+02:00,57276.8975,55666.082500000004,17.7,75.92114,18.043148,15,3,7,0,0,55653.2375,56990.1725,51469.67864583334
2023-07-27 16:00:00+02:00,56134.3875,54716.1375,17.65,81.2663,14.973576,16,3,7,0,0,55290.322499999995,56309.4,51537.331145833334
2023-07-27 17:00:00+02:00,56479.292499999996,54345.235,17.55,77.3946,18.888851,17,3,7,0,0,55214.3475,56414.91,51572.50052083333
2023-07-27 18:00:00+02:00,55853.020000000004,54106.0925,17.6,78.160614,15.034041,18,3,7,0,0,54691.175,56476.015,51625.2065625
2023-07-27 19:00:00+02:00,54310.49,53210.475,17.25,80.68908,18.129137,19,3,7,0,0,54012.895000000004,55291.35,51673.61677083333
2023-07-27 20:00:00+02:00,51775.7375,50946.7,16.35,89.101166,15.84409,20,3,7,0,0,51926.9875,53310.6625,51686.0165625
2023-07-27 21:00:00+02:00,49952.270000000004,48676.104999999996,16.45,89.68557,14.512064,21,3,7,0,0,50484.1275,51301.6075,51679.714479166665
2023-07-27 22:00:00+02:00,47494.6425,45966.095,16.5,90.851715,12.496719,22,3,7,0,0,47396.045,48926.445,51657.55375
2023-07-27 23:00:00+02:00,44117.3225,42719.475,16.65,91.154144,12.181625,23,3,7,0,0,43751.7725,45651.755,51661.66197916667
2023-07-28 00:00:00+02:00,41744.6925,40068.665,16.55,92.92038,11.4862,0,4,7,0,0,41734.7825,43115.62,51676.893229166664
2023-07-28 01:00:00+02:00,40429.295,38484.215000000004,16.5,93.216225,11.609651,1,4,7,0,0,40520.025,41022.22,51677.30614583333
2023-07-28 02:00:00+02:00,39654.8925,37798.86,16.4,94.71743,13.363711,2,4,7,0,0,39705.167499999996,40000.425,51673.525729166664
2023-07-28 03:00:00+02:00,39905.9025,38014.1975,16.4,95.021255,12.758432,3,4,7,0,0,39713.765,40024.24,51671.4309375
2023-07-28 04:00:00+02:00,40659.915,39654.35,16.5,94.41867,15.629971,4,4,7,0,0,40765.417499999996,40940.51,51679.436666666676
2023-07-28 05:00:00+02:00,43325.215,42403.655,16.75,94.73127,17.22742,5,4,7,0,0,43601.505,43231.0525,51675.040729166656
2023-07-28 06:00:00+02:00,49006.75,46931.77,16.3,97.16983,17.782688,6,4,7,0,0,49678.06,49282.1125,51663.528645833336
2023-07-28 07:00:00+02:00,53952.3725,51837.72,16.75,94.429115,17.447933,7,4,7,0,0,54412.785,53683.6925,51635.55739583333
2023-07-28 08:00:00+02:00,57660.99,54513.255,17.55,90.34348,19.35314,8,4,7,0,0,57348.41,56798.5275,51616.37354166667
2023-07-28 09:00:00+02:00,59045.83,55983.042499999996,18.2,85.34805,21.03152,9,4,7,0,0,58991.2275,58108.755000000005,51629.39770833334
2023-07-28 10:00:00+02:00,60127.4225,57078.955,18.8,86.779785,19.06301,10,4,7,0,0,60553.88,58643.6275,51631.6728125
2023-07-28 11:00:00+02:00,60843.43,57949.065,19.75,81.277885,21.611998,11,4,7,0,0,61453.1775,58962.71,51613.90375
2023-07-28 12:00:00+02:00,59633.2,57712.9675,20.25,75.11861,21.707731,12,4,7,0,0,60504.8225,58430.1875,51588.49760416666
2023-07-28 13:00:00+02:00,57578.7725,57060.572499999995,22.3,68.17756,22.392462,13,4,7,0,0,59448.705,57295.89,51552.17999999999
2023-07-28 14:00:00+02:00,56573.045,55604.832500000004,22.4,65.00623,21.707731,14,4,7,0,0,58419.6475,55109.94,51474.26614583333
2023-07-28 15:00:00+02:00,55084.6125,54475.3275,20.7,76.15688,21.542923,15,4,7,0,0,57276.8975,54878.6625,51397.324375
2023-07-28 16:00:00+02:00,53813.915,53469.8525,21.85,72.56887,16.946787,16,4,7,0,0,56134.3875,54652.9275,51305.979166666664
2023-07-28 17:00:00+02:00,54182.7325,52804.1325,21.9,73.03968,16.595179,17,4,7,0,0,56479.292499999996,53860.2625,51209.2928125
2023-07-28 18:00:00+02:00,53902.8025,52504.7025,22.05,70.111244,13.896187,18,4,7,0,0,55853.020000000004,53391.2625,51113.6028125
2023-07-28 19:00:00+02:00,52567.6075,51078.0175,21.85,69.85012,14.145756,19,4,7,0,0,54310.49,52277.95,51032.34375
2023-07-28 20:00:00+02:00,50308.66,48882.56,21.0,74.52672,10.041354,20,4,7,0,0,51775.7375,49898.854999999996,50959.72364583333
2023-07-28 21:00:00+02:00,48472.9775,46774.4675,19.25,83.8431,6.28713,21,4,7,0,0,49952.270000000004,48023.5925,50898.59541666667
2023-07-28 22:00:00+02:00,46388.51,43845.14,18.3,90.10965,7.8625183,22,4,7,0,0,47494.6425,45765.49,50836.95822916667
2023-07-28 23:00:00+02:00,42935.26,40661.5175,17.55,93.86404,6.5693827,23,4,7,0,0,44117.3225,42529.895000000004,50790.869375
2023-07-29 00:00:00+02:00,40226.2525,38716.020000000004,16.8,95.64459,5.2416787,0,5,7,1,0,41744.6925,39793.6125,50741.61677083333
2023-07-29 01:00:00+02:00,37764.0175,37028.99,16.45,96.55443,5.4833565,1,5,7,1,0,40429.295,38447.2975,50678.348437500004
2023-07-29 02:00:00+02:00,36536.4625,35767.8125,16.7,99.05155,6.12,2,5,7,1,0,39654.8925,37345.63,50567.29520833333
2023-07-29 03:00:00+02:00,36024.5925,35188.5625,17.0,97.49414,4.452954,3,5,7,1,0,39905.9025,36683.3525,50437.360625
2023-07-29 04:00:00+02:00,36152.14,35179.395000000004,15.65,100.0,5.1544156,4,5,7,1,0,40659.915,36654.795,50275.639375
2023-07-29 05:00:00+02:00,36878.8,35362.45,15.45,99.6799,5.0142193,5,5,7,1,0,43325.215,36736.8625,50087.81541666667
2023-07-29 06:00:00+02:00,38388.1425,36547.0525,15.65,99.68043,5.0911684,6,5,7,1,0,49006.75,38326.735,49819.214791666665
2023-07-29 07:00:00+02:00,41190.6975,39222.79,17.3,95.0548,8.759178,7,5,7,1,0,53952.3725,41037.5,49376.77281250001
2023-07-29 08:00:00+02:00,44606.9525,42339.945,18.55,89.27418,8.4042845,8,5,7,1,0,57660.99,44340.0075,48845.03635416667
2023-07-29 09:00:00+02:00,47358.182499999995,45061.96,20.2,83.15825,7.9526596,9,5,7,1,0,59045.83,46558.8575,48301.118125
2023-07-29 10:00:00+02:00,48714.8525,47470.2725,21.65,76.3069,12.682018,10,5,7,1,0,60127.4225,48318.9725,47814.1328125
2023-07-29 11:00:00+02:00,50120.3275,48074.6875,23.15,68.9984,14.689588,11,5,7,1,0,60843.43,49330.4825,47338.6090625
2023-07-29 12:00:00+02:00,49618.87,48347.825,23.7,64.05044,15.9134655,12,5,7,1,0,59633.2,48043.445,46891.81312500001
2023-07-29 13:00:00+02:00,47569.0525,48389.0025,20.95,77.90773,22.828087,13,5,7,1,0,57578.7725,46248.1875,46474.549374999995
2023-07-29 14:00:00+02:00,46162.125,47795.130000000005,19.15,84.63572,23.090569,14,5,7,1,0,56573.045,45010.235,46057.477708333325
2023-07-29 15:00:00+02:00,46277.205,46855.8475,20.55,84.25425,9.255571,15,5,7,1,0,55084.6125,44644.0575,45623.689374999994
2023-07-29 16:00:00+02:00,46244.685,46100.95,21.35,81.22707,13.450708,16,5,7,1,0,53813.915,44565.645000000004,45256.714062499996
2023-07-29 17:00:00+02:00,46388.2925,45782.6575,22.65,72.71031,12.964998,17,5,7,1,0,54182.7325,45205.2475,44941.32947916666
2023-07-29 18:00:00+02:00,46619.3775,45616.975,22.7,68.25708,12.605142,18,5,7,1,0,53902.8025,45704.385,44616.56114583334
2023-07-29 19:00:00+02:00,46104.3525,44325.9825,19.7,86.59053,10.823973,19,5,7,1,0,52567.6075,45105.735,44313.08510416667
2023-07-29 20:00:00+02:00,44121.505000000005,42398.4025,20.05,83.14066,2.7416782,20,5,7,1,0,50308.66,43767.695,44043.782812499994
2023-07-29 21:00:00+02:00,43037.25,41115.815,18.25,90.10604,10.948973,21,5,7,1,0,48472.9775,42641.21,43785.9846875
2023-07-29 22:00:00+02:00,41824.79,39401.09,17.25,93.55173,5.771239,22,5,7,1,0,46388.51,41140.205,43559.496041666665
2023-07-29 23:00:00+02:00,39322.5,36714.2025,16.6,93.82039,7.386582,23,5,7,1,0,42935.26,38765.667499999996,43369.34104166667
2023-07-30 00:00:00+02:00,36738.3425,34849.17,16.85,92.34318,10.163227,0,6,7,1,0,40226.2525,36384.8925,43218.809375000004
2023-07-30 01:00:00+02:00,35313.4425,33282.5575,16.75,92.337494,10.137692,1,6,7,1,0,37764.0175,35285.075,43073.479791666665
2023-07-30 02:00:00+02:00,34162.5275,32123.5,16.85,90.29384,8.714677,2,6,7,1,0,36536.4625,34880.955,42971.3725
2023-07-30 03:00:00+02:00,33604.5925,31911.225,15.9,91.10506,8.0899935,3,6,7,1,0,36024.5925,34143.475,42872.45854166667
2023-07-30 04:00:00+02:00,33571.8575,32319.995,15.55,91.67375,7.2,4,6,7,1,0,36152.14,34515.9475,42771.62520833333
2023-07-30 05:00:00+02:00,33964.75,32867.025,15.05,93.444824,6.9153743,5,6,7,1,0,36878.8,34270.66,42664.113437500004
2023-07-30 06:00:00+02:00,34531.380000000005,33290.8775,15.3,93.7599,9.290511,6,6,7,1,0,38388.1425,34977.7975,42542.6946875
2023-07-30 07:00:00+02:00,36390.8625,36202.255,16.8,89.42402,13.281023,7,6,7,1,0,41190.6975,37167.575,42381.996250000004
2023-07-30 08:00:00+02:00,39262.4925,39475.375,18.0,86.42705,10.787993,8,6,7,1,0,44606.9525,39891.6725,42182.003125
2023-07-30 09:00:00+02:00,42172.8275,43823.2675,19.35,79.17597,12.768586,9,6,7,1,0,47358.182499999995,42792.495,41959.317291666666
2023-07-30 10:00:00+02:00,43926.5675,46481.8225,20.65,71.43266,17.163355,10,6,7,1,0,48714.8525,44545.32,41743.260833333334
2023-07-30 11:00:00+02:00,45945.03,48516.8975,21.75,62.80729,17.298738,11,6,7,1,0,50120.3275,45872.91,41543.74895833333
2023-07-30 12:00:00+02:00,45493.41,48602.1175,22.9,54.70455,18.782204,12,6,7,1,0,49618.87,46092.3475,41369.778229166666
2023-07-30 13:00:00+02:00,44185.555,47346.332500000004,23.5,48.289642,19.93048,13,6,7,1,0,47569.0525,45053.02,41197.884062499994
2023-07-30 14:00:00+02:00,42611.729999999996,46100.14,23.7,45.857796,17.462782,14,6,7,1,0,46162.125,44328.6225,41056.905
2023-07-30 15:00:00+02:00,41696.2725,45042.8575,23.5,42.71057,18.430452,15,6,7,1,0,46277.205,43873.125,40908.971874999996
2023-07-30 16:00:00+02:00,41169.275,44382.197499999995,23.2,44.370987,20.620806,16,6,7,1,0,46244.685,44109.21,40718.0996875
2023-07-30 17:00:00+02:00,42400.1925,44859.5675,19.4,72.129364,16.854767,17,6,7,1,0,46388.2925,45359.0825,40506.62427083333
2023-07-30 18:00:00+02:00,44351.245,44107.0625,18.9,75.6244,12.413477,18,6,7,1,0,46619.3775,46542.78,40340.4534375
2023-07-30 19:00:00+02:00,45058.4275,43413.832500000004,18.8,77.08671,15.379206,19,6,7,1,0,46104.3525,46095.11,40245.947916666664
2023-07-30 20:00:00+02:00,43953.885,42236.6075,18.95,74.18012,15.978484,20,6,7,1,0,44121.505000000005,45209.770000000004,40202.36770833333
2023-07-30 21:00:00+02:00,42813.245,41621.1375,17.9,74.00006,12.879752,21,6,7,1,0,43037.25,44063.1675,40195.38354166666
2023-07-30 22:00:00+02:00,42340.325,40881.71,17.95,67.96352,15.596767,22,6,7,1,0,41824.79,43300.0225,40186.049999999996
2023-07-30 23:00:00+02:00,40539.979999999996,38021.775,17.05,68.00486,17.873556,23,6,7,1,0,39322.5,41335.8475,40207.530625
2023-07-31 00:00:00+02:00,39148.634999999995,35927.182499999995,15.8,76.112366,14.417988,0,0,7,0,0,36738.3425,39417.8725,40258.25895833333
2023-07-31 01:00:00+02:00,37912.365000000005,34557.11,15.1,81.4653,11.792404,1,0,7,0,0,35313.4425,38420.035,40358.6878125
2023-07-31 02:00:00+02:00,37460.94,33947.8875,15.5,86.74517,8.78872,2,0,7,0,0,34162.5275,37602.6725,40466.97625
2023-07-31 03:00:00+02:00,37425.225,34227.244999999995,15.25,88.147484,11.4862,3,0,7,0,0,33604.5925,37416.927500000005,40604.410104166665
2023-07-31 04:00:00+02:00,38515.3525,36191.505000000005,15.15,86.1464,12.7279215,4,0,7,0,0,33571.8575,38238.065,40763.603125
2023-07-31 05:00:00+02:00,42039.807499999995,39601.8975,15.0,87.838455,10.587917,5,0,7,0,0,33964.75,41946.14,40969.582083333335
2023-07-31 06:00:00+02:00,47797.285,46012.545,15.05,89.87137,14.345898,6,0,7,0,0,34531.380000000005,48899.7325,41306.042812499996
2023-07-31 07:00:00+02:00,53060.4175,51220.7625,15.25,92.25158,14.039999,7,0,7,0,0,36390.8625,53860.63,41858.78885416667
2023-07-31 08:00:00+02:00,56521.08,54953.95,15.45,91.667564,14.007655,8,0,7,0,0,39262.4925,57758.3575,42553.35364583333
2023-07-31 09:00:00+02:00,58025.175,57198.52,16.3,87.668846,17.84816,9,0,7,0,0,42172.8275,60041.0275,43272.46145833333
2023-07-31 10:00:00+02:00,59079.305,58430.7825,16.45,86.55521,19.228851,10,0,7,0,0,43926.5675,61304.7475,43932.97593750001
2023-07-31 11:00:00+02:00,60322.875,59462.62,16.6,89.12103,21.980644,11,0,7,0,0,45945.03,62445.945,44564.34
2023-07-31 12:00:00+02:00,60532.555,59594.9075,17.8,85.85545,19.373219,12,0,7,0,0,45493.41,61533.38,45163.416874999995
2023-07-31 13:00:00+02:00,60115.4225,58917.625,18.2,82.65564,16.323528,13,0,7,0,0,44185.555,60635.69,45790.04791666667
2023-07-31 14:00:00+02:00,58731.0125,57731.405,19.4,79.18307,21.142147,14,0,7,0,0,42611.729999999996,59396.675,46453.792395833334
2023-07-31 15:00:00+02:00,57607.4675,56722.5975,19.6,71.008224,25.72174,15,0,7,0,0,41696.2725,56484.979999999996,47125.42916666666
2023-07-31 16:00:00+02:00,56635.8275,55355.28,18.95,79.37345,20.767975,16,0,7,0,0,41169.275,55595.8525,47788.395625
2023-07-31 17:00:00+02:00,56456.93,55171.365,19.85,75.77826,20.969807,17,0,7,0,0,42400.1925,55648.92,48432.83531250001
2023-07-31 18:00:00+02:00,55870.5775,54378.2475,19.8,75.28563,18.278645,18,0,7,0,0,44351.245,55528.1825,49018.53270833333
2023-07-31 19:00:00+02:00,54410.4275,53081.07,20.1,73.89971,16.039202,19,0,7,0,0,45058.4275,54828.745,49498.50489583333
2023-07-31 20:00:00+02:00,52126.005,50174.167499999996,19.75,75.519424,15.408671,20,0,7,0,0,43953.885,52805.3875,49888.1715625
2023-07-31 21:00:00+02:00,50826.02,47684.9525,19.0,76.37596,18.59845,21,0,7,0,0,42813.245,50729.1025,50228.676562500004
2023-07-31 22:00:00+02:00,47977.5925,45094.575,18.5,78.29402,17.49615,22,0,7,0,0,42340.325,48296.785,50562.542187499996
2023-07-31 23:00:00+02:00,44767.8975,41716.035,18.0,81.574196,15.379206,23,0,7,0,0,40539.979999999996,45057.442500000005,50797.42833333334
2023-08-01 00:00:00+02:00,41973.5025,38869.92,17.7,83.93585,15.379206,0,1,8,0,0,39148.634999999995,42423.4225,50973.5915625
2023-08-01 01:00:00+02:00,40397.2125,37376.75,17.25,88.60235,14.345898,1,1,8,0,0,37912.365000000005,41185.3775,51091.294375
2023-08-01 02:00:00+02:00,39295.8125,36349.775,17.45,89.18816,18.681883,2,1,8,0,0,37460.94,40658.295,51194.8296875
2023-08-01 03:00:00+02:00,39209.78,36847.22,17.25,90.32223,19.319628,3,1,8,0,0,37425.225,40821.9275,51271.28270833334
2023-08-01 04:00:00+02:00,40198.2425,37992.1275,17.0,90.8853,20.447239,4,1,8,0,0,38515.3525,41193.6475,51345.63916666666
2023-08-01 05:00:00+02:00,43095.445,41259.895,16.8,91.16393,19.966211,5,1,8,0,0,42039.807499999995,43777.9025,51415.75958333333
2023-08-01 06:00:00+02:00,49280.2025,46504.5525,16.75,90.577194,18.35647,6,1,8,0,0,47797.285,49294.2275,51459.744479166664
2023-08-01 07:00:00+02:00,54154.225,52269.855,16.95,90.30095,18.847641,7,1,8,0,0,53060.4175,53706.345,51521.53270833334
2023-08-01 08:00:00+02:00,57170.9525,56066.6675,17.15,91.18665,17.87718,8,1,8,0,0,56521.08,56564.31,51567.10802083332
2023-08-01 09:00:00+02:00,58888.81,58136.07,17.0,91.762634,16.311613,9,1,8,0,0,58025.175,58257.29,51594.18604166667
2023-08-01 10:00:00+02:00,59923.3675,58868.3775,17.25,92.36582,15.509274,10,1,8,0,0,59079.305,59533.9625,51630.17083333334
2023-08-01 11:00:00+02:00,61529.975,59520.207500000004,18.5,85.65212,16.92383,11,1,8,0,0,60322.875,60627.82,51665.34010416667
2023-08-01 12:00:00+02:00,60361.24,59537.8275,19.0,84.35046,20.898613,12,1,8,0,0,60532.555,59706.8675,51715.635937499996
2023-08-01 13:00:00+02:00,58871.4275,59088.01,19.1,83.02862,22.79684,13,1,8,0,0,60115.4225,58559.417499999996,51708.49781249999
2023-08-01 14:00:00+02:00,57157.2025,58043.3225,18.35,81.88154,16.039202,14,1,8,0,0,58731.0125,58264.41,51656.66468750001
2023-08-01 15:00:00+02:00,56434.1625,56670.955,19.95,75.551956,14.934577,15,1,8,0,0,57607.4675,57118.3625,51591.089270833334
2023-08-01 16:00:00+02:00,55862.3725,55124.925,21.1,64.936646,23.499481,16,1,8,0,0,56635.8275,55930.270000000004,51542.201562500006
2023-08-01 17:00:00+02:00,55853.735,54927.5125,20.1,66.21283,18.161278,17,1,8,0,0,56456.93,55661.9875,51509.97427083333
2023-08-01 18:00:00+02:00,55833.0125,54432.63,20.85,59.223446,21.566975,18,1,8,0,0,55870.5775,55172.525,51484.841145833336
2023-08-01 19:00:00+02:00,54562.0875,53198.5475,19.65,65.68783,16.73516,19,1,8,0,0,54410.4275,54367.345,51483.2759375
2023-08-01 20:00:00+02:00,52408.935,50216.3025,18.8,67.4699,18.792551,20,1,8,0,0,52126.005,52120.5725,51489.59510416666
2023-08-01 21:00:00+02:00,51054.9775,47897.545,17.7,69.95651,18.448023,21,1,8,0,0,50826.02,50595.005,51501.38385416666
2023-08-01 22:00:00+02:00,48251.134999999995,45014.87,17.05,72.41046,16.766108,22,1,8,0,0,47977.5925,47919.975,51510.923749999994
2023-08-01 23:00:00+02:00,45033.494999999995,41598.7175,16.75,73.80078,15.141414,23,1,8,0,0,44767.8975,44394.854999999996,51522.32135416666
2023-08-02 00:00:00+02:00,42663.205,40980.255,16.5,74.000786,16.42247,0,2,8,0,0,41973.5025,42038.9675,51533.38791666667
2023-08-02 01:00:00+02:00,41166.615000000005,39632.32,15.9,77.13947,18.043148,1,2,8,0,0,40397.2125,40592.5625,51562.12552083333
2023-08-02 02:00:00+02:00,40710.2225,38629.6525,15.85,80.236664,14.57889,2,2,8,0,0,39295.8125,39856.375,51594.18395833333
2023-08-02 03:00:00+02:00,40519.3475,38690.32,15.45,80.4459,16.800856,3,2,8,0,0,39209.78,40103.54,51653.11770833334
2023-08-02 04:00:00+02:00,41301.84,39944.0275,15.3,79.11039,17.208603,4,2,8,0,0,40198.2425,40732.7025,51707.683020833334
2023-08-02 05:00:00+02:00,43927.5075,43207.225,14.85,80.363846,15.530151,5,2,8,0,0,43095.445,43342.66,51753.66625
2023-08-02 06:00:00+02:00,49764.167499999996,48028.9375,14.55,81.3935,16.595179,6,2,8,0,0,49280.2025,49318.705,51788.33552083333
2023-08-02 07:00:00+02:00,54442.7975,51707.7625,15.35,79.37901,18.335276,7,2,8,0,0,54154.225,53712.45,51808.50072916666
2023-08-02 08:00:00+02:00,57292.0725,54080.9925,16.75,74.044044,16.363178,8,2,8,0,0,57170.9525,56796.6475,51820.52458333334
2023-08-02 09:00:00+02:00,58812.5775,55204.8,18.05,70.484924,18.668005,9,2,8,0,0,58888.81,58583.2625,51825.57125
2023-08-02 10:00:00+02:00,60597.5325,57522.4225,19.3,62.665085,18.075441,10,2,8,0,0,59923.3675,59833.7,51822.39489583333
2023-08-02 11:00:00+02:00,61985.0975,59027.825,20.3,60.071346,15.2947035,11,2,8,0,0,61529.975,60376.1125,51850.48510416667
2023-08-02 12:00:00+02:00,61355.3325,59695.6575,21.6,54.733536,20.291357,12,2,8,0,0,60361.24,60196.3025,51869.44854166667
2023-08-02 13:00:00+02:00,61016.085,59346.990000000005,22.2,51.733055,20.46941,13,2,8,0,0,58871.4275,58046.685,51910.869062499994
2023-08-02 14:00:00+02:00,59768.3675,58263.46,21.85,56.253246,24.482647,14,2,8,0,0,57157.2025,56358.3975,52000.229791666665
2023-08-02 15:00:00+02:00,59258.932499999995,56896.69,22.45,54.412296,21.542923,15,2,8,0,0,56434.1625,55653.2375,52109.02833333333
2023-08-02 16:00:00+02:00,57710.33,55537.2225,21.3,62.91013,14.799459,16,2,8,0,0,55862.3725,55290.322499999995,52226.72708333333
2023-08-02 17:00:00+02:00,56847.692500000005,54959.26,21.55,61.95423,20.545246,17,2,8,0,0,55853.735,55214.3475,52303.7253125
2023-08-02 18:00:00+02:00,56307.0875,54735.105,21.45,61.93147,24.29133,18,2,8,0,0,55833.0125,54691.175,52345.14020833333
2023-08-02 19:00:00+02:00,55550.075,53923.0175,20.0,72.70447,23.499481,19,2,8,0,0,54562.0875,54012.895000000004,52364.89333333333
2023-08-02 20:00:00+02:00,53779.6575,51470.31,19.1,79.905014,21.707731,20,2,8,0,0,52408.935,51926.9875,52406.05947916667
2023-08-02 21:00:00+02:00,51527.53,49343.295,18.95,81.69529,23.042812,21,2,8,0,0,51054.9775,50484.1275,52463.17291666667
2023-08-02 22:00:00+02:00,49408.6925,46018.9925,19.0,82.225464,23.377836,22,2,8,0,0,48251.134999999995,47396.045,52482.86260416667
2023-08-02 23:00:00+02:00,45969.6375,42861.6225,19.05,83.55378,15.315873,23,2,8,0,0,45033.494999999995,43751.7725,52531.09416666667
2023-08-03 00:00:00+02:00,43507.305,39848.942500000005,17.4,92.964966,18.892282,0,3,8,0,0,42663.205,41734.7825,52570.10010416667
2023-08-03 01:00:00+02:00,41736.3675,38486.5325,17.3,92.95974,18.278645,1,3,8,0,0,41166.615000000005,40520.025,52605.2709375
2023-08-03 02:00:00+02:00,41134.985,37854.7775,17.35,91.1996,20.88,2,3,8,0,0,40710.2225,39705.167499999996,52629.010625
2023-08-03 03:00:00+02:00,41566.6375,38449.8675,17.4,87.766525,19.373219,3,3,8,0,0,40519.3475,39713.765,52646.70906249999
2023-08-03 04:00:00+02:00,42152.4025,40158.775,17.0,84.94766,19.586119,4,3,8,0,0,41301.84,40765.417499999996,52690.346145833326
2023-08-03 05:00:00+02:00,45255.7725,43436.104999999996,16.75,87.42653,19.803272,5,3,8,0,0,43927.5075,43601.505,52725.78625
2023-08-03 06:00:00+02:00,50901.0125,48140.8625,16.75,84.92085,21.273533,6,3,8,0,0,49764.167499999996,49678.06,52781.130625
2023-08-03 07:00:00+02:00,55375.432499999995,52921.61,17.6,78.66981,24.472057,7,3,8,0,0,54442.7975,54412.785,52828.49916666667
2023-08-03 08:00:00+02:00,58225.775,56102.465,18.85,72.498764,27.288855,8,3,8,0,0,57292.0725,57348.41,52867.35895833333
2023-08-03 09:00:00+02:00,58896.42,57617.33,19.9,67.6946,29.522196,9,3,8,0,0,58812.5775,58991.2275,52906.26322916666
2023-08-03 10:00:00+02:00,60511.4375,59383.7625,20.7,62.367653,32.619255,10,3,8,0,0,60597.5325,60553.88,52909.756666666675
2023-08-03 11:00:00+02:00,61647.0075,60653.5525,21.6,58.632385,32.33193,11,3,8,0,0,61985.0975,61453.1775,52906.169375
2023-08-03 12:00:00+02:00,60978.15,60662.0775,22.65,55.359215,30.344818,12,3,8,0,0,61355.3325,60504.8225,52892.08229166666
2023-08-03 13:00:00+02:00,59210.582500000004,60063.6975,23.25,54.26089,30.563978,13,3,8,0,0,61016.085,59448.705,52876.36635416667
2023-08-03 14:00:00+02:00,57484.6625,58897.5625,22.8,55.940434,29.810522,14,3,8,0,0,59768.3675,58419.6475,52801.137083333335
2023-08-03 15:00:00+02:00,56030.885,57840.3675,21.1,59.47731,27.238943,15,3,8,0,0,59258.932499999995,57276.8975,52705.98270833333
2023-08-03 16:00:00+02:00,55859.215,55162.36,22.1,53.96778,32.777794,16,3,8,0,0,57710.33,56134.3875,52571.48072916666
2023-08-03 17:00:00+02:00,56664.68,54175.0225,20.4,65.20836,31.950888,17,3,8,0,0,56847.692500000005,56479.292499999996,52494.35093750001
2023-08-03 18:00:00+02:00,56330.145,53663.665,21.75,64.45029,20.674156,18,3,8,0,0,56307.0875,55853.020000000004,52486.72541666666
2023-08-03 19:00:00+02:00,55711.479999999996,53066.625,20.35,68.22594,24.387178,19,3,8,0,0,55550.075,54310.49,52487.68614583334
2023-08-03 20:00:00+02:00,53003.145000000004,50411.3325,20.15,70.6538,20.808498,20,3,8,0,0,53779.6575,51775.7375,52494.41135416667
2023-08-03 21:00:00+02:00,51168.667499999996,48011.104999999996,19.55,70.08454,19.878391,21,3,8,0,0,51527.53,49952.270000000004,52462.056666666664
2023-08-03 22:00:00+02:00,48155.015,45404.5475,18.85,72.26373,18.875126,22,3,8,0,0,49408.6925,47494.6425,52447.1040625
2023-08-03 23:00:00+02:00,44580.845,42113.44,18.4,73.84564,18.079027,23,3,8,0,0,45969.6375,44117.3225,52394.8675
2023-08-04 00:00:00+02:00,42420.2425,40847.6375,17.9,76.20083,18.581022,0,4,8,0,0,43507.305,41744.6925,52337.00114583334
2023-08-04 01:00:00+02:00,40495.2275,39400.66,17.6,78.160614,18.678415,1,4,8,0,0,41736.3675,40429.295,52291.706875
2023-08-04 02:00:00+02:00,39172.59,38623.1875,16.85,86.0366,16.610792,2,4,8,0,0,41134.985,39654.8925,52239.99270833333
2023-08-04 03:00:00+02:00,39178.7675,38721.1,16.55,88.83025,15.484185,3,4,8,0,0,41566.6375,39905.9025,52158.22625
2023-08-04 04:00:00+02:00,39829.145000000004,40170.3775,16.3,92.907196,17.518356,4,4,8,0,0,42152.4025,40659.915,52058.73166666667
2023-08-04 05:00:00+02:00,42733.5075,43100.815,16.45,91.72909,18.391735,5,4,8,0,0,45255.7725,43325.215,51961.92927083333
2023-08-04 06:00:00+02:00,48152.735,48180.942500000005,16.3,91.42518,16.954432,6,4,8,0,0,50901.0125,49006.75,51856.83489583334
2023-08-04 07:00:00+02:00,53199.0025,51826.2625,16.25,90.83483,17.654688,7,4,8,0,0,55375.432499999995,53952.3725,51742.323333333334
2023-08-04 08:00:00+02:00,56373.3425,54443.3125,16.85,87.15422,17.771753,8,4,8,0,0,58225.775,57660.99,51651.638750000006
2023-08-04 09:00:00+02:00,58102.94,56200.1575,17.95,80.00384,16.87398,9,4,8,0,0,58896.42,59045.83,51574.4540625
2023-08-04 10:00:00+02:00,58904.8975,57236.675,18.95,73.46318,15.158522,10,4,8,0,0,60511.4375,60127.4225,51541.39239583333
2023-08-04 11:00:00+02:00,59198.0625,58282.0125,19.8,67.67424,16.595179,11,4,8,0,0,61647.0075,60843.43,51474.45322916666
2023-08-04 12:00:00+02:00,58310.05,58655.81,20.75,62.78679,16.199999,12,4,8,0,0,60978.15,59633.2,51372.41385416667
2023-08-04 13:00:00+02:00,56746.4325,57712.3975,21.3,58.56018,14.618837,13,4,8,0,0,59210.582500000004,57578.7725,51261.24302083333
2023-08-04 14:00:00+02:00,55144.3675,56673.165,19.95,65.32436,14.182355,14,4,8,0,0,57484.6625,56573.045,51158.57010416666
2023-08-04 15:00:00+02:00,54776.0575,55782.5325,20.65,62.969193,12.074766,15,4,8,0,0,56030.885,55084.6125,51061.05781250001
2023-08-04 16:00:00+02:00,53451.2675,54199.854999999996,21.1,59.67206,10.8955765,16,4,8,0,0,55859.215,53813.915,51008.77333333334
2023-08-04 17:00:00+02:00,53166.565,53138.6725,21.55,55.994503,8.28,17,4,8,0,0,56664.68,54182.7325,50908.442187500004
2023-08-04 18:00:00+02:00,53202.095,52073.2275,21.35,56.128677,7.5599995,18,4,8,0,0,56330.145,53902.8025,50762.68739583334
2023-08-04 19:00:00+02:00,52315.625,50324.795,21.15,56.63489,6.849467,19,4,8,0,0,55711.479999999996,52567.6075,50632.35197916667
2023-08-04 20:00:00+02:00,49977.125,48380.1825,19.65,73.11222,4.452954,20,4,8,0,0,53003.145000000004,50308.66,50490.85802083334
2023-08-04 21:00:00+02:00,48298.1075,47035.4225,17.45,76.876854,8.225035,21,4,8,0,0,51168.667499999996,48472.9775,50364.77385416667
2023-08-04 22:00:00+02:00,45498.784999999996,43882.8925,16.6,79.55652,6.489992,22,4,8,0,0,48155.015,46388.51,50245.167187499996
2023-08-04 23:00:00+02:00,42327.045,40680.4375,16.1,80.798225,6.9247384,23,4,8,0,0,44580.845,42935.26,50134.4909375
2023-08-05 00:00:00+02:00,39831.6575,38712.0025,15.75,82.62489,6.9153743,0,5,8,1,0,42420.2425,40226.2525,50040.582604166666
2023-08-05 01:00:00+02:00,37901.8725,36665.542499999996,14.35,90.11349,7.145796,1,5,8,1,0,40495.2275,37764.0175,49932.72489583333
2023-08-05 02:00:00+02:00,36472.625,35690.7025,15.2,89.88255,7.42159,2,5,8,1,0,39172.59,36536.4625,49824.6684375
2023-08-05 03:00:00+02:00,36021.5875,35013.14,14.45,91.90482,5.904439,3,5,8,1,0,39178.7675,36024.5925,49712.169895833336
2023-08-05 04:00:00+02:00,35990.6225,35198.1475,14.55,92.51199,9.449572,4,5,8,1,0,39829.145000000004,36152.14,49580.620729166665
2023-08-05 05:00:00+02:00,36634.0475,35438.86,14.3,93.10362,9.290511,5,5,8,1,0,42733.5075,36878.8,49420.682291666664
2023-08-05 06:00:00+02:00,37945.765,36084.8,13.9,94.30824,9.449572,6,5,8,1,0,48152.735,38388.1425,49166.538125
2023-08-05 07:00:00+02:00,40162.015,38344.71,14.65,91.61786,9.0,7,5,8,1,0,53199.0025,41190.6975,48741.247708333336
2023-08-05 08:00:00+02:00,43320.9825,41759.92,15.8,87.05644,10.636766,8,5,8,1,0,56373.3425,44606.9525,48198.03989583333
2023-08-05 09:00:00+02:00,45505.207500000004,44554.1125,17.35,80.180725,10.587917,9,5,8,1,0,58102.94,47358.182499999995,47654.191562500004
2023-08-05 10:00:00+02:00,46763.2825,46243.95,18.6,72.92651,11.013882,10,5,8,1,0,58904.8975,48714.8525,47129.286041666666
2023-08-05 11:00:00+02:00,47788.7,46925.535,19.65,66.76819,8.707238,11,5,8,1,0,59198.0625,50120.3275,46623.385416666664
2023-08-05 12:00:00+02:00,47648.735,46960.4975,20.45,61.904984,5.937272,12,5,8,1,0,58310.05,49618.87,46147.995312499996
2023-08-05 13:00:00+02:00,46296.6675,45925.385,21.05,57.35944,4.1046314,13,5,8,1,0,56746.4325,47569.0525,45703.77385416667
2023-08-05 14:00:00+02:00,44988.685,45404.8825,20.65,59.957108,5.506941,14,5,8,1,0,55144.3675,46162.125,45268.36697916667
2023-08-05 15:00:00+02:00,44319.44,44502.47,20.75,58.427345,2.1897945,15,5,8,1,0,54776.0575,46277.205,44845.213541666664
2023-08-05 16:00:00+02:00,44431.34,43214.03,20.95,56.77183,2.7416782,16,5,8,1,0,53451.2675,46244.685,44409.521145833336
2023-08-05 17:00:00+02:00,45013.715,43033.5025,20.85,56.188705,4.0249224,17,5,8,1,0,53166.565,46388.2925,44033.69083333333
2023-08-05 18:00:00+02:00,45544.46,43076.415,20.65,57.07265,5.0142193,18,5,8,1,0,53202.095,46619.3775,43693.98875
2023-08-05 19:00:00+02:00,45013.1525,42266.515,20.2,59.65403,6.439876,19,5,8,1,0,52315.625,46104.3525,43374.920625
2023-08-05 20:00:00+02:00,43618.545,41039.985,19.1,67.75242,6.6087217,20,5,8,1,0,49977.125,44121.505000000005,43070.6509375
2023-08-05 21:00:00+02:00,42554.7,40196.285,18.15,70.735214,9.028754,21,5,8,1,0,48298.1075,43037.25,42805.71010416667
2023-08-05 22:00:00+02:00,40740.057499999995,38500.5325,17.4,74.88748,9.255571,22,5,8,1,0,45498.784999999996,41824.79,42566.401458333334
2023-08-05 23:00:00+02:00,38339.1975,35683.415,16.75,80.09831,9.227524,23,5,8,1,0,42327.045,39322.5,42368.121145833335
2023-08-06 00:00:00+02:00,35914.94,33723.5225,16.25,83.226585,8.557102,0,6,8,1,0,39831.6575,36738.3425,42201.96083333334
2023-08-06 01:00:00+02:00,34685.84,32497.2725,15.85,85.65676,7.24486,1,6,8,1,0,37901.8725,35313.4425,42038.76427083334
2023-08-06 02:00:00+02:00,33844.1025,31576.4425,15.7,93.17561,8.699793,2,6,8,1,0,36472.625,34162.5275,41904.76291666667
2023-08-06 03:00:00+02:00,33595.075,31135.5625,15.3,95.59493,2.8116899,3,6,8,1,0,36021.5875,33604.5925,41795.24114583333
2023-08-06 04:00:00+02:00,33379.275,31233.155,15.2,97.45952,3.2399998,4,6,8,1,0,35990.6225,33571.8575,41694.13645833333
2023-08-06 05:00:00+02:00,33471.6825,30893.055,15.2,98.08926,5.495161,5,6,8,1,0,36634.0475,33964.75,41585.3303125
2023-08-06 06:00:00+02:00,33600.3775,31138.774999999998,15.2,96.833336,5.1165614,6,6,8,1,0,37945.765,34531.380000000005,41453.565104166664
2023-08-06 07:00:00+02:00,35198.6475,33160.195,15.5,91.67064,3.8939953,7,6,8,1,0,40162.015,36390.8625,41272.50729166667
2023-08-06 08:00:00+02:00,38102.490000000005,36600.8325,15.55,93.7716,5.0142193,8,6,8,1,0,43320.9825,39262.4925,41065.7003125
2023-08-06 09:00:00+02:00,41377.167499999996,40722.207500000004,16.0,91.40613,5.2416787,9,6,8,1,0,45505.207500000004,42172.8275,40848.263125
2023-08-06 10:00:00+02:00,43984.6325,43540.25,16.4,90.26174,7.9036193,10,6,8,1,0,46763.2825,43926.5675,40676.26145833333
2023-08-06 11:00:00+02:00,45936.91,45352.0275,17.25,83.88473,10.137692,11,6,8,1,0,47788.7,45945.03,40560.484375
2023-08-06 12:00:00+02:00,46482.1425,46579.1525,17.6,75.65792,10.239453,12,6,8,1,0,47648.735,45493.41,40483.32645833333
2023-08-06 13:00:00+02:00,45774.4675,45455.6525,17.5,78.1457,12.10157,13,6,8,1,0,46296.6675,44185.555,40434.7184375
2023-08-06 14:00:00+02:00,44554.08,44141.020000000004,16.8,85.20139,12.475961,14,6,8,1,0,44988.685,42611.729999999996,40412.96010416667
2023-08-06 15:00:00+02:00,44136.56,43638.595,16.9,85.21193,14.003028,15,6,8,1,0,44319.44,41696.2725,40394.8515625
2023-08-06 16:00:00+02:00,44186.3375,43084.255000000005,17.15,80.41415,14.336861,16,6,8,1,0,44431.34,41169.275,40387.2315625
2023-08-06 17:00:00+02:00,45627.7375,43951.3875,16.4,84.60811,12.57426,17,6,8,1,0,45013.715,42400.1925,40377.023125
2023-08-06 18:00:00+02:00,46517.119999999995,42893.015,15.95,87.92222,11.019764,18,6,8,1,0,45544.46,44351.245,40402.607395833336
2023-08-06 19:00:00+02:00,46131.715,41776.54,15.9,90.22589,10.883676,19,6,8,1,0,45013.1525,45058.4275,40443.13489583333
2023-08-06 20:00:00+02:00,45090.8175,40506.385,15.5,91.967896,10.703569,20,6,8,1,0,43618.545,43953.885,40489.74166666666
2023-08-06 21:00:00+02:00,44785.59,40057.7,15.15,92.5455,12.303366,21,6,8,1,0,42554.7,42813.245,40551.08635416667
2023-08-06 22:00:00+02:00,43811.6575,39358.35,14.9,93.13461,12.864649,22,6,8,1,0,40740.057499999995,42340.325,40644.04010416666
2023-08-06 23:00:00+02:00,41228.8225,37107.04,14.6,93.11914,14.986553,23,6,8,1,0,38339.1975,40539.979999999996,40772.0234375
2023-08-07 00:00:00+02:00,39442.1375,35709.875,14.35,93.41024,15.496736,0,0,8,0,0,35914.94,39148.634999999995,40892.424479166664
2023-08-07 01:00:00+02:00,38228.19,34316.270000000004,13.95,91.57399,16.75064,1,0,8,0,0,34685.84,37912.365000000005,41039.39104166667
2023-08-07 02:00:00+02:00,38206.475,33392.885,14.0,91.57713,12.287555,2,0,8,0,0,33844.1025,37460.94,41186.988958333335
2023-08-07 03:00:00+02:00,38233.715,33953.945,13.9,91.27106,15.158522,3,0,8,0,0,33595.075,37425.225,41368.754479166666
2023-08-07 04:00:00+02:00,39491.604999999996,35647.0525,14.1,90.39112,18.057508,4,0,8,0,0,33379.275,38515.3525,41562.03114583334
2023-08-07 05:00:00+02:00,42509.4125,39348.58,13.7,92.46413,17.673029,5,0,8,0,0,33471.6825,42039.807499999995,41816.7115625
2023-08-07 06:00:00+02:00,48818.479999999996,44945.9225,13.45,93.3654,19.45333,6,0,8,0,0,33600.3775,47797.285,42193.28364583333
2023-08-07 07:00:00+02:00,53455.71,49930.16,14.15,90.394684,21.2522,7,0,8,0,0,35198.6475,53060.4175,42827.37125
2023-08-07 08:00:00+02:00,56825.1375,52941.735,14.75,86.10633,28.910038,8,0,8,0,0,38102.490000000005,56521.08,43588.082187500004
2023-08-07 09:00:00+02:00,58544.9825,54298.69,15.3,83.113464,29.5551,9,0,8,0,0,41377.167499999996,58025.175,44368.192500000005
2023-08-07 10:00:00+02:00,59173.817500000005,56561.6875,15.8,81.82367,29.539747,10,0,8,0,0,43984.6325,59079.305,45083.518125
2023-08-07 11:00:00+02:00,59642.744999999995,58105.707500000004,16.0,82.117165,27.0024,11,0,8,0,0,45936.91,60322.875,45716.400833333326
2023-08-07 12:00:00+02:00,59654.71,58808.9925,17.05,75.32076,29.381382,12,0,8,0,0,46482.1425,60532.555,46287.47729166667
2023-08-07 13:00:00+02:00,58601.08,58440.067500000005,17.65,71.80942,29.339449,13,0,8,0,0,45774.4675,60115.4225,46836.33427083333
2023-08-07 14:00:00+02:00,57159.185,57488.8375,18.5,57.68505,33.574707,14,0,8,0,0,44554.08,58731.0125,47370.776458333334
2023-08-07 15:00:00+02:00,56176.3975,56405.8425,17.95,64.892204,31.452133,15,0,8,0,0,44136.56,57607.4675,47895.989166666666
2023-08-07 16:00:00+02:00,55906.0075,55079.305,18.75,62.955086,29.539747,16,0,8,0,0,44186.3375,56635.8275,48397.64906250001
2023-08-07 17:00:00+02:00,56417.4875,54490.6725,19.15,52.848763,32.846916,17,0,8,0,0,45627.7375,56456.93,48885.96864583332
2023-08-07 18:00:00+02:00,56446.295,54343.9125,18.85,50.160027,32.744175,18,0,8,0,0,46517.119999999995,55870.5775,49335.5415625
2023-08-07 19:00:00+02:00,55198.965,53587.9625,17.9,55.819324,31.491255,19,0,8,0,0,46131.715,54410.4275,49749.25718749999
2023-08-07 20:00:00+02:00,52742.0225,51265.6,16.6,61.011158,28.47643,20,0,8,0,0,45090.8175,52126.005,50127.05927083333
2023-08-07 21:00:00+02:00,51119.0975,49178.3875,15.75,62.480743,27.359999,21,0,8,0,0,44785.59,50826.02,50445.85947916666
2023-08-07 22:00:00+02:00,47724.5875,46163.41,15.2,63.2062,28.442278,22,0,8,0,0,43811.6575,47977.5925,50709.755625
2023-08-07 23:00:00+02:00,43776.2525,43112.5825,14.45,66.560326,27.038372,23,0,8,0,0,41228.8225,44767.8975,50872.794375
2023-08-08 00:00:00+02:00,41460.4025,38579.365,14.05,68.53756,26.168804,0,1,8,0,0,39442.1375,41973.5025,50978.93729166666
2023-08-08 01:00:00+02:00,40341.1425,36587.465,13.55,70.559746,26.052162,1,1,8,0,0,38228.19,40397.2125,51063.03166666667
2023-08-08 02:00:00+02:00,39413.2025,35757.49,13.25,75.95005,27.333935,2,1,8,0,0,38206.475,39295.8125,51151.07135416667
2023-08-08 03:00:00+02:00,39470.0075,36299.69,12.8,74.60275,27.181787,3,1,8,0,0,38233.715,39209.78,51201.35166666666
2023-08-08 04:00:00+02:00,40158.2575,38062.15,12.45,73.78603,25.516865,4,1,8,0,0,39491.604999999996,40198.2425,51252.86385416667
2023-08-08 05:00:00+02:00,42605.9,41713.43,12.3,73.258606,25.959969,5,1,8,0,0,42509.4125,43095.445,51280.641041666655
2023-08-08 06:00:00+02:00,48499.6125,46308.2675,12.4,75.04182,24.20314,6,1,8,0,0,48818.479999999996,49280.2025,51284.66135416667
2023-08-08 07:00:00+02:00,53581.0525,50866.2825,13.25,72.68728,23.598541,7,1,8,0,0,53455.71,54154.225,51271.37520833334
2023-08-08 08:00:00+02:00,57184.98,53782.3875,14.25,70.219666,23.34455,8,1,8,0,0,56825.1375,57170.9525,51276.597812500004
2023-08-08 09:00:00+02:00,57763.6475,55436.572499999995,15.1,67.60365,32.10667,9,1,8,0,0,58544.9825,58888.81,51291.59125
2023-08-08 10:00:00+02:00,58417.582500000004,57679.625,16.3,66.2832,27.691935,10,1,8,0,0,59173.817500000005,59923.3675,51259.035625
2023-08-08 11:00:00+02:00,59102.16,59470.3075,17.8,61.292664,27.345785,11,1,8,0,0,59642.744999999995,61529.975,51227.52583333334
2023-08-08 12:00:00+02:00,59175.69,59852.3925,18.75,57.746685,28.412645,12,1,8,0,0,59654.71,60361.24,51205.00145833333
2023-08-08 13:00:00+02:00,59123.975,59480.645000000004,19.35,52.901142,29.949316,13,1,8,0,0,58601.08,58871.4275,51185.042291666665
2023-08-08 14:00:00+02:00,57668.265,58211.4025,16.15,75.91838,23.333443,14,1,8,0,0,57159.185,57157.2025,51206.82958333333
2023-08-08 15:00:00+02:00,56978.5225,56854.8125,19.15,59.010303,29.215502,15,1,8,0,0,56176.3975,56434.1625,51228.04125000001
2023-08-08 16:00:00+02:00,55511.645,55521.932499999995,19.75,51.25722,26.693459,16,1,8,0,0,55906.0075,55862.3725,51261.463125
2023-08-08 17:00:00+02:00,55713.41,54693.9625,19.55,48.675354,26.987997,17,1,8,0,0,56417.4875,55853.735,51245.03135416668
2023-08-08 18:00:00+02:00,55273.095,54473.5625,17.95,53.43163,33.24498,18,1,8,0,0,56446.295,55833.0125,51215.69479166667
2023-08-08 19:00:00+02:00,55308.740000000005,53772.405,16.15,70.58708,15.546833,19,1,8,0,0,55198.965,54562.0875,51166.81145833334
2023-08-08 20:00:00+02:00,53801.1525,51280.8325,16.25,69.905785,16.279802,20,1,8,0,0,52742.0225,52408.935,51171.385416666664
2023-08-08 21:00:00+02:00,52067.3125,49139.15,15.7,63.534042,18.374111,21,1,8,0,0,51119.0975,51054.9775,51215.51583333334
2023-08-08 22:00:00+02:00,48775.3525,45889.645000000004,12.75,87.05551,14.84318,22,1,8,0,0,47724.5875,48251.134999999995,51255.02479166666
2023-08-08 23:00:00+02:00,45274.0325,42678.869999999995,13.1,85.36959,17.595861,23,1,8,0,0,43776.2525,45033.494999999995,51298.80666666667
2023-08-09 00:00:00+02:00,42055.2125,39884.917499999996,12.7,86.76138,15.629971,0,2,8,0,0,41460.4025,42663.205,51361.21416666667
2023-08-09 01:00:00+02:00,40868.415,38224.537500000006,12.95,83.10605,17.399586,1,2,8,0,0,40341.1425,41166.615000000005,51385.99791666667
2023-08-09 02:00:00+02:00,39786.43,37604.01,13.1,79.319695,14.113652,2,2,8,0,0,39413.2025,40710.2225,51407.96760416666
2023-08-09 03:00:00+02:00,39776.515,38012.8775,12.25,83.580666,13.783817,3,2,8,0,0,39470.0075,40519.3475,51423.518749999996
2023-08-09 04:00:00+02:00,41033.667499999996,39479.965,12.65,80.87027,13.979872,4,2,8,0,0,40158.2575,41301.84,51436.28989583333
2023-08-09 05:00:00+02:00,43867.9775,42488.365,12.7,81.42185,13.0447235,5,2,8,0,0,42605.9,43927.5075,51472.76531250001
2023-08-09 06:00:00+02:00,49881.94,47287.5575,12.65,82.791954,11.298495,6,2,8,0,0,48499.6125,49764.167499999996,51525.351875
2023-08-09 07:00:00+02:00,54451.729999999996,51273.7,13.25,82.04022,11.620809,7,2,8,0,0,53581.0525,54442.7975,51582.948854166665
2023-08-09 08:00:00+02:00,57600.86,53847.909999999996,14.4,75.631195,13.627795,8,2,8,0,0,57184.98,57292.0725,51619.22708333333
2023-08-09 09:00:00+02:00,58480.784999999996,55242.295,15.2,69.69994,13.979871,9,2,8,0,0,57763.6475,58812.5775,51636.55541666666
2023-08-09 10:00:00+02:00,58906.7675,57442.2975,16.05,64.47497,15.137133,10,2,8,0,0,58417.582500000004,60597.5325,51666.43614583334
2023-08-09 11:00:00+02:00,59188.395000000004,59390.7975,16.9,61.49376,14.404499,11,2,8,0,0,59102.16,61985.0975,51686.81885416666
2023-08-09 12:00:00+02:00,59219.75,60118.08,18.3,53.523064,16.595179,12,2,8,0,0,59175.69,61355.3325,51690.41197916667
2023-08-09 13:00:00+02:00,58400.875,59837.1975,18.75,50.645863,16.299694,13,2,8,0,0,59123.975,61016.085,51692.2478125
2023-08-09 14:00:00+02:00,56494.9675,58972.225,18.15,55.507614,15.517629,14,2,8,0,0,57668.265,59768.3675,51662.11864583333
2023-08-09 15:00:00+02:00,55661.1075,58237.43,19.5,50.33508,16.923828,15,2,8,0,0,56978.5225,59258.932499999995,51613.231250000004
2023-08-09 16:00:00+02:00,55060.899999999994,56486.655,19.75,51.429752,16.93531,16,2,8,0,0,55511.645,57710.33,51558.338958333334
2023-08-09 17:00:00+02:00,55681.4375,55015.6275,19.9,50.612385,16.203999,17,2,8,0,0,55713.41,56847.692500000005,51539.557916666665
2023-08-09 18:00:00+02:00,55874.555,53534.18,17.45,62.451252,14.654254,18,2,8,0,0,55273.095,56307.0875,51538.22572916667
2023-08-09 19:00:00+02:00,54912.604999999996,51976.994999999995,17.45,64.1396,9.255571,19,2,8,0,0,55308.740000000005,55550.075,51563.2865625
2023-08-09 20:00:00+02:00,52797.555,49824.1575,16.85,68.87224,7.754637,20,2,8,0,0,53801.1525,53779.6575,51546.7809375
2023-08-09 21:00:00+02:00,51988.205,47785.6025,14.95,77.760925,6.130579,21,2,8,0,0,52067.3125,51527.53,51504.964375
2023-08-09 22:00:00+02:00,48626.9225,44904.64,13.5,84.565895,6.696387,22,2,8,0,0,48775.3525,49408.6925,51501.66822916666
2023-08-09 23:00:00+02:00,45440.9925,41898.41,13.05,84.7978,7.289445,23,2,8,0,0,45274.0325,45969.6375,51495.48364583333
2023-08-10 00:00:00+02:00,42877.6075,38720.525,12.7,84.759315,6.489992,0,3,8,0,0,42055.2125,43507.305,51502.440312499995
2023-08-10 01:00:00+02:00,40978.6525,37280.8275,12.35,85.86234,7.5685663,1,3,8,0,0,40868.415,41736.3675,51536.70677083333
2023-08-10 02:00:00+02:00,39916.7725,36665.2875,12.4,92.39005,6.4799995,2,3,8,0,0,39786.43,41134.985,51541.299999999996
2023-08-10 03:00:00+02:00,39754.165,37198.59,11.8,91.43714,6.924738,3,3,8,0,0,39776.515,41566.6375,51546.7309375
2023-08-10 04:00:00+02:00,40682.567500000005,38667.655,11.9,89.93194,6.489992,4,3,8,0,0,41033.667499999996,42152.4025,51545.799687499995
2023-08-10 05:00:00+02:00,43587.96,41847.557499999995,12.15,88.46373,5.154415,5,3,8,0,0,43867.9775,45255.7725,51531.17052083334
2023-08-10 06:00:00+02:00,49542.6825,46744.4525,11.6,90.81561,5.692099,6,3,8,0,0,49881.94,50901.0125,51519.503124999996
2023-08-10 07:00:00+02:00,54438.13,51181.7975,13.0,85.359,7.2,7,3,8,0,0,54451.729999999996,55375.432499999995,51505.36739583333
2023-08-10 08:00:00+02:00,57327.905,54187.787500000006,14.4,80.302025,3.6,8,3,8,0,0,57600.86,58225.775,51504.800729166665
2023-08-10 09:00:00+02:00,57672.19,55753.417499999996,15.65,71.67587,5.937272,9,3,8,0,0,58480.784999999996,58896.42,51493.427604166674
2023-08-10 10:00:00+02:00,58172.3975,57593.3725,16.9,63.166245,9.114471,10,3,8,0,0,58906.7675,60511.4375,51459.73614583333
2023-08-10 11:00:00+02:00,58919.795,59023.9475,17.75,59.264244,15.124284,11,3,8,0,0,59188.395000000004,61647.0075,51429.13739583333
2023-08-10 12:00:00+02:00,58065.08,59016.4425,17.9,58.119396,16.595179,12,3,8,0,0,59219.75,60978.15,51417.94572916667
2023-08-10 13:00:00+02:00,56733.7275,58237.6275,19.0,53.525024,16.563911,13,3,8,0,0,58400.875,59210.582500000004,51369.83447916667
2023-08-10 14:00:00+02:00,55630.899999999994,56854.065,19.6,51.563004,14.081478,14,3,8,0,0,56494.9675,57484.6625,51300.37
2023-08-10 15:00:00+02:00,54869.5625,55238.0875,20.0,47.65727,15.137133,15,3,8,0,0,55661.1075,56030.885,51264.3671875
2023-08-10 16:00:00+02:00,54015.1275,53735.255000000005,20.25,46.29467,14.113653,16,3,8,0,0,55060.899999999994,55859.215,51231.38614583333
2023-08-10 17:00:00+02:00,54139.7175,52862.99,19.9,46.988483,12.181625,17,3,8,0,0,55681.4375,56664.68,51187.81229166667
2023-08-10 18:00:00+02:00,54737.575,52437.37,19.8,48.743504,10.144082,18,3,8,0,0,55874.555,56330.145,51123.57395833333
2023-08-10 19:00:00+02:00,54218.162500000006,51974.1275,19.45,52.92731,7.2,19,3,8,0,0,54912.604999999996,55711.479999999996,51076.19979166667
2023-08-10 20:00:00+02:00,52403.8375,49518.345,17.5,71.311676,7.145796,20,3,8,0,0,52797.555,53003.145000000004,51047.2646875
2023-08-10 21:00:00+02:00,51044.74,47385.7725,17.15,60.731396,6.4096174,21,3,8,0,0,51988.205,51168.667499999996,51030.85979166667
2023-08-10 22:00:00+02:00,47689.1075,44314.55,13.85,77.07439,8.825508,22,3,8,0,0,48626.9225,48155.015,50991.54875000001
2023-08-10 23:00:00+02:00,44011.6275,41094.8775,13.5,77.53782,6.792466,23,3,8,0,0,45440.9925,44580.845,50952.473125
2023-08-11 00:00:00+02:00,41914.6025,39370.042499999996,12.8,78.74456,6.87779,0,4,8,0,0,42877.6075,42420.2425,50892.91625
2023-08-11 01:00:00+02:00,40282.0325,38017.3825,12.1,82.72413,6.792466,1,4,8,0,0,40978.6525,40495.2275,50852.79104166667
2023-08-11 02:00:00+02:00,38994.35,37212.8525,12.25,87.59112,6.439876,2,4,8,0,0,39916.7725,39172.59,50823.76520833333
2023-08-11 03:00:00+02:00,38947.2775,37505.9125,11.25,89.882935,7.172949,3,4,8,0,0,39754.165,39178.7675,50785.3309375
2023-08-11 04:00:00+02:00,39573.8925,39039.735,10.5,93.84338,7.208994,4,4,8,0,0,40682.567500000005,39829.145000000004,50751.710625
2023-08-11 05:00:00+02:00,42399.125,41937.28,10.95,94.49434,5.2416787,5,4,8,0,0,43587.96,42733.5075,50705.51583333333
2023-08-11 06:00:00+02:00,47836.55,46483.7275,12.15,89.95069,4.5536795,6,4,8,0,0,49542.6825,48152.735,50655.981041666666
2023-08-11 07:00:00+02:00,52495.0025,50759.7775,13.4,84.27426,5.937272,7,4,8,0,0,54438.13,53199.0025,50584.8921875
2023-08-11 08:00:00+02:00,56237.815,52943.05,14.8,81.42619,4.802999,8,4,8,0,0,57327.905,56373.3425,50503.92854166666
2023-08-11 09:00:00+02:00,57307.7875,53909.005000000005,16.4,77.7256,4.1046314,9,4,8,0,0,57672.19,58102.94,50458.50812499999
2023-08-11 10:00:00+02:00,58064.4425,54681.3225,19.25,66.033585,4.6102495,10,4,8,0,0,58172.3975,58904.8975,50443.3246875
2023-08-11 11:00:00+02:00,58450.735,55809.0225,21.15,51.628033,7.5942082,11,4,8,0,0,58919.795,59198.0625,50438.8265625
2023-08-11 12:00:00+02:00,57525.7525,55738.17,22.65,48.379467,10.365251,12,4,8,0,0,58065.08,58310.05,50419.28239583334
2023-08-11 13:00:00+02:00,55876.1075,54603.9375,23.0,50.264427,10.24578,13,4,8,0,0,56733.7275,56746.4325,50396.81041666667
2023-08-11 14:00:00+02:00,54370.4125,53306.125,22.95,51.58981,8.435069,14,4,8,0,0,55630.899999999994,55144.3675,50361.076250000006
2023-08-11 15:00:00+02:00,53658.56,52868.1025,24.55,47.940887,8.427383,15,4,8,0,0,54869.5625,54776.0575,50308.5559375
2023-08-11 16:00:00+02:00,53561.7525,51706.707500000004,24.7,48.13833,7.342588,16,4,8,0,0,54015.1275,53451.2675,50258.0975
2023-08-11 17:00:00+02:00,53303.2225,51229.92,24.45,49.505795,6.379216,17,4,8,0,0,54139.7175,53166.565,50239.206874999996
2023-08-11 18:00:00+02:00,53334.62,50766.36,24.2,50.746925,4.829907,18,4,8,0,0,54737.575,53202.095,50204.35291666668
2023-08-11 19:00:00+02:00,52823.802500000005,49508.68,23.9,53.03172,1.9386592,19,4,8,0,0,54218.162500000006,52315.625,50145.89645833333
2023-08-11 20:00:00+02:00,50841.46,47756.7325,21.75,72.55112,5.154415,20,4,8,0,0,52403.8375,49977.125,50087.798125
2023-08-11 21:00:00+02:00,49310.32,45911.53,19.7,72.65102,5.5887027,21,4,8,0,0,51044.74,48298.1075,50022.699062499996
2023-08-11 22:00:00+02:00,45838.5775,43027.880000000005,18.85,75.61624,6.9899354,22,4,8,0,0,47689.1075,45498.784999999996,49950.431562499994
2023-08-11 23:00:00+02:00,42877.575,40125.932499999995,18.3,76.7604,9.19939,23,4,8,0,0,44011.6275,42327.045,49873.32614583333
2023-08-12 00:00:00+02:00,40427.9875,38831.695,18.15,74.28449,11.681987,0,5,8,1,0,41914.6025,39831.6575,49826.07395833334
2023-08-12 01:00:00+02:00,38700.57,36823.082500000004,17.8,73.98281,11.304229,1,5,8,1,0,40282.0325,37901.8725,49764.13166666666
2023-08-12 02:00:00+02:00,37748.3,35918.69,17.8,75.44448,10.990322,2,5,8,1,0,38994.35,36472.625,49698.237395833334
2023-08-12 03:00:00+02:00,37440.2525,35621.975,17.0,80.39377,11.720751,3,5,8,1,0,38947.2775,36021.5875,49646.31864583333
2023-08-12 04:00:00+02:00,37649.4,35769.7575,16.75,82.21106,11.709688,4,5,8,1,0,39573.8925,35990.6225,49583.5259375
2023-08-12 05:00:00+02:00,38255.84,36368.0975,16.85,80.63542,12.475961,5,5,8,1,0,42399.125,36634.0475,49503.33875
2023-08-12 06:00:00+02:00,39577.78,37535.4525,16.95,78.83135,12.738099,6,5,8,1,0,47836.55,37945.765,49330.701875
2023-08-12 07:00:00+02:00,42109.3025,39877.4975,17.85,75.69869,14.336861,7,5,8,1,0,52495.0025,40162.015,48986.58645833333
2023-08-12 08:00:00+02:00,45222.207500000004,43063.555,19.4,73.30455,13.830749,8,5,8,1,0,56237.815,43320.9825,48553.848958333336
2023-08-12 09:00:00+02:00,48026.792499999996,45791.915,21.05,69.47317,12.10157,9,5,8,1,0,57307.7875,45505.207500000004,48094.865312500006
2023-08-12 10:00:00+02:00,49725.5475,47378.0775,22.4,66.904816,12.864649,10,5,8,1,0,58064.4425,46763.2825,47708.1571875
2023-08-12 11:00:00+02:00,50459.7825,47994.94,22.9,66.58209,13.684735,11,5,8,1,0,58450.735,47788.7,47360.70322916668
2023-08-12 12:00:00+02:00,50484.7375,48119.8,23.65,65.687515,12.9249525,12,5,8,1,0,57525.7525,47648.735,47027.746875000004
2023-08-12 13:00:00+02:00,49482.94,47142.5225,23.85,66.98855,9.746631,13,5,8,1,0,55876.1075,46296.6675,46734.371250000004
2023-08-12 14:00:00+02:00,48808.3675,45904.0275,24.3,65.20301,17.643673,14,5,8,1,0,54370.4125,44988.685,46467.98927083333
2023-08-12 15:00:00+02:00,48089.770000000004,45433.505000000005,24.5,67.54365,18.64369,15,5,8,1,0,53658.56,44319.44,46236.237395833334
2023-08-12 16:00:00+02:00,46981.1075,44518.0175,25.2,66.21768,14.24163,16,5,8,1,0,53561.7525,44431.34,46004.20447916666
2023-08-12 17:00:00+02:00,46773.7275,44697.6275,26.55,63.06991,13.627795,17,5,8,1,0,53303.2225,45013.715,45730.010937499996
2023-08-12 18:00:00+02:00,47982.817500000005,45174.6425,26.9,61.399315,11.901798,18,5,8,1,0,53334.62,45544.46,45457.948645833334
2023-08-12 19:00:00+02:00,47127.715,44368.8925,26.15,62.982216,13.339445,19,5,8,1,0,52823.802500000005,45013.1525,45234.956875
2023-08-12 20:00:00+02:00,45809.5725,42696.625,21.6,83.84376,21.980644,20,5,8,1,0,50841.46,43618.545,44997.61989583333
2023-08-12 21:00:00+02:00,45124.0,40821.845,21.15,88.641846,13.276144,21,5,8,1,0,49310.32,42554.7,44787.957916666666
2023-08-12 22:00:00+02:00,43130.455,38885.4875,20.65,91.1251,12.783802,22,5,8,1,0,45838.5775,40740.057499999995,44613.527916666666
2023-08-12 23:00:00+02:00,40527.5175,36543.917499999996,19.95,93.38743,7.6367526,23,5,8,1,0,42877.575,38339.1975,44500.68947916667
2023-08-13 00:00:00+02:00,37949.807499999995,34780.0925,20.0,93.38984,12.641076,0,6,8,1,0,40427.9875,35914.94,44402.770416666666
2023-08-13 01:00:00+02:00,36351.8425,34188.415,19.7,93.66778,14.869351,1,6,8,1,0,38700.57,34685.84,44299.51291666667
2023-08-13 02:00:00+02:00,34965.3375,33138.0225,19.4,93.947716,14.417988,2,6,8,1,0,37748.3,33844.1025,44201.64927083333
2023-08-13 03:00:00+02:00,34400.4375,32539.465,18.85,95.11176,13.910169,3,6,8,1,0,37440.2525,33595.075,44085.692500000005
2023-08-13 04:00:00+02:00,34001.85,32859.1,18.35,95.99702,10.948973,4,6,8,1,0,37649.4,33379.275,43959.03354166667
2023-08-13 05:00:00+02:00,34486.985,33061.355,17.8,95.98045,9.6932955,5,6,8,1,0,38255.84,33471.6825,43807.052291666674
2023-08-13 06:00:00+02:00,35103.5425,33651.845,16.7,96.56096,6.0347,6,6,8,1,0,39577.78,33600.3775,43650.01666666666
2023-08-13 07:00:00+02:00,37276.2275,35558.0725,17.0,95.346954,6.489992,7,6,8,1,0,42109.3025,35198.6475,43463.59010416667
2023-08-13 08:00:00+02:00,40230.9675,38577.942500000005,18.15,91.83216,4.1046314,8,6,8,1,0,45222.207500000004,38102.490000000005,43262.21197916667
2023-08-13 09:00:00+02:00,42604.3125,42270.082500000004,19.5,84.40539,2.8116899,9,6,8,1,0,48026.792499999996,41377.167499999996,43054.24364583333
2023-08-13 10:00:00+02:00,44198.615,44704.2025,21.1,73.132164,4.896529,10,6,8,1,0,49725.5475,43984.6325,42828.30697916667
2023-08-13 11:00:00+02:00,45595.524999999994,46417.1,22.15,65.37097,8.557102,11,6,8,1,0,50459.7825,45936.91,42598.018125
2023-08-13 12:00:00+02:00,45073.2325,46872.5225,23.2,59.39635,10.97262,12,6,8,1,0,50484.7375,46482.1425,42395.340729166666
2023-08-13 13:00:00+02:00,43998.5625,46184.6875,24.1,55.184555,11.720751,13,6,8,1,0,49482.94,45774.4675,42169.861354166664
2023-08-13 14:00:00+02:00,42429.3125,45073.165,25.1,46.089558,10.799999,14,6,8,1,0,48808.3675,44554.08,41941.345624999994
2023-08-13 15:00:00+02:00,42335.2625,45766.905,25.5,43.98445,10.1887,15,6,8,1,0,48089.770000000004,44136.56,41675.551666666666
2023-08-13 16:00:00+02:00,41778.5625,44811.455,25.75,45.07431,9.904906,16,6,8,1,0,46981.1075,44186.3375,41435.78052083334
2023-08-13 17:00:00+02:00,42404.525,44479.2675,25.35,49.423157,10.464798,17,6,8,1,0,46773.7275,45627.7375,41219.0078125
2023-08-13 18:00:00+02:00,43735.8975,44388.3725,24.75,53.421593,9.9571085,18,6,8,1,0,47982.817500000005,46517.119999999995,41036.957708333335
2023-08-13 19:00:00+02:00,44099.555,43606.2825,23.65,62.03088,7.4128532,19,6,8,1,0,47127.715,46131.715,40860.00270833333
2023-08-13 20:00:00+02:00,43865.66,42489.155,21.75,69.38643,7.172949,20,6,8,1,0,45809.5725,45090.8175,40733.829375
2023-08-13 21:00:00+02:00,43865.665,41466.3025,21.0,71.955956,9.511088,21,6,8,1,0,45124.0,44785.59,40652.83302083333
2023-08-13 22:00:00+02:00,42291.095,39935.69,20.8,72.84632,9.531505,22,6,8,1,0,43130.455,43811.6575,40600.402395833335
2023-08-13 23:00:00+02:00,39794.02,37662.7875,19.7,75.75405,9.47012,23,6,8,1,0,40527.5175,41228.8225,40565.4290625
2023-08-14 00:00:00+02:00,38104.775,35782.285,19.2,73.26947,8.557102,0,0,8,0,0,37949.807499999995,39442.1375,40534.86666666667
2023-08-14 01:00:00+02:00,36948.15,34406.4825,19.7,69.43486,8.891343,1,0,8,0,0,36351.8425,38228.19,40541.323645833334
2023-08-14 02:00:00+02:00,36159.905,34036.4225,18.3,80.828964,9.83268,2,0,8,0,0,34965.3375,38206.475,40566.16979166667
2023-08-14 03:00:00+02:00,36183.325,34849.58,18.15,83.44962,11.435313,3,0,8,0,0,34400.4375,38233.715,40615.9434375
2023-08-14 04:00:00+02:00,37194.2675,36608.9875,18.3,84.814255,10.1376915,4,0,8,0,0,34001.85,39491.604999999996,40690.230416666665
2023-08-14 05:00:00+02:00,40519.572499999995,40230.2675,16.85,92.04792,7.0911775,5,0,8,0,0,34486.985,42509.4125,40823.2478125
2023-08-14 06:00:00+02:00,46621.165,45754.915,16.3,93.20611,6.9153743,6,0,8,0,0,35103.5425,48818.479999999996,41074.605625000004
2023-08-14 07:00:00+02:00,51443.5925,50567.705,17.35,90.04084,7.653705,7,0,8,0,0,37276.2275,53455.71,41554.5065625
2023-08-14 08:00:00+02:00,55289.6,53775.9425,19.0,85.97574,3.8268526,8,0,8,0,0,40230.9675,56825.1375,42144.8134375
2023-08-14 09:00:00+02:00,57154.8875,55046.6275,20.9,78.39555,3.7064266,9,0,8,0,0,42604.3125,58544.9825,42772.25645833334
2023-08-14 10:00:00+02:00,58273.8,56500.4025,22.65,70.44769,5.634891,10,0,8,0,0,44198.615,59173.817500000005,43378.53041666667
2023-08-14 11:00:00+02:00,59342.31,58582.932499999995,24.0,62.10966,5.00128,11,0,8,0,0,45595.524999999994,59642.744999999995,43964.996458333335
2023-08-14 12:00:00+02:00,59205.31,59696.5125,25.4,56.943417,6.6087217,12,0,8,0,0,45073.2325,59654.71,44537.77916666667
2023-08-14 13:00:00+02:00,58205.45,59307.5125,26.3,53.47286,6.2145634,13,0,8,0,0,43998.5625,58601.08,45126.61572916667
2023-08-14 14:00:00+02:00,56422.87,58886.057499999995,28.3,47.104797,10.30883,14,0,8,0,0,42429.3125,57159.185,45718.569375
2023-08-14 15:00:00+02:00,55614.295,58570.2825,28.8,46.3444,13.281023,15,0,8,0,0,42335.2625,56176.3975,46301.63427083334
2023-08-14 16:00:00+02:00,54397.4675,56973.285,29.2,45.864456,10.630672,16,0,8,0,0,41778.5625,55906.0075,46854.927291666674
2023-08-14 17:00:00+02:00,54746.3875,55538.729999999996,29.25,46.170696,10.086427,17,0,8,0,0,42404.525,56417.4875,47380.715000000004
2023-08-14 18:00:00+02:00,55166.805,53851.3225,27.5,59.09118,6.9247384,18,0,8,0,0,43735.8975,56446.295,47894.95927083333
2023-08-14 19:00:00+02:00,54754.7125,52044.5275,27.35,58.32137,10.538843,19,0,8,0,0,44099.555,55198.965,48371.24708333333
2023-08-14 20:00:00+02:00,53000.19,50271.08500000001,24.9,70.20692,5.937272,20,0,8,0,0,43865.66,52742.0225,48815.21197916667
2023-08-14 21:00:00+02:00,51681.712499999994,48139.755,22.75,80.1487,6.12,21,0,8,0,0,43865.665,51119.0975,49195.81739583333
2023-08-14 22:00:00+02:00,48438.3675,45038.582500000004,21.9,85.459526,6.162207,22,0,8,0,0,42291.095,47724.5875,49521.48604166667
2023-08-14 23:00:00+02:00,44879.89,42286.04,21.25,89.75953,6.0347,23,0,8,0,0,39794.02,43776.2525,49777.622395833336
2023-08-15 00:00:00+02:00,42451.2325,41620.932499999995,20.2,93.10886,7.9526596,0,1,8,0,0,38104.775,41460.4025,49989.533645833326
2023-08-15 01:00:00+02:00,41079.5525,40386.55,20.1,94.86132,6.130579,1,1,8,0,0,36948.15,40341.1425,50170.636041666665
2023-08-15 02:00:00+02:00,40017.5125,39740.09,21.2,90.03522,7.42159,2,1,8,0,0,36159.905,39413.2025,50342.7778125
2023-08-15 03:00:00+02:00,40157.185,40080.9925,20.8,92.562546,1.484318,3,1,8,0,0,36183.325,39470.0075,50503.51145833333
2023-08-15 04:00:00+02:00,39658.5675,41330.1425,20.3,93.69576,7.072878,4,1,8,0,0,37194.2675,40158.2575,50669.088958333334
2023-08-15 05:00:00+02:00,42345.325,44089.7825,19.45,95.431526,5.8603754,5,1,8,0,0,40519.572499999995,42605.9,50771.768125
2023-08-15 06:00:00+02:00,47672.1525,49265.3525,19.15,96.62393,13.049689,6,1,8,0,0,46621.165,48499.6125,50847.841145833336
2023-08-15 07:00:00+02:00,52732.8925,53504.415,19.85,95.445114,12.261158,7,1,8,0,0,51443.5925,53581.0525,50891.63229166666
2023-08-15 08:00:00+02:00,55839.5025,56140.005000000005,21.1,93.15421,8.825508,8,1,8,0,0,55289.6,57184.98,50945.353124999994
2023-08-15 09:00:00+02:00,56547.91,57865.86,22.75,88.77066,7.628263,9,1,8,0,0,57154.8875,57763.6475,50968.26572916666
2023-08-15 10:00:00+02:00,58032.005000000005,59543.6625,24.8,80.91617,7.968939,10,1,8,0,0,58273.8,58417.582500000004,50942.975
2023-08-15 11:00:00+02:00,59420.1,60743.1,26.5,72.03877,8.473393,11,1,8,0,0,59342.31,59102.16,50932.90020833333
2023-08-15 12:00:00+02:00,59171.8875,61069.0775,28.35,61.915077,7.42159,12,1,8,0,0,59205.31,59175.69,50936.14145833333
2023-08-15 13:00:00+02:00,58559.515,60457.685,29.65,54.48162,4.32,13,1,8,0,0,58205.45,59123.975,50934.74885416666
2023-08-15 14:00:00+02:00,57579.1875,59182.7375,29.2,61.345318,7.5170207,14,1,8,0,0,56422.87,57668.265,50949.5015625
2023-08-15 15:00:00+02:00,56347.72,58475.597499999996,29.4,60.08418,8.404285,15,1,8,0,0,55614.295,56978.5225,50997.68145833333
2023-08-15 16:00:00+02:00,54646.365,57393.685,29.4,58.621662,8.766573,16,1,8,0,0,54397.4675,55511.645,51028.24083333334
2023-08-15 17:00:00+02:00,54051.155,56583.46,29.55,54.79649,10.8955765,17,1,8,0,0,54746.3875,55713.41,51038.6115625
2023-08-15 18:00:00+02:00,54412.285,55931.557499999995,28.55,57.8804,9.339208,18,1,8,0,0,55166.805,55273.095,51009.64354166667
2023-08-15 19:00:00+02:00,53716.595,54887.205,27.3,64.61996,9.0,19,1,8,0,0,54754.7125,55308.740000000005,50978.20520833333
2023-08-15 20:00:00+02:00,52098.4325,53031.8375,25.05,76.36116,5.815978,20,1,8,0,0,53000.19,53801.1525,50934.9503125
2023-08-15 21:00:00+02:00,51007.89,51038.3175,24.05,80.57045,5.95906,21,1,8,0,0,51681.712499999994,52067.3125,50897.37708333333
2023-08-15 22:00:00+02:00,47488.7,47757.265,23.9,79.56137,8.891343,22,1,8,0,0,48438.3675,48775.3525,50869.301145833335
2023-08-15 23:00:00+02:00,43971.5925,44663.9625,20.95,91.71256,3.0758414,23,1,8,0,0,44879.89,45274.0325,50829.73166666666
2023-08-16 00:00:00+02:00,41756.6425,40132.35,20.45,93.99448,14.471821,0,2,8,0,0,42451.2325,42055.2125,50791.885937499996
2023-08-16 01:00:00+02:00,40013.902500000004,38660.71000000001,20.6,94.001114,4.39436,1,2,8,0,0,41079.5525,40868.415,50762.94468750001
2023-08-16 02:00:00+02:00,39280.095,38215.79,20.1,93.686424,3.219938,2,2,8,0,0,40017.5125,39786.43,50718.542604166665
2023-08-16 03:00:00+02:00,39628.895000000004,38693.5925,20.0,95.4502,5.506941,3,2,8,0,0,40157.185,39776.515,50687.81687500001
2023-08-16 04:00:00+02:00,40096.075,39916.16,19.2,97.53551,4.6102495,4,2,8,0,0,39658.5675,41033.667499999996,50665.80479166666
2023-08-16 05:00:00+02:00,43299.034999999996,42785.59,19.35,96.93126,4.6800003,5,2,8,0,0,42345.325,43867.9775,50684.034270833334
2023-08-16 06:00:00+02:00,49042.96,47919.1175,18.75,97.83326,4.198285,6,2,8,0,0,47672.1525,49881.94,50723.7721875
2023-08-16 07:00:00+02:00,53855.235,51978.835,19.3,96.9301,4.8965297,7,2,8,0,0,52732.8925,54451.729999999996,50780.88916666666
2023-08-16 08:00:00+02:00,57236.075,55058.0475,20.5,92.83472,6.792466,8,2,8,0,0,55839.5025,57600.86,50827.653437500005
2023-08-16 09:00:00+02:00,58750.35,57084.42,21.8,86.78857,5.4119864,9,2,8,0,0,56547.91,58480.784999999996,50885.84395833334
2023-08-16 10:00:00+02:00,59426.399999999994,58777.83,22.85,80.662636,6.162207,10,2,8,0,0,58032.005000000005,58906.7675,50977.61229166667
2023-08-16 11:00:00+02:00,60015.7425,59998.405,24.1,73.42065,4.73506,11,2,8,0,0,59420.1,59188.395000000004,51035.71208333334
2023-08-16 12:00:00+02:00,59159.3875,60087.68,24.95,68.699455,5.634891,12,2,8,0,0,59171.8875,59219.75,51060.53052083333
2023-08-16 13:00:00+02:00,58175.707500000004,59335.4925,25.7,63.08105,6.9527545,13,2,8,0,0,58559.515,58400.875,51060.009687499994
2023-08-16 14:00:00+02:00,56857.25,57715.975000000006,26.2,59.158005,6.489992,14,2,8,0,0,57579.1875,56494.9675,51044.017708333326
2023-08-16 15:00:00+02:00,56175.4375,56373.33,26.6,59.438152,7.072878,15,2,8,0,0,56347.72,55661.1075,51013.93697916666
2023-08-16 16:00:00+02:00,55278.8225,55070.4925,26.8,58.374313,8.0899935,16,2,8,0,0,54646.365,55060.899999999994,51006.75854166666
2023-08-16 17:00:00+02:00,55806.854999999996,54417.55,26.55,58.315044,10.009036,17,2,8,0,0,54051.155,55681.4375,51033.110937499994
2023-08-16 18:00:00+02:00,55738.5475,53320.15,26.05,57.829117,10.799999,18,2,8,0,0,54412.285,55874.555,51106.26510416666
2023-08-16 19:00:00+02:00,54663.425,52406.6,25.05,62.739777,11.525623,19,2,8,0,0,53716.595,54912.604999999996,51161.526041666664
2023-08-16 20:00:00+02:00,53114.26,50060.065,23.8,68.69054,11.988594,20,2,8,0,0,52098.4325,52797.555,51200.97729166667
2023-08-16 21:00:00+02:00,51636.0025,47867.51,22.1,75.89776,12.303366,21,2,8,0,0,51007.89,51988.205,51243.3034375
2023-08-16 22:00:00+02:00,48404.8975,44390.575,21.4,80.47096,15.379206,22,2,8,0,0,47488.7,48626.9225,51269.47479166667
2023-08-16 23:00:00+02:00,44813.3225,41127.965,20.35,82.39116,15.546833,23,2,8,0,0,43971.5925,45440.9925,51307.6496875
2023-08-17 00:00:00+02:00,41754.36,40981.92,19.7,82.83616,15.192682,0,3,8,0,0,41756.6425,42877.6075,51342.721770833334
2023-08-17 01:00:00+02:00,40476.695,39529.9925,19.15,82.770294,15.1884165,1,3,8,0,0,40013.902500000004,40978.6525,51342.62666666667
2023-08-17 02:00:00+02:00,39982.89,38929.1275,19.2,80.431786,15.463246,2,3,8,0,0,39280.095,39916.7725,51361.9096875
2023-08-17 03:00:00+02:00,40224.1525,39253.7725,18.75,82.45797,16.595179,3,3,8,0,0,39628.895000000004,39754.165,51391.1928125
2023-08-17 04:00:00+02:00,40711.195,40496.619999999995,18.7,81.402245,17.76081,4,3,8,0,0,40096.075,40682.567500000005,51415.99520833333
2023-08-17 05:00:00+02:00,43634.5475,43583.615000000005,18.1,81.32475,15.315873,5,3,8,0,0,43299.034999999996,43587.96,51441.62520833333
2023-08-17 06:00:00+02:00,49563.7875,48769.475,17.6,81.52286,14.84318,6,3,8,0,0,49042.96,49542.6825,51455.604895833334
2023-08-17 07:00:00+02:00,54133.705,52178.7525,17.7,78.93991,14.973577,7,3,8,0,0,53855.235,54438.13,51477.30604166666
2023-08-17 08:00:00+02:00,57405.692500000005,55089.135,18.6,72.21841,15.192682,8,3,8,0,0,57236.075,57327.905,51488.90895833333
2023-08-17 09:00:00+02:00,59145.770000000004,56994.8125,19.5,67.17379,19.914217,9,3,8,0,0,58750.35,57672.19,51495.97635416666
2023-08-17 10:00:00+02:00,60375.667499999996,58771.1375,21.1,63.480534,17.873556,10,3,8,0,0,59426.399999999994,58172.3975,51512.45218749999
2023-08-17 11:00:00+02:00,61307.365,59948.729999999996,22.7,62.21471,18.014393,11,3,8,0,0,60015.7425,58919.795,51552.005
2023-08-17 12:00:00+02:00,61176.4225,59761.17,23.7,61.254456,19.164719,12,3,8,0,0,59159.3875,58065.08,51605.82260416667
2023-08-17 13:00:00+02:00,60096.13,59016.385,24.65,60.502193,18.416384,13,3,8,0,0,58175.707500000004,56733.7275,51689.86572916667
2023-08-17 14:00:00+02:00,58888.4375,57552.8575,23.2,71.89696,16.418526,14,3,8,0,0,56857.25,55630.899999999994,51769.88333333334
2023-08-17 15:00:00+02:00,57668.917499999996,56074.685,24.3,64.79222,10.514218,15,3,8,0,0,56175.4375,54869.5625,51854.51614583334
2023-08-17 16:00:00+02:00,56670.4225,54609.119999999995,24.2,68.12336,13.32,16,3,8,0,0,55278.8225,54015.1275,51916.74447916667
2023-08-17 17:00:00+02:00,56314.9525,53803.81,25.35,65.015114,13.684735,17,3,8,0,0,55806.854999999996,54139.7175,51974.7278125
2023-08-17 18:00:00+02:00,56815.5675,53142.759999999995,25.45,62.828167,15.277749,18,3,8,0,0,55738.5475,54737.575,51995.89854166668
2023-08-17 19:00:00+02:00,55918.7525,52404.285,24.6,66.72021,15.629971,19,3,8,0,0,54663.425,54218.162500000006,52040.774375
2023-08-17 20:00:00+02:00,54383.4475,49954.9675,22.4,74.05605,17.906157,20,3,8,0,0,53114.26,52403.8375,52093.079687499994
2023-08-17 21:00:00+02:00,53143.222499999996,47753.8925,21.5,76.52497,6.489992,21,3,8,0,0,51636.0025,51044.74,52145.962499999994
2023-08-17 22:00:00+02:00,48879.4875,44535.5275,20.9,82.198814,8.759178,22,3,8,0,0,48404.8975,47689.1075,52208.763333333336
2023-08-17 23:00:00+02:00,44853.6075,41312.572499999995,20.15,87.45459,9.885262,23,3,8,0,0,44813.3225,44011.6275,52228.53791666666
2023-08-18 00:00:00+02:00,42785.565,41621.085,19.8,88.81038,10.97262,0,4,8,0,0,41754.36,41914.6025,52230.216458333336
2023-08-18 01:00:00+02:00,41176.15,40097.7925,19.5,89.3476,9.793059,1,4,8,0,0,40476.695,40282.0325,52273.18333333333
2023-08-18 02:00:00+02:00,40405.825,39309.792499999996,19.35,92.19303,13.049689,2,4,8,0,0,39982.89,38994.35,52302.32729166667
2023-08-18 03:00:00+02:00,40290.045,39557.7625,19.3,93.35569,5.4119864,3,4,8,0,0,40224.1525,38947.2775,52319.949583333335
2023-08-18 04:00:00+02:00,40848.1675,40875.4075,18.95,95.1154,8.14587,4,4,8,0,0,40711.195,39573.8925,52322.69510416667
2023-08-18 05:00:00+02:00,43826.5975,43707.7775,18.8,95.10998,7.10031,5,4,8,0,0,43634.5475,42399.125,52328.402291666665
2023-08-18 06:00:00+02:00,49780.2825,48941.8625,18.35,96.299866,4.829907,6,4,8,0,0,49563.7875,47836.55,52336.40437499999
2023-08-18 07:00:00+02:00,54407.130000000005,52809.7375,19.2,94.233986,7.9526596,7,4,8,0,0,54133.705,52495.0025,52345.42500000001
2023-08-18 08:00:00+02:00,57664.725,55470.020000000004,20.4,91.9657,5.937272,8,4,8,0,0,57405.692500000005,56237.815,52356.817708333336
2023-08-18 09:00:00+02:00,59188.287500000006,56934.575,21.85,87.06319,4.452954,9,4,8,0,0,59145.770000000004,57307.7875,52367.61072916668
2023-08-18 10:00:00+02:00,60060.3375,57802.8325,23.6,79.27402,6.130579,10,4,8,0,0,60375.667499999996,58064.4425,52369.38229166667
2023-08-18 11:00:00+02:00,60751.5175,58242.09,25.2,72.03021,9.0645685,11,4,8,0,0,61307.365,58450.735,52356.24354166668
2023-08-18 12:00:00+02:00,59126.0025,58089.2125,26.6,65.68467,10.308831,12,4,8,0,0,61176.4225,57525.7525,52333.08322916666
2023-08-18 13:00:00+02:00,57116.557499999995,57264.8525,27.6,61.17522,11.177405,13,4,8,0,0,60096.13,55876.1075,52247.64906250001
2023-08-18 14:00:00+02:00,55731.685,56172.04,28.95,50.20923,12.074766,14,4,8,0,0,58888.4375,54370.4125,52123.50020833333
2023-08-18 15:00:00+02:00,55240.585,54943.0775,29.0,50.539787,10.661107,15,4,8,0,0,57668.917499999996,53658.56,51991.96885416666
2023-08-18 16:00:00+02:00,55063.6125,53796.5075,29.3,50.617443,10.182337,16,4,8,0,0,56670.4225,53561.7525,51890.78833333333
2023-08-18 17:00:00+02:00,55374.865,54097.16,27.6,54.656235,14.154915,17,4,8,0,0,56314.9525,53303.2225,51823.83791666667
2023-08-18 18:00:00+02:00,55107.815,53344.9625,27.0,58.78948,12.144331,18,4,8,0,0,56815.5675,53334.62,51784.667604166665
2023-08-18 19:00:00+02:00,54348.182499999995,52140.6,26.35,62.43762,14.007655,19,4,8,0,0,55918.7525,52823.802500000005,51713.51125
2023-08-18 20:00:00+02:00,52617.740000000005,50192.585,23.95,72.4835,25.171696,20,4,8,0,0,54383.4475,50841.46,51648.07083333334
2023-08-18 21:00:00+02:00,50706.34,48487.505000000005,21.8,80.27196,9.3876505,21,4,8,0,0,53143.222499999996,49310.32,51574.49968750001
2023-08-18 22:00:00+02:00,47374.2075,45303.3575,20.9,84.82347,8.891343,22,4,8,0,0,48879.4875,45838.5775,51472.962916666664
2023-08-18 23:00:00+02:00,43867.2025,42243.3175,20.2,89.121506,7.968939,23,4,8,0,0,44853.6075,42877.575,51410.24291666667
2023-08-19 00:00:00+02:00,41409.945,38867.44,19.65,93.08097,7.628263,0,5,8,1,0,42785.565,40427.9875,51369.14270833333
2023-08-19 01:00:00+02:00,39652.1075,37456.1275,19.5,94.24676,7.5942073,1,5,8,1,0,41176.15,38700.57,51311.82520833333
2023-08-19 02:00:00+02:00,38023.055,36233.16,20.55,87.21653,8.350138,2,5,8,1,0,40405.825,37748.3,51248.32343750001
2023-08-19 03:00:00+02:00,37330.105,35831.285,19.65,91.63371,7.208994,3,5,8,1,0,40290.045,37440.2525,51149.041354166664
2023-08-19 04:00:00+02:00,37459.6425,35907.01,19.25,93.06053,8.049845,4,5,8,1,0,40848.1675,37649.4,51025.71052083333
2023-08-19 05:00:00+02:00,38078.3775,36361.2125,18.95,93.63255,7.69592,5,5,8,1,0,43826.5975,38255.84,50884.52197916667
2023-08-19 06:00:00+02:00,39128.744999999995,37576.455,18.75,94.51167,9.422101,6,5,8,1,0,49780.2825,39577.78,50645.012812500005
2023-08-19 07:00:00+02:00,41888.645,40066.3475,19.55,91.34032,11.570515,7,5,8,1,0,54407.130000000005,42109.3025,50201.19874999999
2023-08-19 08:00:00+02:00,45484.47,43584.53,20.95,86.98048,7.69592,8,5,8,1,0,57664.725,45222.207500000004,49679.59520833333
2023-08-19 09:00:00+02:00,48819.8475,46510.8975,22.85,81.671844,9.693296,9,5,8,1,0,59188.287500000006,48026.792499999996,49172.08458333332
2023-08-19 10:00:00+02:00,50741.7625,48348.27,25.25,74.762245,7.9932966,10,5,8,1,0,60060.3375,49725.5475,48740.06625
2023-08-19 11:00:00+02:00,51873.165,49712.475,27.25,66.43152,8.14587,11,5,8,1,0,60751.5175,50459.7825,48351.792291666665
2023-08-19 12:00:00+02:00,51364.8375,50424.165,28.75,56.681133,10.948973,12,5,8,1,0,59126.0025,50484.7375,47981.8609375
2023-08-19 13:00:00+02:00,50253.195,49690.67,29.75,51.372784,9.885262,13,5,8,1,0,57116.557499999995,49482.94,47658.479062499995
2023-08-19 14:00:00+02:00,48811.4925,49433.104999999996,30.35,47.80017,9.178235,14,5,8,1,0,55731.685,48808.3675,47372.505625
2023-08-19 15:00:00+02:00,48299.1275,49149.072499999995,30.65,45.962784,6.4096174,15,5,8,1,0,55240.585,48089.770000000004,47084.16427083333
2023-08-19 16:00:00+02:00,48429.72,48097.520000000004,30.8,45.284084,6.8777895,16,5,8,1,0,55063.6125,46981.1075,46794.93687500001
2023-08-19 17:00:00+02:00,48492.082500000004,47109.365,30.9,45.026237,6.9153743,17,5,8,1,0,55374.865,46773.7275,46518.5246875
2023-08-19 18:00:00+02:00,48524.3325,46417.0075,30.6,45.804775,5.6002855,18,5,8,1,0,55107.815,47982.817500000005,46231.74208333334
2023-08-19 19:00:00+02:00,47659.8775,45092.5875,29.6,54.97928,3.671294,19,5,8,1,0,54348.182499999995,47127.715,45957.43031250001
2023-08-19 20:00:00+02:00,46197.745,43570.8225,27.15,63.39744,6.87779,20,5,8,1,0,52617.740000000005,45809.5725,45678.7509375
2023-08-19 21:00:00+02:00,45269.72,41690.4425,25.5,68.16682,8.825508,21,5,8,1,0,50706.34,45124.0,45411.25114583334
2023-08-19 22:00:00+02:00,43050.905,39188.37,23.8,77.5997,9.290511,22,5,8,1,0,47374.2075,43130.455,45184.7253125
2023-08-19 23:00:00+02:00,40367.1375,36751.0625,23.35,78.74828,4.32,23,5,8,1,0,43867.2025,40527.5175,45004.58770833333
2023-08-20 00:00:00+02:00,38126.7075,34704.31,23.05,80.43859,5.3999996,0,6,8,1,0,41409.945,37949.807499999995,44858.75166666667
2023-08-20 01:00:00+02:00,36494.1575,33582.67,22.0,85.73573,4.3349743,1,6,8,1,0,39652.1075,36351.8425,44721.950104166666
2023-08-20 02:00:00+02:00,35491.295,32639.3725,22.45,86.58081,11.435313,2,6,8,1,0,38023.055,34965.3375,44590.36885416667
2023-08-20 03:00:00+02:00,34494.33,32414.93,22.5,86.318184,3.7064266,3,6,8,1,0,37330.105,34400.4375,44484.878854166665
2023-08-20 04:00:00+02:00,34370.805,32153.62,21.65,92.32315,5.154415,4,6,8,1,0,37459.6425,34001.85,44366.721562499995
2023-08-20 05:00:00+02:00,34693.95,32064.420000000002,21.35,92.87914,7.2359104,5,6,8,1,0,38078.3775,34486.985,44238.02
2023-08-20 06:00:00+02:00,35004.72,32263.305,21.2,92.58424,11.726277,6,6,8,1,0,39128.744999999995,35103.5425,44097.0021875
2023-08-20 07:00:00+02:00,36951.9375,34142.445,21.4,92.024,11.4862,7,6,8,1,0,41888.645,37276.2275,43925.1678125
2023-08-20 08:00:00+02:00,40083.7825,37413.9825,22.35,86.57137,13.237038,8,6,8,1,0,45484.47,40230.9675,43719.47166666667
2023-08-20 09:00:00+02:00,42778.235,40841.8,23.3,83.001656,16.595179,9,6,8,1,0,48819.8475,42604.3125,43494.44302083333
2023-08-20 10:00:00+02:00,44227.0,42767.8025,24.25,75.06296,15.778516,10,6,8,1,0,50741.7625,44198.615,43242.70916666667
2023-08-20 11:00:00+02:00,45699.51,44435.177500000005,25.1,62.15931,9.021574,11,6,8,1,0,51873.165,45595.524999999994,42971.26072916667
2023-08-20 12:00:00+02:00,45612.475,45033.317500000005,26.95,48.896053,11.090103,12,6,8,1,0,51364.8375,45073.2325,42714.02510416667
2023-08-20 13:00:00+02:00,44331.8975,44494.1475,27.9,41.981506,13.044722,13,6,8,1,0,50253.195,43998.5625,42474.34333333333
2023-08-20 14:00:00+02:00,43128.1425,44192.235,28.1,49.043476,11.119281,14,6,8,1,0,48811.4925,42429.3125,42227.62260416667
2023-08-20 15:00:00+02:00,42630.0925,43800.1375,28.65,45.57027,10.144082,15,6,8,1,0,48299.1275,42335.2625,41990.816354166665
2023-08-20 16:00:00+02:00,42607.6525,43427.707500000004,28.85,42.79112,10.739832,16,6,8,1,0,48429.72,41778.5625,41754.6065625
2023-08-20 17:00:00+02:00,43561.815,43305.6125,28.45,40.002842,13.004922,17,6,8,1,0,48492.082500000004,42404.525,41512.020416666666
2023-08-20 18:00:00+02:00,45207.1625,44136.3125,27.85,39.57626,12.904882,18,6,8,1,0,48524.3325,43735.8975,41306.59260416667
2023-08-20 19:00:00+02:00,45990.295,43908.56,26.65,44.156925,10.931203,19,6,8,1,0,47659.8775,44099.555,41168.3771875
2023-08-20 20:00:00+02:00,45923.3725,43546.975,24.8,52.919712,12.245294,20,6,8,1,0,46197.745,43865.66,41098.811250000006
2023-08-20 21:00:00+02:00,45917.5125,42643.545,22.9,59.51718,13.202726,21,6,8,1,0,45269.72,43865.665,41087.3790625
2023-08-20 22:00:00+02:00,44213.295,40784.725,21.75,65.70724,11.592895,22,6,8,1,0,43050.905,42291.095,41114.370416666665
2023-08-20 23:00:00+02:00,41347.2725,38381.825,20.85,71.46946,10.296251,23,6,8,1,0,40367.1375,39794.02,41162.80333333333
2023-08-21 00:00:00+02:00,39188.05,36638.0325,20.0,77.270966,8.759178,0,0,8,0,0,38126.7075,38104.775,41203.64229166667
2023-08-21 01:00:00+02:00,37839.46,35425.1325,19.3,86.27859,7.208994,1,0,8,0,0,36494.1575,36948.15,41247.86489583333
2023-08-21 02:00:00+02:00,36979.02,34996.5975,19.55,94.24893,7.9036193,2,0,8,0,0,35491.295,36159.905,41303.91916666667
2023-08-21 03:00:00+02:00,36913.705,35543.82,19.2,95.72231,7.2,3,0,8,0,0,34494.33,36183.325,41365.90770833333
2023-08-21 04:00:00+02:00,38001.1525,37256.6275,19.3,96.02542,6.28713,4,0,8,0,0,34370.805,37194.2675,41466.715000000004
2023-08-21 05:00:00+02:00,41602.255,40691.5725,20.0,91.94218,6.439876,5,0,8,0,0,34693.95,40519.572499999995,41617.979479166665
2023-08-21 06:00:00+02:00,48313.332500000004,46619.1175,19.35,95.72709,5.991594,6,0,8,0,0,35004.72,46621.165,41905.825520833336
2023-08-21 07:00:00+02:00,53411.9725,51738.5525,19.4,95.13178,6.1305785,7,0,8,0,0,36951.9375,51443.5925,42460.35104166667
2023-08-21 08:00:00+02:00,57607.917499999996,55122.4525,20.9,86.97587,5.8048253,8,0,8,0,0,40083.7825,55289.6,43146.18583333333
2023-08-21 09:00:00+02:00,59453.525,56789.89750000001,22.5,80.11507,2.16,9,0,8,0,0,42778.235,57154.8875,43876.358125
2023-08-21 10:00:00+02:00,60031.097499999996,58110.2175,24.3,67.503494,7.653705,10,0,8,0,0,44227.0,58273.8,44571.161875
2023-08-21 11:00:00+02:00,61255.4975,59314.395000000004,25.7,49.99821,11.457958,11,0,8,0,0,45699.51,59342.31,45229.665937499994
2023-08-21 12:00:00+02:00,61089.87,59547.7975,26.3,42.642864,12.181624,12,0,8,0,0,45612.475,59205.31,45877.832083333335
2023-08-21 13:00:00+02:00,60182.4975,58770.17,26.15,42.881653,12.72283,13,0,8,0,0,44331.8975,58205.45,46522.723541666666
2023-08-21 14:00:00+02:00,58630.5525,57752.2625,26.7,44.17064,12.287555,14,0,8,0,0,43128.1425,56422.87,47183.165208333325
2023-08-21 15:00:00+02:00,58217.1425,57546.36,26.8,43.626472,14.336861,15,0,8,0,0,42630.0925,55614.295,47829.098958333336
2023-08-21 16:00:00+02:00,57133.1875,56499.84,26.8,41.67672,14.618837,16,0,8,0,0,42607.6525,54397.4675,48478.559375000004
2023-08-21 17:00:00+02:00,57328.2775,55903.2125,26.75,40.850937,13.849477,17,0,8,0,0,43561.815,54746.3875,49083.79
2023-08-21 18:00:00+02:00,57279.7175,55119.11,26.4,40.087193,13.37825,18,0,8,0,0,45207.1625,55166.805,49657.392604166664
2023-08-21 19:00:00+02:00,56906.5625,54279.854999999996,25.35,42.519108,10.883676,19,0,8,0,0,45990.295,54754.7125,50160.415729166656
2023-08-21 20:00:00+02:00,55530.4875,52468.917499999996,23.4,51.538727,6.696387,20,0,8,0,0,45923.3725,53000.19,50615.260208333326
2023-08-21 21:00:00+02:00,53833.0225,50175.55,21.8,59.256504,8.766573,21,0,8,0,0,45917.5125,51681.712499999994,51015.556666666664
2023-08-21 22:00:00+02:00,49729.840000000004,46962.2225,20.6,61.737263,11.440979,22,0,8,0,0,44213.295,48438.3675,51345.369583333326
2023-08-21 23:00:00+02:00,46249.7825,43807.3775,19.6,62.32196,9.085988,23,0,8,0,0,41347.2725,44879.89,51575.225625
2023-08-22 00:00:00+02:00,43862.12,40275.427500000005,18.9,64.671585,10.296251,0,1,8,0,0,39188.05,42451.2325,51779.496875000004
2023-08-22 01:00:00+02:00,42315.335,38851.57,18.25,68.92389,8.0899935,1,1,8,0,0,37839.46,41079.5525,51974.24979166667
2023-08-22 02:00:00+02:00,41132.8575,38223.9275,18.2,78.24967,8.766573,2,1,8,0,0,36979.02,40017.5125,52160.74458333334
2023-08-22 03:00:00+02:00,40871.7325,38857.515,17.85,83.95284,7.628263,3,1,8,0,0,36913.705,40157.185,52333.82114583333
2023-08-22 04:00:00+02:00,41636.32,40108.582500000004,17.5,86.37841,7.771331,4,1,8,0,0,38001.1525,39658.5675,52498.73895833333
2023-08-22 05:00:00+02:00,44706.630000000005,43497.0975,18.25,81.86894,10.105681,5,1,8,0,0,41602.255,42345.325,52650.20427083334
2023-08-22 06:00:00+02:00,51293.0375,49391.655,18.55,79.82911,10.823973,6,1,8,0,0,48313.332500000004,47672.1525,52779.55322916667
2023-08-22 07:00:00+02:00,56039.1175,52772.5475,19.05,75.16217,9.531505,7,1,8,0,0,53411.9725,52732.8925,52903.707604166666
2023-08-22 08:00:00+02:00,59531.035,55747.87,19.55,71.6915,10.137692,8,1,8,0,0,57607.917499999996,55839.5025,53013.17197916666
2023-08-22 09:00:00+02:00,60423.455,57533.205,20.45,67.80613,9.826088,9,1,8,0,0,59453.525,56547.91,53093.301875000005
2023-08-22 10:00:00+02:00,60451.01,58493.36,21.55,61.155148,10.446206,10,1,8,0,0,60031.097499999996,58032.005000000005,53133.71562499999
2023-08-22 11:00:00+02:00,61145.4225,59678.32,22.75,56.29304,9.3669195,11,1,8,0,0,61255.4975,59420.1,53151.21197916666
2023-08-22 12:00:00+02:00,60432.08,59895.505,23.85,54.23691,8.78872,12,1,8,0,0,61089.87,59171.8875,53146.62552083333
2023-08-22 13:00:00+02:00,59471.1525,59196.4825,23.55,57.0407,12.031756,13,1,8,0,0,60182.4975,58559.515,53119.217604166675
2023-08-22 14:00:00+02:00,58321.405,57751.8925,25.6,49.649776,6.151683,14,1,8,0,0,58630.5525,57579.1875,53089.57822916666
2023-08-22 15:00:00+02:00,57529.705,56946.845,25.25,49.718044,8.311245,15,1,8,0,0,58217.1425,56347.72,53076.69708333333
2023-08-22 16:00:00+02:00,57201.885,55763.0075,25.65,48.393074,7.5685663,16,1,8,0,0,57133.1875,54646.365,53048.05385416667
2023-08-22 17:00:00+02:00,56895.0275,55248.682499999995,25.4,48.483437,9.605998,17,1,8,0,0,57328.2775,54051.155,53050.91625
2023-08-22 18:00:00+02:00,56697.395000000004,54786.99,25.1,48.877903,8.427383,18,1,8,0,0,57279.7175,54412.285,53032.86416666667
2023-08-22 19:00:00+02:00,56050.84,53817.0225,24.7,50.058495,7.42159,19,1,8,0,0,56906.5625,53716.595,53008.60072916667
2023-08-22 20:00:00+02:00,54519.6125,52056.76,23.0,58.210255,5.771239,20,1,8,0,0,55530.4875,52098.4325,52972.945625
2023-08-22 21:00:00+02:00,52841.557499999995,49795.7775,20.9,65.31536,6.8777895,21,1,8,0,0,53833.0225,51007.89,52930.825833333336
2023-08-22 22:00:00+02:00,48793.292499999996,46369.565,19.85,69.91538,7.342588,22,1,8,0,0,49729.840000000004,47488.7,52889.51479166667
2023-08-22 23:00:00+02:00,44956.675,43222.854999999996,19.15,73.49807,7.289445,23,1,8,0,0,46249.7825,43971.5925,52850.49197916666
2023-08-23 00:00:00+02:00,42521.0925,41468.4525,18.7,76.32838,7.771331,0,2,8,0,0,43862.12,41756.6425,52796.612499999996
2023-08-23 01:00:00+02:00,41184.2425,39934.9725,18.3,78.26449,7.9526596,1,2,8,0,0,42315.335,40013.902500000004,52740.736354166664
2023-08-23 02:00:00+02:00,40290.6,39279.712499999994,17.2,81.73582,7.172949,2,2,8,0,0,41132.8575,39280.095,52693.60749999999
2023-08-23 03:00:00+02:00,40546.07,39557.2525,15.9,88.48994,6.638072,3,2,8,0,0,40871.7325,39628.895000000004,52658.5134375
2023-08-23 04:00:00+02:00,41390.4325,40788.6875,15.8,90.80436,6.638072,4,2,8,0,0,41636.32,40096.075,52644.944166666675
2023-08-23 05:00:00+02:00,44320.4975,43802.7725,15.85,93.183235,7.5942082,5,2,8,0,0,44706.630000000005,43299.034999999996,52634.698854166665
2023-08-23 06:00:00+02:00,50486.29,49647.5175,15.7,94.9949,6.3690495,6,2,8,0,0,51293.0375,49042.96,52618.60999999999
2023-08-23 07:00:00+02:00,54993.97,53601.3675,16.7,92.33465,8.78872,7,2,8,0,0,56039.1175,53855.235,52584.995520833334
2023-08-23 08:00:00+02:00,58127.380000000005,56792.67,18.55,81.38293,6.792466,8,2,8,0,0,59531.035,57236.075,52541.44770833334
2023-08-23 09:00:00+02:00,58851.64,58230.7775,20.7,68.51657,6.9527545,9,2,8,0,0,60423.455,58750.35,52482.962083333325
2023-08-23 10:00:00+02:00,59696.4,59485.74,22.9,57.437424,8.049845,10,2,8,0,0,60451.01,59426.399999999994,52417.46979166666
2023-08-23 11:00:00+02:00,60762.7725,60098.845,24.35,49.803173,10.495713,11,2,8,0,0,61145.4225,60015.7425,52386.027708333335
2023-08-23 12:00:00+02:00,60191.9875,59855.4,25.45,45.73438,14.05845,12,2,8,0,0,60432.08,59159.3875,52370.08395833333
2023-08-23 13:00:00+02:00,59174.575,59224.052500000005,25.65,44.89978,15.876775,13,2,8,0,0,59471.1525,58175.707500000004,52360.080104166664
2023-08-23 14:00:00+02:00,58070.0025,57919.542499999996,26.2,43.177467,14.973576,14,2,8,0,0,58321.405,56857.25,52347.722708333335
2023-08-23 15:00:00+02:00,56919.64,57293.957500000004,26.55,41.334972,15.137133,15,2,8,0,0,57529.705,56175.4375,52337.247604166674
2023-08-23 16:00:00+02:00,56449.3125,56119.5675,26.45,41.443054,16.23596,16,2,8,0,0,57201.885,55278.8225,52311.82822916666
2023-08-23 17:00:00+02:00,56959.854999999996,55784.72,25.95,42.40616,14.973576,17,2,8,0,0,56895.0275,55806.854999999996,52280.471041666664
2023-08-23 18:00:00+02:00,56458.935,55195.445,25.45,42.40681,13.797913,18,2,8,0,0,56697.395000000004,55738.5475,52283.17218749999
2023-08-23 19:00:00+02:00,55695.0575,54304.104999999996,24.4,46.353657,14.386494,19,2,8,0,0,56050.84,54663.425,52273.23635416667
2023-08-23 20:00:00+02:00,54619.8075,52746.925,22.8,54.323566,9.957108,20,2,8,0,0,54519.6125,53114.26,52258.412083333336
2023-08-23 21:00:00+02:00,52642.567500000005,50457.9475,20.65,64.839676,5.904439,21,2,8,0,0,52841.557499999995,51636.0025,52262.586875
2023-08-23 22:00:00+02:00,48797.6375,46820.9675,19.15,73.97483,6.989936,22,2,8,0,0,48793.292499999996,48404.8975,52254.295625000006
2023-08-23 23:00:00+02:00,45049.052500000005,43667.785,18.35,78.271866,7.7879906,23,2,8,0,0,44956.675,44813.3225,52254.47666666668
2023-08-24 00:00:00+02:00,42657.432499999995,42167.345,17.65,81.52931,6.725354,0,3,8,0,0,42521.0925,41754.36,52258.325729166674
2023-08-24 01:00:00+02:00,41214.5325,40883.185,17.1,83.326904,5.692099,1,3,8,0,0,41184.2425,40476.695,52264.0065625
2023-08-24 02:00:00+02:00,40406.6875,40184.082500000004,18.7,72.23655,1.9386592,2,3,8,0,0,40290.6,39982.89,52265.268645833334
2023-08-24 03:00:00+02:00,40573.2125,40452.125,15.6,87.89146,6.8399997,3,3,8,0,0,40546.07,40224.1525,52270.105625
2023-08-24 04:00:00+02:00,41134.6725,41623.925,15.65,90.20789,5.3999996,4,3,8,0,0,41390.4325,40711.195,52271.2365625
2023-08-24 05:00:00+02:00,43998.55,44709.97,15.45,92.263115,6.162207,5,3,8,0,0,44320.4975,43634.5475,52260.57989583333
2023-08-24 06:00:00+02:00,50437.8975,50490.9125,15.45,92.86206,6.87779,6,3,8,0,0,50486.29,49563.7875,52247.16541666666
2023-08-24 07:00:00+02:00,54954.5625,54673.244999999995,16.35,87.107796,10.24578,7,3,8,0,0,54993.97,54133.705,52245.14906249999
2023-08-24 08:00:00+02:00,58129.045,57639.7725,18.85,74.16305,6.763786,8,3,8,0,0,58127.380000000005,57405.692500000005,52243.50708333333
2023-08-24 09:00:00+02:00,59730.3125,59103.2525,21.45,62.53705,7.145796,9,3,8,0,0,58851.64,59145.770000000004,52243.576458333344
2023-08-24 10:00:00+02:00,61039.26,59988.697499999995,23.6,52.78237,7.653705,10,3,8,0,0,59696.4,60375.667499999996,52280.1878125
2023-08-24 11:00:00+02:00,61926.332500000004,60848.655,25.25,45.381416,7.8954163,11,3,8,0,0,60762.7725,61307.365,52336.14031250001
2023-08-24 12:00:00+02:00,62722.065,60915.95,26.35,42.100945,9.220499,12,3,8,0,0,60191.9875,61176.4225,52384.62197916667
2023-08-24 13:00:00+02:00,62509.457500000004,60110.104999999996,27.25,39.929825,8.942214,13,3,8,0,0,59174.575,60096.13,52490.041875
2023-08-24 14:00:00+02:00,61500.3825,58907.895000000004,27.2,40.310646,8.78872,14,3,8,0,0,58070.0025,58888.4375,52628.99531250001
2023-08-24 15:00:00+02:00,59842.66,58225.845,27.7,39.147717,6.792466,15,3,8,0,0,56919.64,57668.917499999996,52771.92781249999
2023-08-24 16:00:00+02:00,58382.792499999996,56911.7975,28.05,38.48209,7.072878,16,3,8,0,0,56449.3125,56670.4225,52893.7203125
2023-08-24 17:00:00+02:00,57207.9975,56120.035,27.95,39.089344,7.9526596,17,3,8,0,0,56959.854999999996,56314.9525,52974.28197916667
2023-08-24 18:00:00+02:00,57277.37,55752.1675,27.7,40.449898,6.9527545,18,3,8,0,0,56458.935,56815.5675,52984.621250000004
2023-08-24 19:00:00+02:00,56633.29,55141.22,26.95,43.809998,3.6,19,3,8,0,0,55695.0575,55918.7525,53018.722708333335
2023-08-24 20:00:00+02:00,55259.8025,53542.335,25.2,49.866238,8.0899935,20,3,8,0,0,54619.8075,54383.4475,53057.81572916667
2023-08-24 21:00:00+02:00,52856.79,51115.015,23.85,52.84682,12.979984,21,3,8,0,0,52642.567500000005,53143.222499999996,53084.4821875
2023-08-24 22:00:00+02:00,48654.39,47615.275,23.15,53.358604,13.441071,22,3,8,0,0,48797.6375,48879.4875,53093.408124999994
2023-08-24 23:00:00+02:00,45216.3425,44436.8575,23.1,54.577137,13.281023,23,3,8,0,0,45049.052500000005,44853.6075,53087.439479166664
2023-08-25 00:00:00+02:00,43183.979999999996,42690.5975,22.4,58.63371,12.768586,0,4,8,0,0,42657.432499999995,42785.565,53094.40989583333
2023-08-25 01:00:00+02:00,42027.24,41349.1975,22.45,58.836147,11.983188,1,4,8,0,0,41214.5325,41176.15,53116.349375
2023-08-25 02:00:00+02:00,41735.2725,40524.395000000004,22.2,61.702118,9.885262,2,4,8,0,0,40406.6875,40405.825,53150.2121875
2023-08-25 03:00:00+02:00,41820.065,40790.13,21.75,63.41905,7.628263,3,4,8,0,0,40573.2125,40290.045,53205.56989583333
2023-08-25 04:00:00+02:00,43039.7125,42107.9375,21.55,63.992302,12.904882,4,4,8,0,0,41134.6725,40848.1675,53257.52208333334
2023-08-25 05:00:00+02:00,46036.792499999996,44837.34,21.35,64.99038,15.484185,5,4,8,0,0,43998.55,43826.5975,53336.89875
2023-08-25 06:00:00+02:00,51331.244999999995,50017.7475,20.15,71.11087,9.220499,6,4,8,0,0,50437.8975,49780.2825,53421.825520833336
2023-08-25 07:00:00+02:00,55350.9625,54664.0225,20.3,72.99171,4.0249224,7,4,8,0,0,54954.5625,54407.130000000005,53459.04833333334
2023-08-25 08:00:00+02:00,58835.7375,57977.98,21.55,68.905205,6.151683,8,4,8,0,0,58129.045,57664.725,53475.565
2023-08-25 09:00:00+02:00,60817.15,59494.6475,23.5,60.62327,4.6800003,9,4,8,0,0,59730.3125,59188.287500000006,53505.01052083333
2023-08-25 10:00:00+02:00,62588.182499999995,60134.48,25.85,52.679356,4.3349743,10,4,8,0,0,61039.26,60060.3375,53550.29541666666
2023-08-25 11:00:00+02:00,63701.0375,60340.195,27.5,48.263474,8.647496,11,4,8,0,0,61926.332500000004,60751.5175,53614.83385416667
2023-08-25 12:00:00+02:00,62577.96,59836.065,28.3,47.104797,9.793058,12,4,8,0,0,62722.065,59126.0025,53688.77989583332
2023-08-25 13:00:00+02:00,61599.09,58804.442500000005,29.25,43.873684,10.383987,13,4,8,0,0,62509.457500000004,57116.557499999995,53682.77552083333
2023-08-25 14:00:00+02:00,59767.38,57592.955,29.4,46.357933,15.459054,14,4,8,0,0,61500.3825,55731.685,53644.84354166666
2023-08-25 15:00:00+02:00,57662.275,56854.385,28.6,51.725334,14.336861,15,4,8,0,0,59842.66,55240.585,53572.63510416667
2023-08-25 16:00:00+02:00,56423.75,55697.055,26.3,60.120163,11.753877,16,4,8,0,0,58382.792499999996,55063.6125,53481.785729166666
2023-08-25 17:00:00+02:00,56321.68,55167.6125,22.2,89.276375,6.830519,17,4,8,0,0,57207.9975,55374.865,53400.15895833333
2023-08-25 18:00:00+02:00,55640.21,54510.095,23.05,84.26538,9.178235,18,4,8,0,0,57277.37,55107.815,53363.229062499995
2023-08-25 19:00:00+02:00,54226.322499999995,53418.8075,22.3,88.73467,7.42159,19,4,8,0,0,56633.29,54348.182499999995,53295.0140625
2023-08-25 20:00:00+02:00,52509.375,51487.2075,21.55,93.176704,12.57426,20,4,8,0,0,55259.8025,52617.740000000005,53194.72375
2023-08-25 21:00:00+02:00,50031.0975,49220.6225,21.15,92.58154,11.304229,21,4,8,0,0,52856.79,50706.34,53080.12260416666
2023-08-25 22:00:00+02:00,46178.612499999996,46226.2475,20.4,95.46371,7.289444,22,4,8,0,0,48654.39,47374.2075,52962.385416666664
2023-08-25 23:00:00+02:00,42948.0975,43171.9225,20.45,93.70269,10.1887,23,4,8,0,0,45216.3425,43867.2025,52859.22802083334
2023-08-26 00:00:00+02:00,40555.715,39622.365,20.45,91.68236,12.7279215,0,5,8,1,0,43183.979999999996,41409.945,52764.7178125
2023-08-26 01:00:00+02:00,39432.465000000004,38062.395000000004,19.95,93.679436,9.220499,1,5,8,1,0,42027.24,39652.1075,52655.20677083334
2023-08-26 02:00:00+02:00,38490.5175,36991.5325,20.35,88.57657,12.218805,2,5,8,1,0,41735.2725,38023.055,52547.091145833336
2023-08-26 03:00:00+02:00,37763.21,36505.2225,19.65,92.49966,15.815435,3,5,8,1,0,41820.065,37330.105,52411.89302083334
2023-08-26 04:00:00+02:00,37587.2125,36707.917499999996,19.5,89.62947,12.303366,4,5,8,1,0,43039.7125,37459.6425,52242.85739583333
2023-08-26 05:00:00+02:00,38621.405,37364.057499999995,19.0,92.46375,5.1165614,5,5,8,1,0,46036.792499999996,38078.3775,52015.669895833336
2023-08-26 06:00:00+02:00,39629.15,38473.1,19.1,92.76065,9.449572,6,5,8,1,0,51331.244999999995,39128.744999999995,51706.69541666666
2023-08-26 07:00:00+02:00,41958.165,40746.604999999996,19.5,91.91266,8.373386,7,5,8,1,0,55350.9625,41888.645,51219.108125
2023-08-26 08:00:00+02:00,45675.36,44209.585,20.65,88.60113,10.495713,8,5,8,1,0,58835.7375,45484.47,50661.074895833335
2023-08-26 09:00:00+02:00,49034.8925,47081.035,22.05,79.30516,13.004922,9,5,8,1,0,60817.15,48819.8475,50112.72583333333
2023-08-26 10:00:00+02:00,51016.6625,48887.35,23.0,73.692894,18.075441,10,5,8,1,0,62588.182499999995,50741.7625,49621.7984375
2023-08-26 11:00:00+02:00,51770.33,49829.235,23.55,68.42521,22.86496,11,5,8,1,0,63701.0375,51873.165,49139.65177083333
2023-08-26 12:00:00+02:00,52010.0925,50163.979999999996,22.55,65.87561,22.104116,12,5,8,1,0,62577.96,51364.8375,48642.53895833334
2023-08-26 13:00:00+02:00,50357.325,49312.307499999995,24.3,55.77088,19.652176,13,5,8,1,0,61599.09,50253.195,48202.21114583333
2023-08-26 14:00:00+02:00,48600.2375,48216.4175,25.1,55.78996,18.681883,14,5,8,1,0,59767.38,48811.4925,47733.80427083333
2023-08-26 15:00:00+02:00,47553.917499999996,47516.130000000005,24.8,55.53723,21.575987,15,5,8,1,0,57662.275,48299.1275,47268.50666666666
2023-08-26 16:00:00+02:00,46594.2425,46800.895000000004,24.85,43.087105,22.530937,16,5,8,1,0,56423.75,48429.72,46847.325104166666
2023-08-26 17:00:00+02:00,47015.605,46615.884999999995,23.6,39.832165,23.42491,17,5,8,1,0,56321.68,48492.082500000004,46437.762291666666
2023-08-26 18:00:00+02:00,47564.832500000004,46320.7325,22.1,43.18323,19.245697,18,5,8,1,0,55640.21,48524.3325,46050.00916666666
2023-08-26 19:00:00+02:00,46388.8675,45257.61,21.4,45.527996,12.7279215,19,5,8,1,0,54226.322499999995,47659.8775,45713.53510416666
2023-08-26 20:00:00+02:00,44918.899999999994,43962.595,20.15,49.66789,7.208994,20,5,8,1,0,52509.375,46197.745,45386.97447916667
2023-08-26 21:00:00+02:00,43589.67,42457.520000000004,19.3,54.326492,8.049845,21,5,8,1,0,50031.0975,45269.72,45070.7046875
2023-08-26 22:00:00+02:00,40920.39,40366.7975,17.45,65.43215,6.5693827,22,5,8,1,0,46178.612499999996,43050.905,44802.31187499999
2023-08-26 23:00:00+02:00,38328.68,37901.935,16.5,73.2721,7.69592,23,5,8,1,0,42948.0975,40367.1375,44583.21927083333
2023-08-27 00:00:00+02:00,36546.7875,35877.1175,15.85,73.88781,6.162207,0,6,8,1,0,40555.715,38126.7075,44390.74354166666
2023-08-27 01:00:00+02:00,34766.64,34673.835,15.0,73.73906,7.5942082,1,6,8,1,0,39432.465000000004,36494.1575,44223.70489583333
2023-08-27 02:00:00+02:00,33889.1975,33866.4975,14.85,85.83441,5.3517847,2,6,8,1,0,38490.5175,35491.295,44029.29552083334
2023-08-27 03:00:00+02:00,33311.01,33412.995,15.0,83.90076,3.7064266,3,6,8,1,0,37763.21,34494.33,43837.573854166665
2023-08-27 04:00:00+02:00,33164.285,33538.325,14.75,84.703835,2.968636,4,6,8,1,0,37587.2125,34370.805,43652.065520833334
2023-08-27 05:00:00+02:00,33830.380000000005,33631.115,12.7,93.01998,6.439876,5,6,8,1,0,38621.405,34693.95,43467.776875
2023-08-27 06:00:00+02:00,34529.26,34257.705,12.8,94.57161,4.6102495,6,6,8,1,0,39629.15,35004.72,43268.15083333333
2023-08-27 07:00:00+02:00,36827.1225,35705.8275,13.75,90.66365,7.24486,7,6,8,1,0,41958.165,36951.9375,43055.65541666667
2023-08-27 08:00:00+02:00,40299.565,38964.1875,15.5,81.24996,5.904439,8,6,8,1,0,45675.36,40083.7825,42841.861979166664
2023-08-27 09:00:00+02:00,43346.645,42110.815,18.25,67.35674,3.563818,9,6,8,1,0,49034.8925,42778.235,42617.870520833334
2023-08-27 10:00:00+02:00,45585.77,44251.96,20.4,55.338062,5.8603754,10,6,8,1,0,51016.6625,44227.0,42380.86020833333
2023-08-27 11:00:00+02:00,48048.69,45554.465,21.1,50.932312,8.891343,11,6,8,1,0,51770.33,45699.51,42154.57302083333
2023-08-27 12:00:00+02:00,47533.285,45821.985,21.4,49.013367,9.339208,12,6,8,1,0,52010.0925,45612.475,41999.504687500004
2023-08-27 13:00:00+02:00,44547.869999999995,45150.825,20.75,51.009293,7.42159,13,6,8,1,0,50357.325,44331.8975,41812.97104166667
2023-08-27 14:00:00+02:00,42712.1275,44094.534999999996,20.4,54.427555,11.212135,14,6,8,1,0,48600.2375,43128.1425,41570.91041666667
2023-08-27 15:00:00+02:00,43029.465000000004,42878.325,19.8,57.240604,11.119281,15,6,8,1,0,47553.917499999996,42630.0925,41325.5725
2023-08-27 16:00:00+02:00,44132.3525,42139.345,19.55,60.690002,9.449572,16,6,8,1,0,46594.2425,42607.6525,41137.05364583334
2023-08-27 17:00:00+02:00,44788.49,43139.3275,18.8,69.48523,7.2,17,6,8,1,0,47015.605,43561.815,41034.47489583333
2023-08-27 18:00:00+02:00,45304.055,44376.270000000004,18.35,76.27268,7.4128532,18,6,8,1,0,47564.832500000004,45207.1625,40941.6784375
2023-08-27 19:00:00+02:00,44925.3625,44171.085,17.95,83.42634,7.8625183,19,6,8,1,0,46388.8675,45990.295,40847.479375
2023-08-27 20:00:00+02:00,44929.86,44054.875,17.6,86.9442,6.696387,20,6,8,1,0,44918.899999999994,45923.3725,40786.5
2023-08-27 21:00:00+02:00,43854.5075,43045.2,16.9,91.17044,6.12,21,6,8,1,0,43589.67,45917.5125,40786.95666666667
2023-08-27 22:00:00+02:00,42732.9875,41422.35,16.9,90.58759,8.350138,22,6,8,1,0,40920.39,44213.295,40797.9915625
2023-08-27 23:00:00+02:00,40590.9775,39082.495,16.85,89.7157,9.983106,23,6,8,1,0,38328.68,41347.2725,40873.51645833333
2023-08-28 00:00:00+02:00,39167.245,36929.42,16.95,86.883064,12.10157,0,0,8,0,0,36546.7875,39188.05,40967.77885416667
2023-08-28 01:00:00+02:00,37946.0125,35814.1475,16.6,84.63,12.959999,1,0,8,0,0,34766.64,37839.46,41076.964583333334
2023-08-28 02:00:00+02:00,37499.1525,35247.2125,15.75,84.26118,13.339445,2,0,8,0,0,33889.1975,36979.02,41209.4384375
2023-08-28 03:00:00+02:00,37596.0325,36074.55,14.6,85.808846,14.764389,3,0,8,0,0,33311.01,36913.705,41359.85322916667
2023-08-28 04:00:00+02:00,38486.1,38080.715,13.8,87.73143,12.245294,4,0,8,0,0,33164.285,38001.1525,41538.395833333336
2023-08-28 05:00:00+02:00,42469.1125,41958.6025,13.1,90.91814,11.659777,5,0,8,0,0,33830.380000000005,41602.255,41760.138125
2023-08-28 06:00:00+02:00,49876.0475,48337.880000000005,12.75,91.195755,12.371645,6,0,8,0,0,34529.26,48313.332500000004,42120.0853125
2023-08-28 07:00:00+02:00,54293.8125,52487.0925,12.8,90.597374,10.00256,7,0,8,0,0,36827.1225,53411.9725,42759.534791666665
2023-08-28 08:00:00+02:00,57061.415,55900.7525,14.1,84.353065,11.119281,8,0,8,0,0,40299.565,57607.917499999996,43487.31354166667
2023-08-28 09:00:00+02:00,58601.052500000005,57548.7175,15.4,74.548775,14.693999,9,0,8,0,0,43346.645,59453.525,44185.723958333336
2023-08-28 10:00:00+02:00,59634.6925,59251.2225,16.95,66.20043,16.73516,10,0,8,0,0,45585.77,60031.097499999996,44821.324270833335
2023-08-28 11:00:00+02:00,60601.222499999996,59811.985,18.35,57.071384,17.163355,11,0,8,0,0,48048.69,61255.4975,45406.69604166667
2023-08-28 12:00:00+02:00,60766.9325,59885.8,18.85,55.128223,15.546833,12,0,8,0,0,47533.285,61089.87,45929.71822916667
2023-08-28 13:00:00+02:00,59868.8775,59288.055,19.1,54.27496,13.363711,13,0,8,0,0,44547.869999999995,60182.4975,46481.120208333334
2023-08-28 14:00:00+02:00,58216.175,58061.1325,18.4,61.636845,10.739833,14,0,8,0,0,42712.1275,58630.5525,47119.495520833334
2023-08-28 15:00:00+02:00,57310.79,57172.945,18.8,59.715084,9.0,15,0,8,0,0,43029.465000000004,58217.1425,47765.4975
2023-08-28 16:00:00+02:00,56663.0925,55763.1,18.8,59.715084,8.78872,16,0,8,0,0,44132.3525,57133.1875,48360.55270833333
2023-08-28 17:00:00+02:00,56361.832500000004,55762.285,19.25,57.485874,7.7043357,17,0,8,0,0,44788.49,57328.2775,48882.666874999995
2023-08-28 18:00:00+02:00,56359.104999999996,55106.2925,19.05,57.820507,6.297428,18,0,8,0,0,45304.055,57279.7175,49364.88947916666
2023-08-28 19:00:00+02:00,55901.6525,54445.2375,18.7,60.08948,4.1046314,19,0,8,0,0,44925.3625,56906.5625,49825.5165625
2023-08-28 20:00:00+02:00,54629.4525,52844.1125,17.2,72.43765,5.6233797,20,0,8,0,0,44929.86,55530.4875,50282.861979166664
2023-08-28 21:00:00+02:00,52053.695,50427.457500000004,16.95,71.91675,4.1046314,21,0,8,0,0,43854.5075,53833.0225,50687.011666666665
2023-08-28 22:00:00+02:00,47669.2725,47080.545,16.05,78.70003,5.8048253,22,0,8,0,0,42732.9875,49729.840000000004,51028.644479166665
2023-08-28 23:00:00+02:00,44135.5225,43954.0125,15.6,80.466324,5.692099,23,0,8,0,0,40590.9775,46249.7825,51234.32302083333
2023-08-29 00:00:00+02:00,42209.51,37810.8775,15.55,81.79175,4.802999,0,1,8,0,0,39167.245,43862.12,51382.01239583333
2023-08-29 01:00:00+02:00,40860.06,36506.28,15.6,80.466324,6.489992,1,1,8,0,0,37946.0125,42315.335,51508.7734375
2023-08-29 02:00:00+02:00,40205.3875,35817.96,15.05,83.63138,8.64,2,1,8,0,0,37499.1525,41132.8575,51630.192083333335
2023-08-29 03:00:00+02:00,40588.125,36182.067500000005,14.8,83.87779,10.538843,3,1,8,0,0,37596.0325,40871.7325,51742.951875
2023-08-29 04:00:00+02:00,41684.9275,38008.79,14.7,83.31559,11.090103,4,1,8,0,0,38486.1,41636.32,51867.622395833336
2023-08-29 05:00:00+02:00,45176.325,41543.045,14.7,82.4955,11.043261,5,1,8,0,0,42469.1125,44706.630000000005,52000.90687499999
2023-08-29 06:00:00+02:00,51480.785,47464.2675,14.5,84.676384,11.298495,6,1,8,0,0,49876.0475,51293.0375,52113.70739583333
2023-08-29 07:00:00+02:00,56093.5375,53206.0075,14.4,86.92441,9.227524,7,1,8,0,0,54293.8125,56039.1175,52180.57145833334
2023-08-29 08:00:00+02:00,59046.66,57039.6025,14.45,88.07804,8.287822,8,1,8,0,0,57061.415,59531.035,52255.56
2023-08-29 09:00:00+02:00,60124.9275,58986.0225,14.45,89.82645,9.255571,9,1,8,0,0,58601.052500000005,60423.455,52338.27854166667
2023-08-29 10:00:00+02:00,61002.0925,60130.86,14.8,89.5599,8.049845,10,1,8,0,0,59634.6925,60451.01,52401.77333333334
2023-08-29 11:00:00+02:00,62199.6225,60631.542499999996,15.5,81.517265,9.0645685,11,1,8,0,0,60601.222499999996,61145.4225,52458.748333333344
2023-08-29 12:00:00+02:00,61445.7275,60647.9425,15.25,88.147484,11.440978,12,1,8,0,0,60766.9325,60432.08,52525.34833333333
2023-08-29 13:00:00+02:00,60442.925,59977.655,15.4,89.02522,9.779817,13,1,8,0,0,59868.8775,59471.1525,52553.63145833334
2023-08-29 14:00:00+02:00,59112.1825,58335.807499999995,16.3,82.15483,12.261158,14,1,8,0,0,58216.175,58321.405,52577.550104166665
2023-08-29 15:00:00+02:00,58015.095,56956.71,16.55,80.070755,12.324414,15,1,8,0,0,57310.79,57529.705,52614.88375000001
2023-08-29 16:00:00+02:00,56455.01,55377.3325,16.05,82.93186,10.948973,16,1,8,0,0,56663.0925,57201.885,52644.22979166667
2023-08-29 17:00:00+02:00,56303.1125,55454.1375,15.85,83.99786,11.983188,17,1,8,0,0,56361.832500000004,56895.0275,52635.559687500005
2023-08-29 18:00:00+02:00,56539.2625,55179.275,15.55,86.74998,11.435313,18,1,8,0,0,56359.104999999996,56697.395000000004,52633.11302083333
2023-08-29 19:00:00+02:00,55848.7875,54519.44,15.2,89.009125,11.435313,19,1,8,0,0,55901.6525,56050.84,52640.61958333334
2023-08-29 20:00:00+02:00,54550.28,52844.7575,14.95,91.63654,9.659814,20,1,8,0,0,54629.4525,54519.6125,52638.416874999995
2023-08-29 21:00:00+02:00,51891.6025,50601.777500000004,14.95,89.57142,10.315115,21,1,8,0,0,52053.695,52841.557499999995,52635.11802083333
2023-08-29 22:00:00+02:00,48198.81,47057.135,14.75,92.222626,11.808878,22,1,8,0,0,47669.2725,48793.292499999996,52628.364166666666
2023-08-29 23:00:00+02:00,44652.905,43883.9925,14.65,91.916916,12.594856,23,1,8,0,0,44135.5225,44956.675,52650.42822916667
2023-08-30 00:00:00+02:00,42139.81,41431.4825,14.45,93.1114,11.269782,0,2,8,0,0,42209.51,42521.0925,52671.98583333334
2023-08-30 01:00:00+02:00,40687.994999999995,39628.65,14.35,92.19934,9.387651,1,2,8,0,0,40860.06,41184.2425,52669.081666666665
2023-08-30 02:00:00+02:00,40108.8125,38740.5925,13.65,91.85629,6.8777895,2,2,8,0,0,40205.3875,40290.6,52661.91229166667
2023-08-30 03:00:00+02:00,40142.6775,39042.56,13.55,93.67709,8.089993,3,2,8,0,0,40588.125,40546.07,52657.888333333336
2023-08-30 04:00:00+02:00,41219.4,40755.832500000004,13.5,94.600426,6.162207,4,2,8,0,0,41684.9275,41390.4325,52639.32802083334
2023-08-30 05:00:00+02:00,44531.775,44272.545,13.7,93.68425,9.346143,5,2,8,0,0,45176.325,44320.4975,52619.93104166666
2023-08-30 06:00:00+02:00,51151.9075,50362.03,13.25,95.21294,7.771331,6,2,8,0,0,51480.785,50486.29,52593.07479166667
2023-08-30 07:00:00+02:00,55513.89,52743.915,13.5,94.600426,9.178235,7,2,8,0,0,56093.5375,54993.97,52579.3715625
2023-08-30 08:00:00+02:00,58338.405,54971.5225,14.25,93.10102,8.287822,8,2,8,0,0,59046.66,58127.380000000005,52555.21958333333
2023-08-30 09:00:00+02:00,59116.1325,55946.475,15.0,90.45492,5.8603754,9,2,8,0,0,60124.9275,58851.64,52525.70895833333
2023-08-30 10:00:00+02:00,59744.505000000005,57386.8925,15.7,86.20122,4.6938257,10,2,8,0,0,61002.0925,59696.4,52483.675833333335
2023-08-30 11:00:00+02:00,60796.9625,58223.415,17.0,77.56294,5.692099,11,2,8,0,0,62199.6225,60762.7725,52431.27635416666
2023-08-30 12:00:00+02:00,60326.792499999996,58611.33,18.45,64.36035,5.3999996,12,2,8,0,0,61445.7275,60191.9875,52372.832187500004
2023-08-30 13:00:00+02:00,58997.075,57554.455,19.55,55.30649,3.8773184,13,2,8,0,0,60442.925,59174.575,52326.20989583334
2023-08-30 14:00:00+02:00,57744.2025,55715.9125,19.35,58.473774,6.763786,14,2,8,0,0,59112.1825,58070.0025,52265.966145833336
2023-08-30 15:00:00+02:00,56466.8775,54488.729999999996,19.4,56.198093,4.6938257,15,2,8,0,0,58015.095,56919.64,52208.96697916666
2023-08-30 16:00:00+02:00,55961.875,53523.1525,19.7,53.52743,2.968636,16,2,8,0,0,56455.01,56449.3125,52144.457916666666
2023-08-30 17:00:00+02:00,56062.255,54146.8275,19.75,52.3001,2.1897945,17,2,8,0,0,56303.1125,56959.854999999996,52123.910625
2023-08-30 18:00:00+02:00,56556.2375,54883.3475,19.5,52.940384,1.0182338,18,2,8,0,0,56539.2625,56458.935,52113.87489583334
2023-08-30 19:00:00+02:00,56238.27,54475.665,18.8,63.383564,2.5959969,19,2,8,0,0,55848.7875,55695.0575,52114.5821875
2023-08-30 20:00:00+02:00,55067.765,53003.994999999995,16.2,70.59666,7.145796,20,2,8,0,0,54550.28,54619.8075,52130.810625000006
2023-08-30 21:00:00+02:00,52505.880000000005,50194.735,16.15,71.05771,9.220499,21,2,8,0,0,51891.6025,52642.567500000005,52152.3725
2023-08-30 22:00:00+02:00,48705.51,46067.18,15.35,77.3089,9.021574,22,2,8,0,0,48198.81,48797.6375,52177.96739583334
2023-08-30 23:00:00+02:00,44732.6775,42898.1325,14.85,80.363846,11.165805,23,2,8,0,0,44652.905,45049.052500000005,52199.07989583333
2023-08-31 00:00:00+02:00,41964.0875,41073.0025,14.25,82.712975,9.779817,0,3,8,0,0,42139.81,42657.432499999995,52202.40375
2023-08-31 01:00:00+02:00,40291.985,39388.604999999996,13.6,83.73894,10.041354,1,3,8,0,0,40687.994999999995,41214.5325,52195.081979166665
2023-08-31 02:00:00+02:00,39504.2675,38676.9925,14.15,81.341034,11.019764,2,3,8,0,0,40108.8125,40406.6875,52178.5815625
2023-08-31 03:00:00+02:00,39882.6325,38892.025,13.45,87.12159,10.630672,3,3,8,0,0,40142.6775,40573.2125,52153.392187499994
2023-08-31 04:00:00+02:00,40715.5225,40267.535,13.5,89.16467,11.753877,4,3,8,0,0,41219.4,41134.6725,52142.556979166664
2023-08-31 05:00:00+02:00,44050.305,43571.8025,13.8,90.36971,10.495713,5,3,8,0,0,44531.775,43998.55,52121.56208333333
2023-08-31 06:00:00+02:00,51132.457500000004,49420.17,13.6,90.3554,18.25026,6,3,8,0,0,51151.9075,50437.8975,52101.50083333333
2023-08-31 07:00:00+02:00,55529.130000000005,54073.2025,13.25,91.228615,15.315873,7,3,8,0,0,55513.89,54954.5625,52100.69041666667
2023-08-31 08:00:00+02:00,58222.3725,56969.85,13.85,87.73591,18.59845,8,3,8,0,0,58338.405,58129.045,52101.32541666667
2023-08-31 09:00:00+02:00,59452.8925,58793.5325,14.9,80.903435,18.947083,9,3,8,0,0,59116.1325,59730.3125,52096.49072916667
2023-08-31 10:00:00+02:00,59846.3075,60188.9,15.5,76.06373,18.0,10,3,8,0,0,59744.505000000005,61039.26,52110.52239583333
2023-08-31 11:00:00+02:00,60331.98,60951.06,16.45,67.43111,18.511143,11,3,8,0,0,60796.9625,61926.332500000004,52114.76416666667
2023-08-31 12:00:00+02:00,60775.072499999995,60370.92,17.75,55.405586,18.59845,12,3,8,0,0,60326.792499999996,62722.065,52095.38989583333
2023-08-31 13:00:00+02:00,60004.2425,59129.49,18.25,51.029438,20.140705,13,3,8,0,0,58997.075,62509.457500000004,52114.06822916667
2023-08-31 14:00:00+02:00,58934.2775,57773.705,17.55,58.22892,18.875126,14,3,8,0,0,57744.2025,61500.3825,52156.033541666664
2023-08-31 15:00:00+02:00,57210.4275,56624.7475,17.25,53.978382,26.649727,15,3,8,0,0,56466.8775,59842.66,52205.62
2023-08-31 16:00:00+02:00,56192.7,55597.265,16.4,58.93646,21.288757,16,3,8,0,0,55961.875,58382.792499999996,52236.60125
2023-08-31 17:00:00+02:00,56691.3725,56135.4625,16.05,65.12821,17.786331,17,3,8,0,0,56062.255,57207.9975,52246.21895833333
2023-08-31 18:00:00+02:00,56702.9675,56324.905,16.5,59.16081,21.758419,18,3,8,0,0,56556.2375,57277.37,52272.4321875
2023-08-31 19:00:00+02:00,56264.6475,55641.182499999995,15.9,65.75497,18.218275,19,3,8,0,0,56238.27,56633.29,52278.5459375
2023-08-31 20:00:00+02:00,55106.695,53696.7125,14.85,74.95268,15.192682,20,3,8,0,0,55067.765,55259.8025,52279.645
2023-08-31 21:00:00+02:00,52692.0625,50388.1325,14.05,75.32035,15.827721,21,3,8,0,0,52505.880000000005,52856.79,52281.26708333334
2023-08-31 22:00:00+02:00,49605.095,46533.335,13.65,77.30158,13.570615,22,3,8,0,0,48705.51,48654.39,52289.0246875
2023-08-31 23:00:00+02:00,46570.165,43208.7425,12.8,82.81039,13.004921,23,3,8,0,0,44732.6775,45216.3425,52326.50739583333
2023-09-01 00:00:00+02:00,44469.425,41593.9875,12.1,87.577415,16.904673,0,4,9,0,0,41964.0875,43183.979999999996,52403.069375
2023-09-01 01:00:00+02:00,42538.7825,39886.087499999994,12.15,88.168945,8.587338,1,4,9,0,0,40291.985,42027.24,52507.4584375
2023-09-01 02:00:00+02:00,42157.8075,38930.975,12.3,87.59569,11.119281,2,4,9,0,0,39504.2675,41735.2725,52601.075000000004
2023-09-01 03:00:00+02:00,41989.3725,38914.3925,11.45,91.72055,9.673221,3,4,9,0,0,39882.6325,41820.065,52711.63916666667
2023-09-01 04:00:00+02:00,42710.06,40355.26,11.4,91.71743,8.913181,4,4,9,0,0,40715.5225,43039.7125,52799.420000000006
2023-09-01 05:00:00+02:00,45728.58,43641.045,11.3,92.0184,11.384198,5,4,9,0,0,44050.305,46036.792499999996,52882.52572916667
2023-09-01 06:00:00+02:00,52404.94,49472.4975,11.1,92.6244,11.183201,6,4,9,0,0,51132.457500000004,51331.244999999995,52952.45385416666
2023-09-01 07:00:00+02:00,56899.8775,53902.3925,11.25,92.942856,12.819235,7,4,9,0,0,55529.130000000005,55350.9625,53005.473958333336
2023-09-01 08:00:00+02:00,59616.3525,56814.222499999996,12.65,90.287,13.755579,8,4,9,0,0,58222.3725,58835.7375,53062.5884375
2023-09-01 09:00:00+02:00,60430.7275,58113.7475,14.3,84.09742,14.05845,9,4,9,0,0,59452.8925,60817.15,53120.6709375
2023-09-01 10:00:00+02:00,61271.3125,59111.12,16.1,76.41218,15.0038395,10,4,9,0,0,59846.3075,62588.182499999995,53161.4140625
2023-09-01 11:00:00+02:00,61439.6375,58700.065,17.85,64.8704,16.171976,11,4,9,0,0,60331.98,63701.0375,53220.78927083333
2023-09-01 12:00:00+02:00,60346.167499999996,58492.6475,19.15,55.389744,17.114204,12,4,9,0,0,60775.072499999995,62577.96,53266.94166666667
2023-09-01 13:00:00+02:00,58667.28,57775.9025,20.2,49.18247,17.581125,13,4,9,0,0,60004.2425,61599.09,53249.070625
2023-09-01 14:00:00+02:00,57576.1775,57034.667499999996,20.25,48.701595,16.418526,14,4,9,0,0,58934.2775,59767.38,53193.36385416667
2023-09-01 15:00:00+02:00,56010.6625,56425.8525,20.05,51.165092,14.118243,15,4,9,0,0,57210.4275,57662.275,53136.77635416667
2023-09-01 16:00:00+02:00,55219.4725,55917.729999999996,20.4,49.735294,11.609651,16,4,9,0,0,56192.7,56423.75,53086.78614583333
2023-09-01 17:00:00+02:00,55443.2775,56486.48,20.25,50.70594,11.013882,17,4,9,0,0,56691.3725,56321.68,53046.23500000001
2023-09-01 18:00:00+02:00,55335.705,55449.604999999996,19.35,60.044533,6.12,18,4,9,0,0,56702.9675,55640.21,52994.231041666666
2023-09-01 19:00:00+02:00,54702.725,53892.685,18.2,75.2653,5.6920996,19,4,9,0,0,56264.6475,54226.322499999995,52937.261770833335
2023-09-01 20:00:00+02:00,53486.235,52359.97,17.1,70.768425,6.696387,20,4,9,0,0,55106.695,52509.375,52872.181666666664
2023-09-01 21:00:00+02:00,50447.44,49390.805,15.8,76.36413,6.87779,21,4,9,0,0,52692.0625,50031.0975,52804.6625
2023-09-01 22:00:00+02:00,47145.805,45579.7875,15.15,77.27783,6.2145634,22,4,9,0,0,49605.095,46178.612499999996,52711.136562499996
2023-09-01 23:00:00+02:00,44016.71,42180.8225,15.95,72.93217,3.671294,23,4,9,0,0,46570.165,42948.0975,52608.66614583333
2023-09-02 00:00:00+02:00,40907.0375,40138.462499999994,15.05,77.77619,3.671294,0,5,9,1,0,44469.425,40555.715,52502.2721875
2023-09-02 01:00:00+02:00,39169.025,38613.0475,13.95,84.057526,5.3517847,1,5,9,1,0,42538.7825,39432.465000000004,52353.839375
2023-09-02 02:00:00+02:00,37777.354999999996,37353.2375,14.2,83.2561,4.3498964,2,5,9,1,0,42157.8075,38490.5175,52213.432812499996
2023-09-02 03:00:00+02:00,36829.275,36880.8275,13.55,87.70895,5.3999996,3,5,9,1,0,41989.3725,37763.21,52030.91395833334
2023-09-02 04:00:00+02:00,36732.8825,36971.2625,12.65,91.49164,6.151683,4,5,9,1,0,42710.06,37587.2125,51815.90989583333
2023-09-02 05:00:00+02:00,37756.795,37704.5525,11.0,96.08672,7.5942082,5,5,9,1,0,45728.58,38621.405,51566.86083333333
2023-09-02 06:00:00+02:00,39076.8075,39002.17,10.15,97.35844,8.587338,6,5,9,1,0,52404.94,39629.15,51234.703125
2023-09-02 07:00:00+02:00,41272.369999999995,40236.71,10.95,96.085205,5.8048253,7,5,9,1,0,56899.8775,41958.165,50679.36427083333
2023-09-02 08:00:00+02:00,44735.595,43221.292499999996,13.6,86.27531,3.8773184,8,5,9,1,0,59616.3525,45675.36,50028.21812499999
2023-09-02 09:00:00+02:00,47548.557499999995,45604.1575,16.35,75.701355,1.484318,9,5,9,1,0,60430.7275,49034.8925,49408.18656249999
2023-09-02 10:00:00+02:00,49284.8275,46630.6275,18.45,64.57325,2.7416782,10,5,9,1,0,61271.3125,51016.6625,48871.42947916667
2023-09-02 11:00:00+02:00,50055.7775,47771.54,19.85,56.686085,5.154415,11,5,9,1,0,61439.6375,51770.33,48371.99260416667
2023-09-02 12:00:00+02:00,49495.1875,48034.735,21.0,53.15414,7.072878,12,5,9,1,0,60346.167499999996,52010.0925,47897.66510416666
2023-09-02 13:00:00+02:00,47775.770000000004,46408.975,21.8,48.795307,8.759178,13,5,9,1,0,58667.28,50357.325,47445.540937499994
2023-09-02 14:00:00+02:00,46462.81,44818.6475,20.9,58.08108,10.041354,14,5,9,1,0,57576.1775,48600.2375,46991.72802083333
2023-09-02 15:00:00+02:00,45807.56,44276.395000000004,21.2,57.584846,10.105681,15,5,9,1,0,56010.6625,47553.917499999996,46528.67104166667
2023-09-02 16:00:00+02:00,45291.615,44196.715,20.9,60.40987,10.483357,16,5,9,1,0,55219.4725,46594.2425,46103.54177083333
2023-09-02 17:00:00+02:00,46257.5625,44573.6725,20.8,60.584236,9.107359,17,5,9,1,0,55443.2775,47015.605,45689.88104166666
2023-09-02 18:00:00+02:00,46643.925,44964.595,20.45,62.51484,6.763786,18,5,9,1,0,55335.705,47564.832500000004,45307.142916666664
2023-09-02 19:00:00+02:00,46794.1575,44199.7225,19.55,73.330795,3.5455887,19,5,9,1,0,54702.725,46388.8675,44944.98541666666
2023-09-02 20:00:00+02:00,45925.955,43350.975,16.7,80.878265,8.311245,20,5,9,1,0,53486.235,44918.899999999994,44615.46177083333
2023-09-02 21:00:00+02:00,44154.6775,41267.96,16.95,79.60582,6.28713,21,5,9,1,0,50447.44,43589.67,44300.450104166666
2023-09-02 22:00:00+02:00,41860.415,38833.8725,17.6,76.40121,7.342588,22,5,9,1,0,47145.805,40920.39,44038.25166666667
2023-09-02 23:00:00+02:00,39379.9075,36429.792499999996,16.25,82.68602,7.342588,23,5,9,1,0,44016.71,38328.68,43818.02708333333
2023-09-03 00:00:00+02:00,37057.07,34567.695,15.25,87.28924,6.9527545,0,6,9,1,0,40907.0375,36546.7875,43624.82697916667
2023-09-03 01:00:00+02:00,35551.89,33235.6425,13.7,91.85934,6.379216,1,6,9,1,0,39169.025,34766.64,43464.41166666667
2023-09-03 02:00:00+02:00,34421.7625,32162.385,14.45,87.215126,4.6102495,2,6,9,1,0,37777.354999999996,33889.1975,43313.697708333326
2023-09-03 03:00:00+02:00,33872.05,31712.59,14.5,86.64883,3.7064266,3,6,9,1,0,36829.275,33311.01,43173.88135416667
2023-09-03 04:00:00+02:00,33835.04,31610.1175,14.7,85.2571,5.1544156,4,6,9,1,0,36732.8825,33164.285,43050.66364583333
2023-09-03 05:00:00+02:00,34625.79,32363.3175,15.05,81.727615,5.95906,5,6,9,1,0,37756.795,33830.380000000005,42929.92020833333
2023-09-03 06:00:00+02:00,35515.722499999996,33223.01,15.05,79.33608,7.491114,6,6,9,1,0,39076.8075,34529.26,42799.46166666667
2023-09-03 07:00:00+02:00,37408.600000000006,34174.520000000004,14.65,79.805984,11.200571,7,6,9,1,0,41272.369999999995,36827.1225,42651.083125
2023-09-03 08:00:00+02:00,40326.3525,36977.17,15.25,83.92942,12.538134,8,6,9,1,0,44735.595,40299.565,42490.09270833333
2023-09-03 09:00:00+02:00,43243.425,39690.6725,16.3,81.88732,13.830749,9,6,9,1,0,47548.557499999995,43346.645,42306.37427083333
2023-09-03 10:00:00+02:00,45147.5125,42194.5475,17.25,73.645775,12.229406,10,6,9,1,0,49284.8275,45585.77,42126.99375
2023-09-03 11:00:00+02:00,46142.16,43584.705,18.0,66.42276,11.525623,11,6,9,1,0,50055.7775,48048.69,41954.605625
2023-09-03 12:00:00+02:00,45531.705,43710.1375,18.65,62.724705,14.77755,12,6,9,1,0,49495.1875,47533.285,41791.53822916667
2023-09-03 13:00:00+02:00,44055.44,43276.792499999996,19.4,57.714367,14.4,13,6,9,1,0,47775.770000000004,44547.869999999995,41626.393125
2023-09-03 14:00:00+02:00,42688.6025,42486.7675,19.55,54.572857,15.530151,14,6,9,1,0,46462.81,42712.1275,41471.379375
2023-09-03 15:00:00+02:00,42168.6975,42397.1475,20.35,51.761543,17.339897,15,6,9,1,0,45807.56,43029.465000000004,41314.12072916667
2023-09-03 16:00:00+02:00,42341.9975,41579.53,20.35,51.244812,17.309975,16,6,9,1,0,45291.615,44132.3525,41162.50145833333
2023-09-03 17:00:00+02:00,43730.66,42351.2175,20.5,49.595543,15.629971,17,6,9,1,0,46257.5625,44788.49,41039.60072916667
2023-09-03 18:00:00+02:00,45718.119999999995,44076.395,20.25,51.562325,11.681987,18,6,9,1,0,46643.925,45304.055,40934.313125
2023-09-03 19:00:00+02:00,46120.7275,43815.4,19.2,57.282475,8.654986,19,6,9,1,0,46794.1575,44925.3625,40895.73791666667
2023-09-03 20:00:00+02:00,45951.630000000005,43932.07,17.5,64.36448,7.208994,20,6,9,1,0,45925.955,44929.86,40867.67833333334
2023-09-03 21:00:00+02:00,44564.58,42318.0775,16.1,72.71775,6.87779,21,6,9,1,0,44154.6775,43854.5075,40868.748125000006
2023-09-03 22:00:00+02:00,42996.3225,39706.8575,14.6,79.53482,8.049845,22,6,9,1,0,41860.415,42732.9875,40885.82739583334
2023-09-03 23:00:00+02:00,40308.659999999996,36696.7225,14.3,81.36073,6.162207,23,6,9,1,0,39379.9075,40590.9775,40933.156875
2023-09-04 00:00:00+02:00,38513.7875,35076.0425,14.15,81.88252,6.151683,0,0,9,0,0,37057.07,39167.245,40971.854895833334
2023-09-04 01:00:00+02:00,37104.9475,33878.435,13.5,84.84707,6.9527545,1,0,9,0,0,35551.89,37946.0125,41032.551458333335
2023-09-04 02:00:00+02:00,36930.08,33401.5975,13.35,87.690926,6.489992,2,0,9,0,0,34421.7625,37499.1525,41097.262187500004
2023-09-04 03:00:00+02:00,36685.04,33975.365,12.3,90.86368,7.289445,3,0,9,0,0,33872.05,37596.0325,41201.775416666664
2023-09-04 04:00:00+02:00,38007.635,36183.825,12.35,91.77648,6.439876,4,0,9,0,0,33835.04,38486.1,41318.98333333334
2023-09-04 05:00:00+02:00,41672.2525,39940.065,12.2,92.99354,6.6087217,5,0,9,0,0,34625.79,42469.1125,41492.841458333336
2023-09-04 06:00:00+02:00,48917.775,46357.0725,11.55,95.15029,7.0911775,6,0,9,0,0,35515.722499999996,49876.0475,41786.4440625
2023-09-04 07:00:00+02:00,53986.21,51450.2525,12.0,95.79926,5.4477882,7,0,9,0,0,37408.600000000006,54293.8125,42344.86291666667
2023-09-04 08:00:00+02:00,57636.6125,54591.08,14.25,88.06058,3.8773184,8,0,9,0,0,40326.3525,57061.415,43035.596666666665
2023-09-04 09:00:00+02:00,58654.8175,55479.6125,16.45,81.37414,4.5536795,9,0,9,0,0,43243.425,58601.052500000005,43756.857500000006
2023-09-04 10:00:00+02:00,58758.2675,56723.4375,18.65,72.93542,5.8048253,10,0,9,0,0,45147.5125,59634.6925,44398.99885416666
2023-09-04 11:00:00+02:00,59116.5325,57992.6925,20.25,64.964355,6.8399997,11,0,9,0,0,46142.16,60601.222499999996,44966.113645833335
2023-09-04 12:00:00+02:00,58248.025,58606.81,21.45,60.341717,6.9899354,12,0,9,0,0,45531.705,60766.9325,45506.7125
2023-09-04 13:00:00+02:00,57155.792499999996,57346.51,22.3,57.10468,5.495161,13,0,9,0,0,44055.44,59868.8775,46036.559166666666
2023-09-04 14:00:00+02:00,56103.1,55892.8425,23.3,50.014458,2.0364676,14,0,9,0,0,42688.6025,58216.175,46582.4071875
2023-09-04 15:00:00+02:00,55396.075,55058.89,24.0,48.107452,0.8049845,15,0,9,0,0,42168.6975,57310.79,47141.34458333333
2023-09-04 16:00:00+02:00,54812.2175,54010.415,24.2,47.222107,1.5273507,16,0,9,0,0,42341.9975,56663.0925,47692.4853125
2023-09-04 17:00:00+02:00,55925.5075,54572.447499999995,24.05,47.336857,1.5273507,17,0,9,0,0,43730.66,56361.832500000004,48212.0778125
2023-09-04 18:00:00+02:00,56918.3875,55008.235,23.65,48.48934,1.5273507,18,0,9,0,0,45718.119999999995,56359.104999999996,48720.19645833334
2023-09-04 19:00:00+02:00,56695.12,54841.3725,21.95,63.258923,4.0249224,19,0,9,0,0,46120.7275,55901.6525,49186.87427083334
2023-09-04 20:00:00+02:00,55518.4725,53648.9225,19.1,64.928055,7.968939,20,0,9,0,0,45951.630000000005,54629.4525,49627.473958333336
2023-09-04 21:00:00+02:00,52575.6425,50622.5225,18.3,65.183266,8.39657,21,0,9,0,0,44564.58,52053.695,50026.09239583334
2023-09-04 22:00:00+02:00,48756.1225,46579.240000000005,17.8,69.746254,6.696387,22,0,9,0,0,42996.3225,47669.2725,50359.886666666665
2023-09-04 23:00:00+02:00,44885.7725,43258.5325,17.05,77.82418,6.9153743,23,0,9,0,0,40308.659999999996,44135.5225,50599.878333333334
2023-09-05 00:00:00+02:00,42364.3425,39246.71,16.5,82.17984,6.8777895,0,1,9,0,0,38513.7875,42209.51,50790.59135416666
2023-09-05 01:00:00+02:00,41310.085,37948.56,15.95,85.66705,7.145796,1,1,9,0,0,37104.9475,40860.06,50951.03114583334
2023-09-05 02:00:00+02:00,40631.94,37301.9025,16.05,86.235954,7.729527,2,1,9,0,0,36930.08,40205.3875,51126.245208333334
2023-09-05 03:00:00+02:00,40973.7975,37819.565,15.6,87.60606,9.504273,3,1,9,0,0,36685.04,40588.125,51280.489375000005
2023-09-05 04:00:00+02:00,41508.104999999996,39414.6575,15.55,87.31689,10.829958,4,1,9,0,0,38007.635,41684.9275,51459.18760416666
2023-09-05 05:00:00+02:00,45005.89,42908.9975,15.1,89.58291,7.8954163,5,1,9,0,0,41672.2525,45176.325,51605.04052083333
2023-09-05 06:00:00+02:00,52491.7725,49527.875,14.7,91.02565,7.289445,6,1,9,0,0,48917.775,51480.785,51743.942083333335
2023-09-05 07:00:00+02:00,57005.075,53167.3225,15.05,89.28764,9.957108,7,1,9,0,0,53986.21,56093.5375,51892.85864583333
2023-09-05 08:00:00+02:00,59895.192500000005,55718.56,16.9,81.69754,11.457958,8,1,9,0,0,57636.6125,59046.66,52018.6446875
2023-09-05 09:00:00+02:00,60481.955,56508.1325,19.15,71.85062,9.659814,9,1,9,0,0,58654.8175,60124.9275,52112.75218749999
2023-09-05 10:00:00+02:00,60154.2975,57590.1975,21.3,63.937527,10.028439,10,1,9,0,0,58758.2675,61002.0925,52188.88291666666
2023-09-05 11:00:00+02:00,60654.005000000005,58773.0375,23.3,56.064655,13.661038,11,1,9,0,0,59116.5325,62199.6225,52247.050833333335
2023-09-05 12:00:00+02:00,60286.027500000004,59262.9475,24.5,52.16269,14.934577,12,1,9,0,0,58248.025,61445.7275,52311.112187499995
2023-09-05 13:00:00+02:00,59111.9975,58238.7525,25.4,50.569054,14.003029,13,1,9,0,0,57155.792499999996,60442.925,52396.028958333336
2023-09-05 14:00:00+02:00,58017.54,56761.1375,26.35,44.36297,12.0694,14,1,9,0,0,56103.1,59112.1825,52477.537500000006
2023-09-05 15:00:00+02:00,56924.5075,55784.905,26.8,43.768764,10.966713,15,1,9,0,0,55396.075,58015.095,52557.305833333325
2023-09-05 16:00:00+02:00,55805.6625,54489.0425,26.8,43.768764,10.464797,16,1,9,0,0,54812.2175,56455.01,52620.99052083333
2023-09-05 17:00:00+02:00,56271.417499999996,54824.485,26.55,44.417854,10.00256,17,1,9,0,0,55925.5075,56303.1125,52662.3840625
2023-09-05 18:00:00+02:00,57016.505000000005,55301.1025,25.85,46.444622,9.885262,18,1,9,0,0,56918.3875,56539.2625,52676.79697916666
2023-09-05 19:00:00+02:00,57165.315,55160.4525,24.05,54.287567,8.287822,19,1,9,0,0,56695.12,55848.7875,52680.885208333326
2023-09-05 20:00:00+02:00,56413.52,54100.9,21.65,61.77644,9.085988,20,1,9,0,0,55518.4725,54550.28,52700.47666666668
2023-09-05 21:00:00+02:00,53117.89,51094.7975,20.3,67.33811,8.891343,21,1,9,0,0,52575.6425,51891.6025,52737.770312500004
2023-09-05 22:00:00+02:00,48964.082500000004,46755.175,19.25,71.40445,9.028754,22,1,9,0,0,48756.1225,48198.81,52760.363958333335
2023-09-05 23:00:00+02:00,45826.995,43339.685,18.35,74.80292,8.209263,23,1,9,0,0,44885.7725,44652.905,52769.028958333336
2023-09-06 00:00:00+02:00,43585.479999999996,41546.57,16.8,82.217316,7.628263,0,2,9,0,0,42364.3425,42139.81,52808.2465625
2023-09-06 01:00:00+02:00,41572.2175,40022.48,16.05,85.95625,6.792466,1,2,9,0,0,41310.085,40687.994999999995,52859.12729166667
2023-09-06 02:00:00+02:00,40386.067500000005,39365.56,16.25,86.535835,6.763786,2,2,9,0,0,40631.94,40108.8125,52870.049479166664
2023-09-06 03:00:00+02:00,40305.285,39847.4275,14.9,91.03896,6.297428,3,2,9,0,0,40973.7975,40142.6775,52859.80479166666
2023-09-06 04:00:00+02:00,41628.6625,41122.1175,14.1,93.39783,6.696387,4,2,9,0,0,41508.104999999996,41219.4,52831.950104166666
2023-09-06 05:00:00+02:00,45241.635,44362.575,13.5,94.600426,6.638072,5,2,9,0,0,45005.89,44531.775,52836.973333333335
2023-09-06 06:00:00+02:00,52188.09,50537.00750000001,13.0,95.83135,6.1305785,6,2,9,0,0,52491.7725,51151.9075,52846.79604166667
2023-09-06 07:00:00+02:00,56517.9725,54009.7725,13.55,95.22387,5.3999996,7,2,9,0,0,57005.075,55513.89,52834.142604166664
2023-09-06 08:00:00+02:00,59486.725000000006,56478.369999999995,15.75,86.7691,6.638072,8,2,9,0,0,59895.192500000005,58338.405,52813.84666666667
2023-09-06 09:00:00+02:00,60574.2675,57722.634999999995,18.6,76.80731,4.8433046,9,2,9,0,0,60481.955,59116.1325,52796.82718749999
2023-09-06 10:00:00+02:00,60312.4875,58651.4625,21.55,65.45382,4.6102495,10,2,9,0,0,60154.2975,59744.505000000005,52800.67354166667
2023-09-06 11:00:00+02:00,61395.555,59383.785,24.1,54.652424,5.991594,11,2,9,0,0,60654.005000000005,60796.9625,52807.26479166667
2023-09-06 12:00:00+02:00,60222.4525,59539.354999999996,25.75,46.720703,7.729527,12,2,9,0,0,60286.027500000004,60326.792499999996,52838.16270833334
2023-09-06 13:00:00+02:00,59067.66,58859.21,26.8,42.502728,8.373386,13,2,9,0,0,59111.9975,58997.075,52835.513750000006
2023-09-06 14:00:00+02:00,57831.665,57492.1575,27.65,38.62329,8.654986,14,2,9,0,0,58017.54,57744.2025,52833.666354166664
2023-09-06 15:00:00+02:00,56962.9,56764.195,28.15,36.900974,8.557102,15,2,9,0,0,56924.5075,56466.8775,52825.92156250001
2023-09-06 16:00:00+02:00,56037.1925,55343.29,28.35,36.47391,8.4042845,16,2,9,0,0,55805.6625,55961.875,52827.52125
2023-09-06 17:00:00+02:00,56881.65,54970.2625,28.05,37.7319,8.825508,17,2,9,0,0,56271.417499999996,56062.255,52837.168333333335
2023-09-06 18:00:00+02:00,57695.2175,55005.1325,27.35,40.220493,9.178235,18,2,9,0,0,57016.505000000005,56556.2375,52862.5946875
2023-09-06 19:00:00+02:00,58170.1175,54624.9,25.1,50.490265,7.2805495,19,2,9,0,0,57165.315,56238.27,52890.87437500001
2023-09-06 20:00:00+02:00,57524.2075,53669.3925,22.7,57.017216,10.086427,20,2,9,0,0,56413.52,55067.765,52932.74114583333
2023-09-06 21:00:00+02:00,54180.8725,50828.735,21.4,61.920082,9.826088,21,2,9,0,0,53117.89,52505.880000000005,52979.01979166666
2023-09-06 22:00:00+02:00,50104.3825,47112.027500000004,20.3,66.47026,9.0645685,22,2,9,0,0,48964.082500000004,48705.51,53023.31072916667
2023-09-06 23:00:00+02:00,46102.63,43705.16,19.8,67.23554,9.746631,23,2,9,0,0,45826.995,44732.6775,53070.82322916667
2023-09-07 00:00:00+02:00,43421.8475,41609.7875,19.05,70.44544,9.779817,0,3,9,0,0,43585.479999999996,41964.0875,53082.308020833334
2023-09-07 01:00:00+02:00,41832.8775,40021.7225,18.0,77.71494,8.557102,1,3,9,0,0,41572.2175,40291.985,53075.49000000001
2023-09-07 02:00:00+02:00,41044.085,39351.8475,17.45,80.97766,7.69592,2,3,9,0,0,40386.067500000005,39504.2675,53086.35083333334
2023-09-07 03:00:00+02:00,40781.445,39794.175,16.35,85.430534,8.669949,3,3,9,0,0,40305.285,39882.6325,53113.768229166664
2023-09-07 04:00:00+02:00,41655.5475,41211.25,16.15,84.30592,9.3876505,4,3,9,0,0,41628.6625,40715.5225,53133.608229166675
2023-09-07 05:00:00+02:00,44796.13,44221.270000000004,15.8,84.26677,9.779817,5,3,9,0,0,45241.635,44050.305,53134.728437499994
2023-09-07 06:00:00+02:00,52132.565,50334.0175,15.45,84.5035,9.885262,6,3,9,0,0,52188.09,51132.457500000004,53116.16572916667
2023-09-07 07:00:00+02:00,56772.9025,54443.53,15.55,82.33005,10.495713,7,3,9,0,0,56517.9725,55529.130000000005,53113.85218750001
2023-09-07 08:00:00+02:00,59643.195,56926.255,17.45,73.680695,12.605142,8,3,9,0,0,59486.725000000006,58222.3725,53124.474270833336
2023-09-07 09:00:00+02:00,60589.7875,58245.7425,19.8,65.50566,11.525623,9,3,9,0,0,60574.2675,59452.8925,53130.99385416667
2023-09-07 10:00:00+02:00,60874.7825,59362.055,22.5,57.15371,12.287555,10,3,9,0,0,60312.4875,59846.3075,53131.64052083334
2023-09-07 11:00:00+02:00,61537.175,60255.535,24.85,47.865116,14.759999,11,3,9,0,0,61395.555,60331.98,53155.06947916667
2023-09-07 12:00:00+02:00,61096.899999999994,60270.3425,26.3,40.859776,17.533146,12,3,9,0,0,60222.4525,60775.072499999995,53160.9703125
2023-09-07 13:00:00+02:00,60018.915,59421.9625,27.15,38.7379,17.193533,13,3,9,0,0,59067.66,60004.2425,53197.40562499999
2023-09-07 14:00:00+02:00,58792.5375,58191.695,28.1,34.18483,15.629971,14,3,9,0,0,57831.665,58934.2775,53237.04125
2023-09-07 15:00:00+02:00,58119.6375,57499.805,28.4,33.259735,16.595179,15,3,9,0,0,56962.9,57210.4275,53277.07760416667
2023-09-07 16:00:00+02:00,57269.1375,56086.270000000004,28.25,33.32864,16.946787,16,3,9,0,0,56037.1925,56192.7,53325.275
2023-09-07 17:00:00+02:00,57697.13,55717.6825,27.8,35.020172,17.298738,17,3,9,0,0,56881.65,56691.3725,53376.606041666666
2023-09-07 18:00:00+02:00,58355.54,55469.5975,26.9,38.795708,17.163355,18,3,9,0,0,57695.2175,56702.9675,53410.584375
2023-09-07 19:00:00+02:00,58056.119999999995,54720.8825,25.15,45.35403,14.205182,19,3,9,0,0,58170.1175,56264.6475,53438.0978125
2023-09-07 20:00:00+02:00,57665.0625,54043.43,22.9,53.12036,13.039754,20,3,9,0,0,57524.2075,55106.695,53433.34791666667
2023-09-07 21:00:00+02:00,54794.9,50982.292499999996,21.7,58.275,14.332341,21,3,9,0,0,54180.8725,52692.0625,53439.216875000006
2023-09-07 22:00:00+02:00,50733.8,47091.9925,20.85,61.79452,14.145756,22,3,9,0,0,50104.3825,49605.095,53464.801354166666
2023-09-07 23:00:00+02:00,46916.0825,43979.582500000004,20.0,65.54834,13.1041975,23,3,9,0,0,46102.63,46570.165,53491.02708333333
2023-09-08 00:00:00+02:00,44326.085,41791.17,19.2,69.11175,12.522619,0,4,9,0,0,43421.8475,44469.425,53524.9209375
2023-09-08 01:00:00+02:00,42540.5475,40316.135,18.5,72.435745,12.313893,1,4,9,0,0,41832.8775,42538.7825,53562.597499999996
2023-09-08 02:00:00+02:00,41543.475,39557.6725,18.5,72.20026,12.522619,2,4,9,0,0,41044.085,42157.8075,53592.08375
2023-09-08 03:00:00+02:00,41280.17,39867.2625,17.4,77.623924,12.72283,3,4,9,0,0,40781.445,41989.3725,53612.89166666666
2023-09-08 04:00:00+02:00,42092.4675,41260.6325,16.75,81.148636,12.074766,4,4,9,0,0,41655.5475,42710.06,53633.671875
2023-09-08 05:00:00+02:00,44986.0075,44296.104999999996,16.25,84.31708,11.91812,5,4,9,0,0,44796.13,45728.58,53651.876874999994
2023-09-08 06:00:00+02:00,51940.04,50364.6025,15.8,86.77388,12.245293,6,4,9,0,0,52132.565,52404.94,53659.78843749999
2023-09-08 07:00:00+02:00,56308.4675,54246.28,15.75,87.33524,12.57426,7,4,9,0,0,56772.9025,56899.8775,53651.7665625
2023-09-08 08:00:00+02:00,59617.79,57144.037500000006,17.5,79.68295,14.512064,8,4,9,0,0,59643.195,59616.3525,53632.41510416666
2023-09-08 09:00:00+02:00,60605.1075,58367.520000000004,19.85,70.142,13.584932,9,4,9,0,0,60589.7875,60430.7275,53631.356562500005
2023-09-08 10:00:00+02:00,60897.385,59049.52,22.3,61.72493,12.682018,10,4,9,0,0,60874.7825,61271.3125,53631.99489583333
2023-09-08 11:00:00+02:00,61164.6875,59494.055,24.6,53.55595,12.096214,11,4,9,0,0,61537.175,61439.6375,53632.93666666667
2023-09-08 12:00:00+02:00,60458.3725,59383.0075,26.3,45.96595,12.313894,12,4,9,0,0,61096.899999999994,60346.167499999996,53617.416354166664
2023-09-08 13:00:00+02:00,58712.520000000004,58340.082500000004,27.3,41.138325,12.181624,13,4,9,0,0,60018.915,58667.28,53590.81104166667
2023-09-08 14:00:00+02:00,56947.0975,57027.1425,28.25,37.294903,10.495713,14,4,9,0,0,58792.5375,57576.1775,53536.37791666667
2023-09-08 15:00:00+02:00,56060.555,56448.7175,28.7,35.622437,10.948973,15,4,9,0,0,58119.6375,56010.6625,53459.48458333333
2023-09-08 16:00:00+02:00,55131.195,55230.284999999996,28.8,34.837597,12.413477,16,4,9,0,0,57269.1375,55219.4725,53373.689479166664
2023-09-08 17:00:00+02:00,55634.575,54678.505,28.4,35.65602,12.783802,17,4,9,0,0,57697.13,55443.2775,53284.60854166667
2023-09-08 18:00:00+02:00,55834.64,54174.29,27.6,38.35627,13.281023,18,4,9,0,0,58355.54,55335.705,53198.668750000004
2023-09-08 19:00:00+02:00,55605.57,52872.365,25.65,45.490864,9.693296,19,4,9,0,0,58056.119999999995,54702.725,53093.631250000006
2023-09-08 20:00:00+02:00,54861.0225,52160.520000000004,22.95,55.434406,9.360001,20,4,9,0,0,57665.0625,53486.235,52991.524999999994
2023-09-08 21:00:00+02:00,51863.78,49119.01,21.6,61.765003,10.30883,21,4,9,0,0,54794.9,50447.44,52874.69
2023-09-08 22:00:00+02:00,48204.49,45465.4725,20.55,66.09266,10.464797,22,4,9,0,0,50733.8,47145.805,52752.56
2023-09-08 23:00:00+02:00,44883.2425,42331.2575,19.6,69.86721,10.495713,23,4,9,0,0,46916.0825,44016.71,52647.17208333333
2023-09-09 00:00:00+02:00,42462.505000000005,39045.0575,18.95,72.752335,10.383987,0,5,9,1,0,44326.085,40907.0375,52562.47041666667
2023-09-09 01:00:00+02:00,40417.575,37402.1025,18.15,76.24079,9.504272,1,5,9,1,0,42540.5475,39169.025,52484.82125
2023-09-09 02:00:00+02:00,38884.979999999996,36488.5375,17.95,75.96153,9.19939,2,5,9,1,0,41543.475,37777.354999999996,52396.36406249999
2023-09-09 03:00:00+02:00,38226.62,36200.2425,16.55,83.26211,9.178235,3,5,9,1,0,41280.17,36829.275,52285.59343750001
2023-09-09 04:00:00+02:00,38034.01,36032.115,15.95,87.07048,8.707237,4,5,9,1,0,42092.4675,36732.8825,52158.362187499995
2023-09-09 05:00:00+02:00,38655.5525,36773.8875,15.55,89.61732,9.085988,5,5,9,1,0,44986.0075,37756.795,51989.25979166667
2023-09-09 06:00:00+02:00,40692.4475,38282.225,15.25,91.06216,9.585739,6,5,9,1,0,51940.04,39076.8075,51725.49083333334
2023-09-09 07:00:00+02:00,43120.185,40289.895000000004,15.2,91.94997,10.296251,7,5,9,1,0,56308.4675,41272.369999999995,51256.841145833336
2023-09-09 08:00:00+02:00,46837.442500000005,43353.4275,17.1,83.326904,12.313894,8,5,9,1,0,59617.79,44735.595,50707.329375
2023-09-09 09:00:00+02:00,49463.275,45896.7025,19.75,72.19273,10.97262,9,5,9,1,0,60605.1075,47548.557499999995,50174.814895833326
2023-09-09 10:00:00+02:00,50659.729999999996,47325.335,22.6,60.219727,10.383987,10,5,9,1,0,60897.385,49284.8275,49710.571875
2023-09-09 11:00:00+02:00,51179.1725,48216.595,25.25,50.529675,10.315115,11,5,9,1,0,61164.6875,50055.7775,49284.00291666667
2023-09-09 12:00:00+02:00,50588.425,48148.3275,27.35,41.421883,13.0447235,12,5,9,1,0,60458.3725,49495.1875,48867.939791666664
2023-09-09 13:00:00+02:00,48880.7775,46979.61,28.65,32.780254,15.463246,13,5,9,1,0,58712.520000000004,47775.770000000004,48456.691979166666
2023-09-09 14:00:00+02:00,47326.95,45856.3825,29.7,28.75983,14.917212,14,5,9,1,0,56947.0975,46462.81,48047.036041666666
2023-09-09 15:00:00+02:00,46383.065,45343.945,30.05,28.09232,13.708391,15,5,9,1,0,56060.555,45807.56,47646.1965625
2023-09-09 16:00:00+02:00,46553.715,44292.4975,30.1,27.824324,12.43434,16,5,9,1,0,55131.195,45291.615,47242.9678125
2023-09-09 17:00:00+02:00,47339.2875,44738.4825,29.75,28.677158,10.966713,17,5,9,1,0,55634.575,46257.5625,46885.5728125
2023-09-09 18:00:00+02:00,48417.225,44994.7825,28.95,31.159046,9.659814,18,5,9,1,0,55834.64,46643.925,46539.93583333333
2023-09-09 19:00:00+02:00,48282.7075,44211.455,26.25,40.310516,7.127636,19,5,9,1,0,55605.57,46794.1575,46230.876874999994
2023-09-09 20:00:00+02:00,48268.47,43965.0325,23.8,47.73833,9.504272,20,5,9,1,0,54861.0225,45925.955,45925.75760416667
2023-09-09 21:00:00+02:00,45893.9775,41576.605,22.5,53.366077,9.1641035,21,5,9,1,0,51863.78,44154.6775,45651.06791666666
2023-09-09 22:00:00+02:00,43371.2575,39040.115,21.1,59.28312,8.209263,22,5,9,1,0,48204.49,41860.415,45402.32614583333
2023-09-09 23:00:00+02:00,40728.665,36528.1975,19.4,67.37263,7.5942082,23,5,9,1,0,44883.2425,39379.9075,45200.941458333335
2023-09-10 00:00:00+02:00,38372.7625,34530.89,18.2,74.29301,7.9932966,0,6,9,1,0,42462.505000000005,37057.07,45027.834062500006
2023-09-10 01:00:00+02:00,36817.3525,33053.9275,17.1,81.45841,7.8954163,1,6,9,1,0,40417.575,35551.89,44857.428125
2023-09-10 02:00:00+02:00,35083.2725,32079.7225,16.45,85.44096,8.217153,2,6,9,1,0,38884.979999999996,34421.7625,44707.418854166666
2023-09-10 03:00:00+02:00,34511.775,31709.3775,15.05,89.28764,7.2,3,6,9,1,0,38226.62,33872.05,44549.014375
2023-09-10 04:00:00+02:00,34201.83,31632.68,14.35,92.500755,5.6233797,4,6,9,1,0,38034.01,33835.04,44394.229166666664
2023-09-10 05:00:00+02:00,34627.159999999996,31888.875,14.1,94.62495,4.510787,5,6,9,1,0,38655.5525,34625.79,44234.555
2023-09-10 06:00:00+02:00,35444.31,32687.925,13.4,96.15829,6.489992,6,6,9,1,0,40692.4475,35515.722499999996,44066.7053125
2023-09-10 07:00:00+02:00,37258.3825,33961.52,13.5,96.161224,6.0347,7,6,9,1,0,43120.185,37408.600000000006,43848.03291666667
2023-09-10 08:00:00+02:00,40975.8625,37336.9875,16.3,84.322655,4.32,8,6,9,1,0,46837.442500000005,40326.3525,43603.79114583333
2023-09-10 09:00:00+02:00,44227.8475,40832.405,19.9,69.925026,2.52,9,6,9,1,0,49463.275,43243.425,43359.558645833335
2023-09-10 10:00:00+02:00,45713.340000000004,42994.6525,23.3,56.24659,2.5455842,10,6,9,1,0,50659.729999999996,45147.5125,43141.41583333333
2023-09-10 11:00:00+02:00,46847.4075,44697.6025,26.3,46.265408,3.6,11,6,9,1,0,51179.1725,46142.16,42935.31625
2023-09-10 12:00:00+02:00,46258.36,45189.0725,28.3,39.96116,5.154415,12,6,9,1,0,50588.425,45531.705,42754.82604166667
2023-09-10 13:00:00+02:00,44598.7575,44399.2225,29.45,35.249504,7.92,13,6,9,1,0,48880.7775,44055.44,42574.40666666667
2023-09-10 14:00:00+02:00,43115.9875,43852.6,29.9,30.904934,6.9899354,14,6,9,1,0,47326.95,42688.6025,42395.989166666666
2023-09-10 15:00:00+02:00,42669.979999999996,43460.9375,30.15,31.17983,7.42159,15,6,9,1,0,46383.065,42168.6975,42220.53239583333
2023-09-10 16:00:00+02:00,42886.45,42264.31,30.05,32.20009,7.5942082,16,6,9,1,0,46553.715,42341.9975,42065.82052083333
2023-09-10 17:00:00+02:00,44577.7175,43100.0025,29.7,32.854797,7.8954163,17,6,9,1,0,47339.2875,43730.66,41913.0178125
2023-09-10 18:00:00+02:00,46785.6575,43814.659999999996,28.95,33.635143,8.209263,18,6,9,1,0,48417.225,45718.119999999995,41797.95239583333
2023-09-10 19:00:00+02:00,47315.995,43584.5275,26.3,43.063946,5.8048253,19,6,9,1,0,48282.7075,46120.7275,41729.97041666667
2023-09-10 20:00:00+02:00,47893.925,43701.45,22.9,53.819393,8.161764,20,6,9,1,0,48268.47,45951.630000000005,41689.690729166665
2023-09-10 21:00:00+02:00,46236.65,42042.09,21.85,58.501575,7.5685663,21,6,9,1,0,45893.9775,44564.58,41674.0846875
2023-09-10 22:00:00+02:00,44111.55,40178.9525,20.0,68.59901,10.163227,22,6,9,1,0,43371.2575,42996.3225,41688.362708333334
2023-09-10 23:00:00+02:00,41912.79,37557.7425,19.9,69.02521,6.439876,23,6,9,1,0,40728.665,40308.659999999996,41719.20822916667
2023-09-11 00:00:00+02:00,40141.735,36307.7025,21.7,60.79383,2.5455842,0,0,9,0,0,38372.7625,38513.7875,41768.54677083333
2023-09-11 01:00:00+02:00,39164.682499999995,35182.785,18.45,78.28664,5.904439,1,0,9,0,0,36817.3525,37104.9475,41842.253958333335
2023-09-11 02:00:00+02:00,38598.295,34618.8875,16.75,84.09978,5.95906,2,0,9,0,0,35083.2725,36930.08,41940.059375000004
2023-09-11 03:00:00+02:00,38831.11,35260.9775,15.25,88.147484,6.1305785,3,0,9,0,0,34511.775,36685.04,42086.518645833334
2023-09-11 04:00:00+02:00,39615.7625,37183.625,14.95,85.563705,7.928178,4,0,9,0,0,34201.83,38007.635,42266.4909375
2023-09-11 05:00:00+02:00,43437.457500000004,40860.975,14.6,85.52725,9.021574,5,0,9,0,0,34627.159999999996,41672.2525,42492.07145833334
2023-09-11 06:00:00+02:00,51219.88,48148.880000000005,14.3,88.06496,7.928177,6,0,9,0,0,35444.31,48917.775,42859.1671875
2023-09-11 07:00:00+02:00,56132.7625,52702.884999999995,14.15,90.69137,7.10031,7,0,9,0,0,37258.3825,53986.21,43516.48260416667
2023-09-11 08:00:00+02:00,59335.854999999996,55688.4075,16.75,80.35977,4.6102495,8,0,9,0,0,40975.8625,57636.6125,44302.91510416666
2023-09-11 09:00:00+02:00,60654.21,57077.76,20.15,69.074356,1.8,9,0,9,0,0,44227.8475,58654.8175,45067.91479166667
2023-09-11 10:00:00+02:00,61609.08,58387.055,23.5,58.51853,1.609969,10,0,9,0,0,45713.340000000004,58758.2675,45752.3465625
2023-09-11 11:00:00+02:00,62264.455,59355.3575,26.2,50.941746,3.671294,11,0,9,0,0,46847.4075,59116.5325,46414.6690625
2023-09-11 12:00:00+02:00,61140.86,59522.305,27.9,41.709682,5.771239,12,0,9,0,0,46258.36,58248.025,47057.04604166667
2023-09-11 13:00:00+02:00,60369.744999999995,58766.615000000005,28.7,37.666332,5.7599998,13,0,9,0,0,44598.7575,57155.792499999996,47677.15020833333
2023-09-11 14:00:00+02:00,59026.6,57711.075,29.55,35.977108,4.5536795,14,0,9,0,0,43115.9875,56103.1,48334.2746875
2023-09-11 15:00:00+02:00,58490.03,57210.91,30.05,34.956745,3.96,15,0,9,0,0,42669.979999999996,55396.075,48997.216875000006
2023-09-11 16:00:00+02:00,58205.3575,55858.255000000005,30.05,34.72881,4.1046314,16,0,9,0,0,42886.45,54812.2175,49656.385625
2023-09-11 17:00:00+02:00,58631.572499999995,55605.235,29.8,34.77306,3.6179552,17,0,9,0,0,44577.7175,55925.5075,50294.6734375
2023-09-11 18:00:00+02:00,58511.6225,55251.6625,29.35,35.80389,4.3349743,18,0,9,0,0,46785.6575,56918.3875,50880.25072916667
2023-09-11 19:00:00+02:00,58501.1,54404.8025,26.5,51.183514,6.489992,19,0,9,0,0,47315.995,56695.12,51368.83260416667
2023-09-11 20:00:00+02:00,57774.28,53750.9675,27.45,40.77842,0.5091169,20,0,9,0,0,47893.925,55518.4725,51834.87864583333
2023-09-11 21:00:00+02:00,54195.11,50746.25,23.3,54.09729,4.32,21,0,9,0,0,46236.65,52575.6425,52246.56010416666
2023-09-11 22:00:00+02:00,49895.515,47036.189999999995,24.55,47.4723,1.5273507,22,0,9,0,0,44111.55,48756.1225,52578.16260416667
2023-09-11 23:00:00+02:00,46225.65,43606.6525,20.75,61.57035,6.6087217,23,0,9,0,0,41912.79,44885.7725,52819.16114583333
2023-09-12 00:00:00+02:00,43785.675,41286.9075,20.9,60.40987,5.8603754,0,1,9,0,0,40141.735,42364.3425,52998.86364583333
2023-09-12 01:00:00+02:00,42768.87,40220.2175,18.95,67.50064,7.145796,1,1,9,0,0,39164.682499999995,41310.085,53150.69447916667
2023-09-12 02:00:00+02:00,42356.415,39720.28,17.6,74.433235,8.161764,2,1,9,0,0,38598.295,40631.94,53300.86895833333
2023-09-12 03:00:00+02:00,42460.91499999999,40222.45,15.95,82.379745,9.0,3,1,9,0,0,38831.11,40973.7975,53457.45729166667
2023-09-12 04:00:00+02:00,43221.585,41682.7,15.5,85.620674,7.628263,4,1,9,0,0,39615.7625,41508.104999999996,53608.69916666666
2023-09-12 05:00:00+02:00,46619.1325,44840.085,14.95,89.57142,6.696387,5,1,9,0,0,43437.457500000004,45005.89,53758.941770833335
2023-09-12 06:00:00+02:00,53826.1625,51258.5075,14.45,91.90482,6.379216,6,1,9,0,0,51219.88,52491.7725,53891.511562499996
2023-09-12 07:00:00+02:00,58625.62,54187.707500000004,14.8,90.73613,5.04,7,1,9,0,0,56132.7625,57005.075,54000.10666666667
2023-09-12 08:00:00+02:00,61543.292499999996,56527.7475,17.45,78.903824,6.5693827,8,1,9,0,0,59335.854999999996,59895.192500000005,54103.97572916667
2023-09-12 09:00:00+02:00,62869.44,57899.1275,20.95,67.25355,5.0911684,9,1,9,0,0,60654.21,60481.955,54195.95229166667
2023-09-12 10:00:00+02:00,63609.865,59033.36,23.95,58.064163,4.39436,10,1,9,0,0,61609.08,60154.2975,54288.253541666665
2023-09-12 11:00:00+02:00,64314.6625,59901.1225,26.65,51.058876,3.2599385,11,1,9,0,0,62264.455,60654.005000000005,54371.61958333334
2023-09-12 12:00:00+02:00,63386.285,59784.197499999995,28.65,42.874153,4.3349743,12,1,9,0,0,61140.86,60286.027500000004,54457.04489583333
2023-09-12 13:00:00+02:00,61645.82,59077.4925,29.55,37.657536,3.671294,13,1,9,0,0,60369.744999999995,59111.9975,54550.60427083333
2023-09-12 14:00:00+02:00,60558.8775,57916.0175,28.95,41.7295,5.0911684,14,1,9,0,0,59026.6,58017.54,54603.77406249999
2023-09-12 15:00:00+02:00,59952.7525,57339.185,29.6,40.582283,7.289445,15,1,9,0,0,58490.03,56924.5075,54667.61895833333
2023-09-12 16:00:00+02:00,59376.1075,56186.0075,29.05,41.891834,10.805998,16,1,9,0,0,58205.3575,55805.6625,54728.565729166665
2023-09-12 17:00:00+02:00,60246.0175,55893.685,27.45,49.342693,14.480773,17,1,9,0,0,58631.572499999995,56271.417499999996,54777.346979166665
2023-09-12 18:00:00+02:00,60311.957500000004,55674.3625,26.6,52.87103,12.181624,18,1,9,0,0,58511.6225,57016.505000000005,54844.61552083333
2023-09-12 19:00:00+02:00,59633.025,54851.869999999995,25.0,60.008904,12.144331,19,1,9,0,0,58501.1,57165.315,54919.629479166666
2023-09-12 20:00:00+02:00,58327.03,53993.14,22.8,69.80973,11.367109,20,1,9,0,0,57774.28,56413.52,54966.793020833335
2023-09-12 21:00:00+02:00,54368.62,50977.082500000004,21.95,73.74594,8.654986,21,1,9,0,0,54195.11,53117.89,54989.824270833335
2023-09-12 22:00:00+02:00,50940.8675,47095.4075,21.15,77.93741,8.12197,22,1,9,0,0,49895.515,48964.082500000004,54997.05385416667
2023-09-12 23:00:00+02:00,47418.135,43728.795,20.55,81.12382,9.387651,23,1,9,0,0,46225.65,45826.995,55040.61020833333
2023-09-13 00:00:00+02:00,45268.94,43588.6525,20.0,83.13475,11.304229,0,2,9,0,0,43785.675,43585.479999999996,55090.29708333334
2023-09-13 01:00:00+02:00,43359.5975,42149.479999999996,19.4,84.39445,11.043261,1,2,9,0,0,42768.87,41572.2175,55152.09979166667
2023-09-13 02:00:00+02:00,43103.6975,41418.5025,19.2,87.64618,13.1041975,2,2,9,0,0,42356.415,40386.067500000005,55176.7134375
2023-09-13 03:00:00+02:00,42696.4,41895.455,18.35,92.42759,12.864649,3,2,9,0,0,42460.91499999999,40305.285,55207.85020833334
2023-09-13 04:00:00+02:00,43542.3625,43185.4475,18.15,95.38694,8.913181,4,2,9,0,0,43221.585,41628.6625,55217.662083333336
2023-09-13 05:00:00+02:00,46780.3375,46485.16,18.0,95.38177,12.979984,5,2,9,0,0,46619.1325,45241.635,55231.0278125
2023-09-13 06:00:00+02:00,54240.1075,52741.9,17.8,95.37482,11.019764,6,2,9,0,0,53826.1625,52188.09,55237.7446875
2023-09-13 07:00:00+02:00,58705.6775,55946.795,17.65,95.97594,12.287555,7,2,9,0,0,58625.62,56517.9725,55254.99239583333
2023-09-13 08:00:00+02:00,61181.4975,58543.7275,18.6,93.911736,14.118243,8,2,9,0,0,61543.292499999996,59486.725000000006,55258.32812500001
2023-09-13 09:00:00+02:00,62400.36,60313.4925,20.1,86.35627,16.595179,9,2,9,0,0,62869.44,60574.2675,55243.25333333333
2023-09-13 10:00:00+02:00,62800.682499999995,61286.3025,20.9,78.89355,24.735432,10,2,9,0,0,63609.865,60312.4875,55223.708333333336
2023-09-13 11:00:00+02:00,63558.9475,62020.3625,21.7,71.170395,30.293522,11,2,9,0,0,64314.6625,61395.555,55189.99239583333
2023-09-13 12:00:00+02:00,63587.1775,61790.365,23.0,63.08568,25.60053,12,2,9,0,0,63386.285,60222.4525,55158.504270833335
2023-09-13 13:00:00+02:00,63026.74,61020.5275,23.75,60.48714,24.648829,13,2,9,0,0,61645.82,59067.66,55166.87479166666
2023-09-13 14:00:00+02:00,61071.5275,59963.06,22.1,63.906494,19.64558,14,2,9,0,0,60558.8775,57831.665,55224.413125
2023-09-13 15:00:00+02:00,60260.082500000004,59153.865,22.85,63.661324,18.345877,15,2,9,0,0,59952.7525,56962.9,55245.77354166666
2023-09-13 16:00:00+02:00,59467.2675,58091.495,22.95,62.271023,16.854767,16,2,9,0,0,59376.1075,56037.1925,55258.57895833333
2023-09-13 17:00:00+02:00,59701.005,57668.5275,21.95,64.90984,20.592503,17,2,9,0,0,60246.0175,56881.65,55262.37729166667
2023-09-13 18:00:00+02:00,60101.86,57390.805,20.35,74.89523,14.773164,18,2,9,0,0,60311.957500000004,57695.2175,55239.6684375
2023-09-13 19:00:00+02:00,59866.3875,56874.034999999996,19.6,77.20979,16.485485,19,2,9,0,0,59633.025,58170.1175,55230.914375
2023-09-13 20:00:00+02:00,58628.2,55428.43,18.35,84.278625,17.076298,20,2,9,0,0,58327.03,57524.2075,55240.637812500005
2023-09-13 21:00:00+02:00,54887.3625,52178.795,17.7,85.84535,17.727943,21,2,9,0,0,54368.62,54180.8725,55253.1865625
2023-09-13 22:00:00+02:00,51043.74,48830.04,17.2,84.15039,15.978486,22,2,9,0,0,50940.8675,50104.3825,55274.800833333335
2023-09-13 23:00:00+02:00,47330.1225,45703.8125,16.85,84.11104,15.509274,23,2,9,0,0,47418.135,46102.63,55279.0871875
2023-09-14 00:00:00+02:00,44893.035,43109.5725,16.3,85.98142,15.315873,0,3,9,0,0,45268.94,43421.8475,55275.420000000006
2023-09-14 01:00:00+02:00,43556.104999999996,41627.42,15.65,81.53671,15.575981,1,3,9,0,0,43359.5975,41832.8775,55259.75729166667
2023-09-14 02:00:00+02:00,42586.555,40872.23,15.4,80.17471,13.849477,2,3,9,0,0,43103.6975,41044.085,55267.94510416666
2023-09-14 03:00:00+02:00,42079.175,41262.93,15.15,79.87615,12.24,3,3,9,0,0,42696.4,40781.445,55246.39749999999
2023-09-14 04:00:00+02:00,42868.06,42736.6875,14.95,79.58455,11.792404,4,3,9,0,0,43542.3625,41655.5475,55220.67979166666
2023-09-14 05:00:00+02:00,45851.4775,46153.0875,13.65,85.99528,11.113451,5,3,9,0,0,46780.3375,44796.13,55192.58385416667
2023-09-14 06:00:00+02:00,53378.9675,52817.6875,12.0,93.913475,11.298495,6,3,9,0,0,54240.1075,52132.565,55153.88135416667
2023-09-14 07:00:00+02:00,57767.395000000004,56374.5875,11.5,94.83248,9.793059,7,3,9,0,0,58705.6775,56772.9025,55118.00052083333
2023-09-14 08:00:00+02:00,60186.2425,59082.87,12.6,88.50202,9.693296,8,3,9,0,0,61181.4975,59643.195,55078.90541666667
2023-09-14 09:00:00+02:00,60644.5475,59985.79,14.55,77.18426,8.78872,9,3,9,0,0,62400.36,60589.7875,55037.43645833334
2023-09-14 10:00:00+02:00,60876.8625,61021.5525,16.65,63.961708,9.673221,10,3,9,0,0,62800.682499999995,60874.7825,54964.27760416666
2023-09-14 11:00:00+02:00,61354.56,61849.465,18.2,56.46216,9.726664,11,3,9,0,0,63558.9475,61537.175,54884.1184375
2023-09-14 12:00:00+02:00,60408.735,61911.354999999996,19.55,48.346672,10.703569,12,3,9,0,0,63587.1775,61096.899999999994,54792.268958333334
2023-09-14 13:00:00+02:00,59216.725,60944.5925,20.4,44.185738,11.753876,13,3,9,0,0,63026.74,60018.915,54659.833854166674
2023-09-14 14:00:00+02:00,57601.74,59340.674999999996,19.95,48.619907,9.178235,14,3,9,0,0,61071.5275,58792.5375,54501.08322916667
2023-09-14 15:00:00+02:00,56875.225,58454.869999999995,20.6,44.543484,8.39657,15,3,9,0,0,60260.082500000004,58119.6375,54356.50875
2023-09-14 16:00:00+02:00,56223.775,57309.567500000005,20.7,41.92149,8.4963045,16,3,9,0,0,59467.2675,57269.1375,54215.473020833335
2023-09-14 17:00:00+02:00,56761.8425,57249.5975,20.45,43.305492,9.931042,17,3,9,0,0,59701.005,57697.13,54080.32749999999
2023-09-14 18:00:00+02:00,57171.92,57414.5475,19.75,45.376476,9.220499,18,3,9,0,0,60101.86,58355.54,53957.862395833334
2023-09-14 19:00:00+02:00,57737.1475,56815.1975,18.25,51.552273,6.489992,19,3,9,0,0,59866.3875,58056.119999999995,53835.78156249999
2023-09-14 20:00:00+02:00,56826.62,55791.200000000004,16.25,60.722935,5.991594,20,3,9,0,0,58628.2,57665.0625,53747.06322916667
2023-09-14 21:00:00+02:00,53013.0525,52550.64,14.9,69.64077,7.5170207,21,3,9,0,0,54887.3625,54794.9,53671.997395833336
2023-09-14 22:00:00+02:00,49393.1625,49161.0925,13.85,74.53196,8.404285,22,3,9,0,0,51043.74,50733.8,53593.90114583333
2023-09-14 23:00:00+02:00,45788.67,45723.7175,13.2,75.17741,8.707238,23,3,9,0,0,47330.1225,46916.0825,53525.12708333333
2023-09-15 00:00:00+02:00,43449.33500000001,41989.0975,12.75,74.59415,7.208994,0,4,9,0,0,44893.035,44326.085,53460.89989583333
2023-09-15 01:00:00+02:00,42483.8175,40553.225,12.35,74.01979,6.162207,1,4,9,0,0,43556.104999999996,42540.5475,53400.745729166665
2023-09-15 02:00:00+02:00,41544.74,39914.635,11.85,79.406555,6.151683,2,4,9,0,0,42586.555,41543.475,53356.067083333335
2023-09-15 03:00:00+02:00,41637.545,40440.4675,10.55,85.96626,7.2359104,3,4,9,0,0,42079.175,41280.17,53312.65812500001
2023-09-15 04:00:00+02:00,42262.244999999995,41959.005,10.65,89.83742,7.928178,4,4,9,0,0,42868.06,42092.4675,53294.256875
2023-09-15 05:00:00+02:00,45450.7525,45146.21,10.8,92.91867,7.69592,5,4,9,0,0,45851.4775,44986.0075,53269.01458333333
2023-09-15 06:00:00+02:00,52331.19,51759.7425,10.8,94.17227,7.69592,6,4,9,0,0,53378.9675,51940.04,53252.317708333336
2023-09-15 07:00:00+02:00,56661.06,56383.74,10.9,94.49223,7.9932976,7,4,9,0,0,57767.395000000004,56308.4675,53208.6603125
2023-09-15 08:00:00+02:00,59638.3825,59025.095,12.6,89.09233,10.08,8,4,9,0,0,60186.2425,59617.79,53162.56302083333
2023-09-15 09:00:00+02:00,60305.6925,59784.4,15.0,80.11939,8.759178,9,4,9,0,0,60644.5475,60605.1075,53139.735520833325
2023-09-15 10:00:00+02:00,60121.745,60763.104999999996,17.35,71.99029,9.339208,10,4,9,0,0,60876.8625,60897.385,53125.61656250001
2023-09-15 11:00:00+02:00,59650.155,61389.875,19.35,63.71539,11.183201,11,4,9,0,0,61354.56,61164.6875,53094.15333333333
2023-09-15 12:00:00+02:00,58498.7475,61034.4375,20.95,54.387905,14.618837,12,4,9,0,0,60408.735,60458.3725,53023.13645833333
2023-09-15 13:00:00+02:00,56588.3675,59827.5625,22.3,46.548138,18.11841,13,4,9,0,0,59216.725,58712.520000000004,52943.55364583333
2023-09-15 14:00:00+02:00,55183.9225,58438.095,22.25,46.07039,17.057314,14,4,9,0,0,57601.74,56947.0975,52834.03875
2023-09-15 15:00:00+02:00,54627.1425,57342.76,22.7,44.528988,17.148247,15,4,9,0,0,56875.225,56060.555,52733.29635416667
2023-09-15 16:00:00+02:00,54107.825,56047.415,22.9,41.974304,17.148247,16,4,9,0,0,56223.775,55131.195,52639.62625
2023-09-15 17:00:00+02:00,55280.2225,55070.0375,22.35,44.580875,18.723461,17,4,9,0,0,56761.8425,55634.575,52551.46166666667
2023-09-15 18:00:00+02:00,55718.0875,54906.21,21.9,46.128147,18.161278,18,4,9,0,0,57171.92,55834.64,52489.7275
2023-09-15 19:00:00+02:00,55880.6425,54142.854999999996,20.75,52.737473,12.074766,19,4,9,0,0,57737.1475,55605.57,52429.15114583334
2023-09-15 20:00:00+02:00,55349.1475,52748.16,19.6,59.51098,13.450708,20,4,9,0,0,56826.62,54861.0225,52351.79677083332
2023-09-15 21:00:00+02:00,51710.1825,49125.4975,19.3,62.45904,15.509274,21,4,9,0,0,53013.0525,51863.78,52290.23541666666
2023-09-15 22:00:00+02:00,47889.229999999996,45622.020000000004,18.6,63.12968,16.981165,22,4,9,0,0,49393.1625,48204.49,52235.949166666665
2023-09-15 23:00:00+02:00,44717.155,42824.4925,17.65,60.84934,17.399586,23,4,9,0,0,45788.67,44883.2425,52173.2853125
2023-09-16 00:00:00+02:00,41841.75,40997.6575,16.85,61.070023,16.92383,0,5,9,1,0,43449.33500000001,42462.505000000005,52128.63885416667
2023-09-16 01:00:00+02:00,39902.2825,39523.635,16.2,62.58421,15.646544,1,5,9,1,0,42483.8175,40417.575,52061.65614583334
2023-09-16 02:00:00+02:00,38341.4575,38497.375,15.75,64.40848,15.463246,2,5,9,1,0,41544.74,38884.979999999996,51954.0921875
2023-09-16 03:00:00+02:00,37812.4675,38174.725,14.55,68.87122,13.37825,3,5,9,1,0,41637.545,38226.62,51820.62208333333
2023-09-16 04:00:00+02:00,37635.5125,38404.6325,14.0,71.12553,13.905509,4,5,9,1,0,42262.244999999995,38034.01,51661.24385416667
2023-09-16 05:00:00+02:00,38335.494999999995,39306.47,13.65,72.76022,14.24163,5,5,9,1,0,45450.7525,38655.5525,51468.46333333334
2023-09-16 06:00:00+02:00,40447.305,41006.869999999995,13.25,74.428444,14.118243,6,5,9,1,0,52331.19,40692.4475,51171.994270833326
2023-09-16 07:00:00+02:00,42701.68,42802.18,13.0,75.908905,13.441071,7,5,9,1,0,56661.06,43120.185,50676.832395833335
2023-09-16 08:00:00+02:00,46287.2675,46044.5,14.1,73.82782,13.570615,8,5,9,1,0,59638.3825,46837.442500000005,50095.1915625
2023-09-16 09:00:00+02:00,48589.6825,48470.975,15.85,68.44228,14.33234,9,5,9,1,0,60305.6925,49463.275,49538.89510416667
2023-09-16 10:00:00+02:00,49980.1975,50174.895000000004,17.85,63.591454,13.527572,10,5,9,1,0,60121.745,50659.729999999996,49050.72802083333
2023-09-16 11:00:00+02:00,50925.7125,50847.76,20.0,58.43809,12.7279215,11,5,9,1,0,59650.155,51179.1725,48628.16354166667
2023-09-16 12:00:00+02:00,50301.66,50783.270000000004,21.9,53.56295,13.104198,12,5,9,1,0,58498.7475,50588.425,48264.64510416667
2023-09-16 13:00:00+02:00,48333.525,49763.515,23.25,50.16571,13.493999,13,5,9,1,0,56588.3675,48880.7775,47923.09979166667
2023-09-16 14:00:00+02:00,47103.5875,48332.9225,24.4,46.659447,14.05845,14,5,9,1,0,55183.9225,47326.95,47579.14802083333
2023-09-16 15:00:00+02:00,47115.57,47644.667499999996,24.95,46.19982,13.513193,15,5,9,1,0,54627.1425,46383.065,47242.46739583334
2023-09-16 16:00:00+02:00,46655.9025,47083.5525,25.2,45.66607,13.324863,16,5,9,1,0,54107.825,46553.715,46929.48520833333
2023-09-16 17:00:00+02:00,47661.96,47347.2,25.25,45.679737,12.599998,17,5,9,1,0,55280.2225,47339.2875,46618.9884375
2023-09-16 18:00:00+02:00,48609.744999999995,47814.615000000005,25.0,46.66962,10.315115,18,5,9,1,0,55718.0875,48417.225,46301.56083333333
2023-09-16 19:00:00+02:00,48840.32,47348.515,21.95,63.055183,7.9932966,19,5,9,1,0,55880.6425,48282.7075,46005.37989583333
2023-09-16 20:00:00+02:00,47895.255,46793.5775,20.35,67.78589,6.5693827,20,5,9,1,0,55349.1475,48268.47,45712.03312500001
2023-09-16 21:00:00+02:00,44818.5875,44289.67,19.75,68.77213,10.182337,21,5,9,1,0,51710.1825,45893.9775,45401.454270833325
2023-09-16 22:00:00+02:00,42118.3775,41713.705,19.2,69.11175,9.9571085,22,5,9,1,0,47889.229999999996,43371.2575,45114.30447916666
2023-09-16 23:00:00+02:00,39110.16,39341.705,18.1,74.03448,7.754637,23,5,9,1,0,44717.155,40728.665,44873.85229166667
2023-09-17 00:00:00+02:00,36695.775,37418.82,16.75,81.67833,6.297428,0,6,9,1,0,41841.75,38372.7625,44640.2275
2023-09-17 01:00:00+02:00,35167.4925,36333.7125,15.85,87.62852,5.904439,1,6,9,1,0,39902.2825,36817.3525,44425.81187499999
2023-09-17 02:00:00+02:00,34386.0625,35463.06,15.65,90.20789,5.991594,2,6,9,1,0,38341.4575,35083.2725,44228.528958333336
2023-09-17 03:00:00+02:00,33944.385,35056.7875,14.8,91.03231,6.792466,3,6,9,1,0,37812.4675,34511.775,44063.72083333333
2023-09-17 04:00:00+02:00,33708.775,35020.6475,15.05,91.345406,3.671294,4,6,9,1,0,37635.5125,34201.83,43902.550729166665
2023-09-17 05:00:00+02:00,33975.275,35379.585,13.85,94.92431,3.6,5,6,9,1,0,38335.494999999995,34627.159999999996,43738.93666666667
2023-09-17 06:00:00+02:00,35008.4125,36133.675,13.25,96.78569,3.8773184,6,6,9,1,0,40447.305,35444.31,43557.260833333334
2023-09-17 07:00:00+02:00,36202.005,37504.1,13.85,98.06929,1.5273507,7,6,9,1,0,42701.68,37258.3825,43330.6403125
2023-09-17 08:00:00+02:00,40026.465,40526.945,14.2,97.12406,2.8116899,8,6,9,1,0,46287.2675,40975.8625,43059.82052083333
2023-09-17 09:00:00+02:00,43637.2425,43647.7225,16.8,87.71339,2.6208394,9,6,9,1,0,48589.6825,44227.8475,42798.95375
2023-09-17 10:00:00+02:00,45706.5425,45629.85,20.0,74.837074,2.1897945,10,6,9,1,0,49980.1975,45713.340000000004,42592.60208333334
2023-09-17 11:00:00+02:00,47259.2125,46934.104999999996,22.25,66.87402,2.9024127,11,6,9,1,0,50925.7125,46847.4075,42414.533125
2023-09-17 12:00:00+02:00,46636.104999999996,47308.9375,24.05,60.36344,3.8773184,12,6,9,1,0,50301.66,46258.36,42261.762291666666
2023-09-17 13:00:00+02:00,44840.13,45730.1325,25.35,54.615078,3.396233,13,6,9,1,0,48333.525,44598.7575,42109.03083333333
2023-09-17 14:00:00+02:00,43509.0275,44858.1875,26.45,46.306053,4.1046314,14,6,9,1,0,47103.5875,43115.9875,41963.472708333335
2023-09-17 15:00:00+02:00,42978.1225,44284.055,26.95,43.809998,4.5536795,15,6,9,1,0,47115.57,42669.979999999996,41813.699375
2023-09-17 16:00:00+02:00,43430.51,44131.48,27.1,42.44709,5.00128,16,6,9,1,0,46655.9025,42886.45,41641.30572916667
2023-09-17 17:00:00+02:00,45068.485,45164.4475,26.8,42.502728,6.8777895,17,6,9,1,0,47661.96,44577.7175,41506.914375
2023-09-17 18:00:00+02:00,46690.5225,46219.925,26.0,44.9957,8.287822,18,6,9,1,0,48609.744999999995,46785.6575,41398.85291666666
2023-09-17 19:00:00+02:00,47879.99,46252.755000000005,23.75,54.564175,7.5942082,19,6,9,1,0,48840.32,47315.995,41318.885312499995
2023-09-17 20:00:00+02:00,48632.86,46426.0275,22.35,60.356194,9.693296,20,6,9,1,0,47895.255,47893.925,41278.8715625
2023-09-17 21:00:00+02:00,46907.450000000004,44552.83,21.5,64.18841,11.269782,21,6,9,1,0,44818.5875,46236.65,41309.605104166665
2023-09-17 22:00:00+02:00,44551.975,42909.7725,20.5,68.920296,11.726277,22,6,9,1,0,42118.3775,44111.55,41396.64104166667
2023-09-17 23:00:00+02:00,42761.455,40626.155,19.8,71.96924,11.631956,23,6,9,1,0,39110.16,41912.79,41498.0409375
2023-09-18 00:00:00+02:00,40752.06,39459.682499999995,19.4,73.54159,11.681987,0,0,9,0,0,36695.775,40141.735,41650.17822916667
2023-09-18 01:00:00+02:00,39105.2575,38605.88,19.25,73.51547,12.88981,1,0,9,0,0,35167.4925,39164.682499999995,41819.190104166664
2023-09-18 02:00:00+02:00,38406.9225,38155.0075,19.15,76.15414,12.475961,2,0,9,0,0,34386.0625,38598.295,41983.263645833336
2023-09-18 03:00:00+02:00,38767.005000000005,38772.5725,18.5,77.539665,12.738099,3,0,9,0,0,33944.385,38831.11,42150.799479166664
2023-09-18 04:00:00+02:00,40165.4225,40886.495,18.15,76.98601,13.246826,4,0,9,0,0,33708.775,39615.7625,42351.74197916667
2023-09-18 05:00:00+02:00,43504.0675,44469.8125,17.85,76.440926,13.684735,5,0,9,0,0,33975.275,43437.457500000004,42620.768958333334
2023-09-18 06:00:00+02:00,52023.9425,51162.6125,17.45,77.37924,13.324863,6,0,9,0,0,35008.4125,51219.88,43017.80197916667
2023-09-18 07:00:00+02:00,57257.84,55332.270000000004,17.15,78.604004,13.896187,7,0,9,0,0,36202.005,56132.7625,43726.78239583334
2023-09-18 08:00:00+02:00,60374.795,58219.9975,18.5,73.62335,16.489416,8,0,9,0,0,40026.465,59335.854999999996,44604.10885416667
2023-09-18 09:00:00+02:00,61353.81,60012.0575,20.4,68.45688,15.683774,9,0,9,0,0,43637.2425,60654.21,45451.9559375
2023-09-18 10:00:00+02:00,63078.3525,61188.9375,22.55,62.381256,18.11841,10,0,9,0,0,45706.5425,61609.08,46190.14625
2023-09-18 11:00:00+02:00,64394.695,62085.05,24.65,56.94271,19.61587,11,0,9,0,0,47259.2125,62264.455,46913.97166666667
2023-09-18 12:00:00+02:00,62954.765,62191.807499999995,26.45,52.16226,19.95972,12,0,9,0,0,46636.104999999996,61140.86,47627.950104166666
2023-09-18 13:00:00+02:00,61614.3875,61417.615,27.75,48.17567,19.809813,13,0,9,0,0,44840.13,60369.744999999995,48307.89427083333
2023-09-18 14:00:00+02:00,60340.6,60445.41,27.75,46.507545,20.598795,14,0,9,0,0,43509.0275,59026.6,49006.82166666666
2023-09-18 15:00:00+02:00,59643.515,59820.707500000004,27.2,49.751926,18.775301,15,0,9,0,0,42978.1225,58490.03,49708.1371875
2023-09-18 16:00:00+02:00,59485.667499999996,58509.66,25.75,57.20982,19.134262,16,0,9,0,0,43430.51,58205.3575,50402.52854166667
2023-09-18 17:00:00+02:00,59909.225,58013.465,24.55,64.437386,14.494192,17,0,9,0,0,45068.485,58631.572499999995,51071.4934375
2023-09-18 18:00:00+02:00,59777.195,57727.64,23.6,65.46897,20.172853,18,0,9,0,0,46690.5225,58511.6225,51689.85760416667
2023-09-18 19:00:00+02:00,59831.085,57113.685,21.9,76.82908,16.904673,19,0,9,0,0,47879.99,58501.1,52235.135624999995
2023-09-18 20:00:00+02:00,58491.835,55635.03,21.2,80.444305,14.84318,20,0,9,0,0,48632.86,57774.28,52733.09791666667
2023-09-18 21:00:00+02:00,54583.590000000004,52381.135,20.85,80.14393,17.076298,21,0,9,0,0,46907.450000000004,54195.11,53143.88854166667
2023-09-18 22:00:00+02:00,51383.74,49352.4925,20.55,80.103294,16.595179,22,0,9,0,0,44551.975,49895.515,53463.727708333325
2023-09-18 23:00:00+02:00,47505.792499999996,46372.3375,19.7,83.89394,15.941944,23,0,9,0,0,42761.455,46225.65,53748.38458333333
2023-09-19 00:00:00+02:00,44323.8275,40436.4375,19.1,85.71308,16.179987,0,1,9,0,0,40752.06,43785.675,53946.0653125
2023-09-19 01:00:00+02:00,41948.8925,39187.055,18.55,86.48029,14.186923,1,1,9,0,0,39105.2575,42768.87,54094.88895833333
2023-09-19 02:00:00+02:00,41668.854999999996,38568.265,17.7,89.49316,15.141414,2,1,9,0,0,38406.9225,42356.415,54213.37375
2023-09-19 03:00:00+02:00,41736.912500000006,39398.567500000005,17.55,90.0554,14.618837,3,1,9,0,0,38767.005000000005,42460.91499999999,54349.28760416667
2023-09-19 04:00:00+02:00,42738.3025,40917.13,17.5,90.05177,14.904173,4,1,9,0,0,40165.4225,43221.585,54473.033749999995
2023-09-19 05:00:00+02:00,45924.19,44466.47,17.2,88.3143,16.09969,5,1,9,0,0,43504.0675,46619.1325,54580.23708333333
2023-09-19 06:00:00+02:00,52797.7275,50592.1475,16.75,86.30498,17.654688,6,1,9,0,0,52023.9425,53826.1625,54681.075520833336
2023-09-19 07:00:00+02:00,57424.6125,55595.6325,16.3,84.322655,18.692286,7,1,9,0,0,57257.84,58625.62,54713.3165625
2023-09-19 08:00:00+02:00,59645.725,58685.4225,16.9,79.85851,17.399586,8,1,9,0,0,60374.795,61543.292499999996,54720.26541666666
2023-09-19 09:00:00+02:00,60226.41,60483.8925,17.8,72.309074,22.768398,9,1,9,0,0,61353.81,62869.44,54689.887500000004
2023-09-19 10:00:00+02:00,61376.285,61825.6525,18.15,66.45437,24.288662,10,1,9,0,0,63078.3525,63609.865,54642.9125
2023-09-19 11:00:00+02:00,61507.45,62740.795,18.7,60.49012,24.280659,11,1,9,0,0,64394.695,64314.6625,54571.99302083333
2023-09-19 12:00:00+02:00,60811.0025,62402.115,19.7,53.88659,24.535524,12,1,9,0,0,62954.765,63386.285,54451.69114583334
2023-09-19 13:00:00+02:00,58540.917499999996,61663.207500000004,20.3,48.715202,24.023088,13,1,9,0,0,61614.3875,61645.82,54362.36770833333
2023-09-19 14:00:00+02:00,57145.5175,60545.4375,20.6,42.036606,25.44566,14,1,9,0,0,60340.6,60558.8775,54234.30645833333
2023-09-19 15:00:00+02:00,56739.0225,59650.47,20.2,43.087368,25.925,15,1,9,0,0,59643.515,59952.7525,54101.17802083333
2023-09-19 16:00:00+02:00,56879.2525,58473.1775,20.25,41.650517,27.055143,16,1,9,0,0,59485.667499999996,59376.1075,53980.1575
2023-09-19 17:00:00+02:00,57883.8625,57858.5375,20.3,41.379807,25.49908,17,1,9,0,0,59909.225,60246.0175,53871.556875
2023-09-19 18:00:00+02:00,57323.274999999994,57794.1575,20.1,42.61908,24.079666,18,1,9,0,0,59777.195,60311.957500000004,53787.16677083333
2023-09-19 19:00:00+02:00,58714.0425,57270.1825,18.95,47.529842,17.581125,19,1,9,0,0,59831.085,59633.025,53684.92010416667
2023-09-19 20:00:00+02:00,56997.69,55564.7625,18.1,50.643112,16.831684,20,1,9,0,0,58491.835,58327.03,53638.37666666667
2023-09-19 21:00:00+02:00,53288.115,52163.42,17.6,52.08429,17.581125,21,1,9,0,0,54583.590000000004,54368.62,53576.120625
2023-09-19 22:00:00+02:00,49296.4625,49110.3125,17.6,52.262066,19.406637,22,1,9,0,0,51383.74,50940.8675,53522.14250000001
2023-09-19 23:00:00+02:00,45842.22,46028.0,17.2,53.599075,19.107151,23,1,9,0,0,47505.792499999996,47418.135,53435.17260416667
2023-09-20 00:00:00+02:00,43463.345,40454.825,17.0,53.9132,18.584509,0,2,9,0,0,44323.8275,45268.94,53365.85708333333
2023-09-20 01:00:00+02:00,41969.4575,39479.65,16.65,54.56227,18.075441,1,2,9,0,0,41948.8925,43359.5975,53330.00364583333
2023-09-20 02:00:00+02:00,40907.9925,38744.7225,16.45,58.154602,17.339897,2,2,9,0,0,41668.854999999996,43103.6975,53330.860520833325
2023-09-20 03:00:00+02:00,41266.4225,39305.3675,15.95,61.478844,16.323528,3,2,9,0,0,41736.912500000006,42696.4,53299.15791666667
2023-09-20 04:00:00+02:00,42059.8525,40948.9925,15.9,63.151707,16.563911,4,2,9,0,0,42738.3025,43542.3625,53279.55416666667
2023-09-20 05:00:00+02:00,45329.395000000004,44044.55,16.15,63.849915,15.30741,5,2,9,0,0,45924.19,46780.3375,53251.28541666667
2023-09-20 06:00:00+02:00,52428.17,50221.7175,15.85,67.08126,15.629971,6,2,9,0,0,52797.7275,54240.1075,53226.502291666664
2023-09-20 07:00:00+02:00,57132.7125,54133.3425,15.5,70.46208,14.88242,7,2,9,0,0,57424.6125,58705.6775,53211.1040625
2023-09-20 08:00:00+02:00,60052.020000000004,56474.875,16.15,69.88628,15.941944,8,2,9,0,0,59645.725,61181.4975,53198.941562500004
2023-09-20 09:00:00+02:00,60885.3,58155.3,17.3,66.49513,16.981165,9,2,9,0,0,60226.41,62400.36,53215.870520833334
2023-09-20 10:00:00+02:00,61003.84,59835.4875,18.65,62.724705,20.316889,10,2,9,0,0,61376.285,62800.682499999995,53243.324270833335
2023-09-20 11:00:00+02:00,61367.18,60877.1875,19.85,59.76749,20.188908,11,2,9,0,0,61507.45,63558.9475,53227.80572916666
2023-09-20 12:00:00+02:00,60399.087499999994,60964.89,21.35,55.39511,21.068459,12,2,9,0,0,60811.0025,63587.1775,53221.96114583333
2023-09-20 13:00:00+02:00,59626.265,60577.067500000005,22.7,51.355106,21.26744,13,2,9,0,0,58540.917499999996,63026.74,53204.79802083334
2023-09-20 14:00:00+02:00,58001.535,59111.34,23.05,51.616013,20.12461,14,2,9,0,0,57145.5175,61071.5275,53250.020833333336
2023-09-20 15:00:00+02:00,56706.305,57971.16,23.9,48.556576,19.486609,15,2,9,0,0,56739.0225,60260.082500000004,53285.68822916667
2023-09-20 16:00:00+02:00,56186.0625,56392.7125,24.4,46.659447,19.164717,16,2,9,0,0,56879.2525,59467.2675,53284.325000000004
2023-09-20 17:00:00+02:00,56300.97,56077.525,24.6,46.256027,17.373497,17,2,9,0,0,57883.8625,59701.005,53255.442083333335
2023-09-20 18:00:00+02:00,57888.78,55964.0075,23.9,49.846497,13.281023,18,2,9,0,0,57323.274999999994,60101.86,53189.488229166665
2023-09-20 19:00:00+02:00,59190.07,55769.2675,21.8,57.355473,9.255571,19,2,9,0,0,58714.0425,59866.3875,53213.050937500004
2023-09-20 20:00:00+02:00,57583.9825,54069.5225,20.25,63.291626,10.390226,20,2,9,0,0,56997.69,58628.2,53232.88541666668
2023-09-20 21:00:00+02:00,53964.06,49361.8275,19.7,64.845474,11.090103,21,2,9,0,0,53288.115,54887.3625,53257.31427083333
2023-09-20 22:00:00+02:00,49349.06,45456.8525,18.85,67.923386,10.823973,22,2,9,0,0,49296.4625,51043.74,53285.47864583333
2023-09-20 23:00:00+02:00,45799.78,42644.0725,18.05,71.18093,10.137692,23,2,9,0,0,45842.22,47330.1225,53287.67020833333
2023-09-21 00:00:00+02:00,43997.9475,41291.817500000005,17.5,74.17324,10.144082,0,3,9,0,0,43463.345,44893.035,53285.901875
2023-09-21 01:00:00+02:00,42624.7525,40189.1025,17.0,77.56294,10.30883,1,3,9,0,0,41969.4575,43556.104999999996,53308.17697916667
2023-09-21 02:00:00+02:00,41890.395000000004,39594.6375,16.2,80.284676,10.630672,2,3,9,0,0,40907.9925,42586.555,53335.4809375
2023-09-21 03:00:00+02:00,42076.415,39967.935,15.7,82.61877,9.693296,3,3,9,0,0,41266.4225,42079.175,53376.41437499999
2023-09-21 04:00:00+02:00,42843.595,41254.5775,15.35,83.94086,10.24578,4,3,9,0,0,42059.8525,42868.06,53410.1640625
2023-09-21 05:00:00+02:00,46106.707500000004,44286.6525,14.95,85.563705,10.365251,5,3,9,0,0,45329.395000000004,45851.4775,53442.82
2023-09-21 06:00:00+02:00,53554.7175,50709.8675,14.55,86.938644,9.227524,6,3,9,0,0,52428.17,53378.9675,53475.20802083333
2023-09-21 07:00:00+02:00,58312.832500000004,54176.375,14.25,88.06058,9.021574,7,3,9,0,0,57132.7125,57767.395000000004,53522.1475
2023-09-21 08:00:00+02:00,60320.5225,56474.5975,15.7,80.47995,11.923557,8,3,9,0,0,60052.020000000004,60186.2425,53571.31916666666
2023-09-21 09:00:00+02:00,61466.4825,57664.0975,18.15,71.43288,10.296251,9,3,9,0,0,60885.3,60644.5475,53582.50677083333
2023-09-21 10:00:00+02:00,62710.67,59211.285,20.45,62.71929,10.630672,10,3,9,0,0,61003.84,60876.8625,53606.72270833334
2023-09-21 11:00:00+02:00,63275.4075,61304.5975,22.7,57.57518,12.594856,11,3,9,0,0,61367.18,61354.56,53677.840625000004
2023-09-21 12:00:00+02:00,62769.6275,61812.595,24.8,52.40942,14.007655,12,3,9,0,0,60399.087499999994,60408.735,53757.35010416667
2023-09-21 13:00:00+02:00,62210.795,60825.355,26.15,47.286663,16.746773,13,3,9,0,0,59626.265,59216.725,53856.12260416666
2023-09-21 14:00:00+02:00,60592.979999999996,59480.9825,27.15,39.640614,16.58346,14,3,9,0,0,58001.535,57601.74,53963.811354166675
2023-09-21 15:00:00+02:00,60381.572499999995,58975.3075,27.75,36.91058,16.299694,15,3,9,0,0,56706.305,56875.225,54071.78822916667
2023-09-21 16:00:00+02:00,59702.807499999995,57242.145,27.85,35.73794,15.778516,16,3,9,0,0,56186.0625,56223.775,54224.924375
2023-09-21 17:00:00+02:00,59764.97,55894.075,27.5,36.840485,15.9134655,17,3,9,0,0,56300.97,56761.8425,54371.455416666664
2023-09-21 18:00:00+02:00,59047.295,56046.205,26.25,45.06411,14.512064,18,3,9,0,0,57888.78,57171.92,54515.78875
2023-09-21 19:00:00+02:00,60868.8875,55557.64,24.15,56.820602,15.7908325,19,3,9,0,0,59190.07,57737.1475,54564.06020833333
2023-09-21 20:00:00+02:00,59780.52,53845.3425,22.65,62.403736,14.277983,20,3,9,0,0,57583.9825,56826.62,54634.010937499996
2023-09-21 21:00:00+02:00,55742.6,49928.255000000005,21.4,65.21123,14.021525,21,3,9,0,0,53964.06,53013.0525,54725.53333333333
2023-09-21 22:00:00+02:00,50974.7575,45987.84,20.6,65.88925,13.608762,22,3,9,0,0,49349.06,49393.1625,54799.63916666666
2023-09-21 23:00:00+02:00,46566.75,42940.1175,19.75,68.77213,13.830749,23,3,9,0,0,45799.78,45788.67,54867.3765625
2023-09-22 00:00:00+02:00,44171.6725,40462.7475,19.4,70.74104,14.565548,0,4,9,0,0,43997.9475,43449.33500000001,54899.333645833336
2023-09-22 01:00:00+02:00,42976.332500000004,38770.125,18.95,74.42046,14.77755,1,4,9,0,0,42624.7525,42483.8175,54906.572187499994
2023-09-22 02:00:00+02:00,42349.3725,38097.04,18.35,81.35708,15.0038395,2,4,9,0,0,41890.395000000004,41544.74,54921.221354166664
2023-09-22 03:00:00+02:00,42238.4225,38472.5475,18.0,80.010735,16.055353,3,4,9,0,0,42076.415,41637.545,54940.34541666667
2023-09-22 04:00:00+02:00,43125.625,39772.4625,18.2,80.815704,14.904173,4,4,9,0,0,42843.595,42262.244999999995,54947.09572916667
2023-09-22 05:00:00+02:00,45530.295,43117.7425,18.15,83.98675,16.610792,5,4,9,0,0,46106.707500000004,45450.7525,54958.84697916667
2023-09-22 06:00:00+02:00,52764.2725,48797.435,17.75,88.6436,14.986553,6,4,9,0,0,53554.7175,52331.19,54934.82979166667
2023-09-22 07:00:00+02:00,57727.417499999996,53664.024999999994,17.35,92.66648,12.074766,7,4,9,0,0,58312.832500000004,56661.06,54901.894583333335
2023-09-22 08:00:00+02:00,60425.7625,56446.19,17.25,93.25399,10.691453,8,4,9,0,0,60320.5225,59638.3825,54877.502291666664
2023-09-22 09:00:00+02:00,61561.9375,57729.042499999996,17.55,89.76816,11.753876,9,4,9,0,0,61466.4825,60305.6925,54881.887291666666
2023-09-22 10:00:00+02:00,62060.479999999996,58493.6025,18.0,83.43216,15.530151,10,4,9,0,0,62710.67,60121.745,54885.86458333332
2023-09-22 11:00:00+02:00,62412.9275,60122.9075,19.25,70.71272,18.671474,11,4,9,0,0,63275.4075,59650.155,54858.77333333334
2023-09-22 12:00:00+02:00,62262.445,60028.695,19.65,66.76819,16.09969,12,4,9,0,0,62769.6275,58498.7475,54822.83666666667
2023-09-22 13:00:00+02:00,60618.7775,59126.9625,19.1,67.09121,12.682018,13,4,9,0,0,62210.795,56588.3675,54801.7040625
2023-09-22 14:00:00+02:00,57688.17,57162.634999999995,18.05,70.25426,13.276144,14,4,9,0,0,60592.979999999996,55183.9225,54735.369999999995
2023-09-22 15:00:00+02:00,56913.3975,55889.1725,17.8,72.54612,14.618837,15,4,9,0,0,60381.572499999995,54627.1425,54614.33624999999
2023-09-22 16:00:00+02:00,55631.22,53482.455,17.6,73.94827,12.287555,16,4,9,0,0,59702.807499999995,54107.825,54469.828958333324
2023-09-22 17:00:00+02:00,56119.4475,53576.545,17.45,75.141,10.948973,17,4,9,0,0,59764.97,55280.2225,54300.17947916666
2023-09-22 18:00:00+02:00,56019.1775,54079.8475,17.45,75.38685,8.699793,18,4,9,0,0,59047.295,55718.0875,54148.28270833333
2023-09-22 19:00:00+02:00,56031.52,53626.0275,16.15,82.404526,7.6367526,19,4,9,0,0,60868.8875,55880.6425,54022.111145833325
2023-09-22 20:00:00+02:00,53364.7,51760.0175,15.5,86.46284,7.928178,20,4,9,0,0,59780.52,55349.1475,53820.55416666666
2023-09-22 21:00:00+02:00,50659.43,47611.975,15.55,87.03302,10.086427,21,4,9,0,0,55742.6,51710.1825,53553.22833333333
2023-09-22 22:00:00+02:00,46318.3975,44277.2225,15.5,86.74517,10.182337,22,4,9,0,0,50974.7575,47889.229999999996,53341.42958333334
2023-09-22 23:00:00+02:00,42904.7375,41087.84,15.35,86.44817,10.739833,23,4,9,0,0,46566.75,44717.155,53147.41458333333
2023-09-23 00:00:00+02:00,40630.595,39272.7825,15.1,86.42367,11.525623,0,5,9,1,0,44171.6725,41841.75,52994.830729166664
2023-09-23 01:00:00+02:00,38878.54,37700.845,14.5,87.506485,10.931203,1,5,9,1,0,42976.332500000004,39902.2825,52847.285833333335
2023-09-23 02:00:00+02:00,37866.41,36555.68,14.35,88.35882,10.8955765,2,5,9,1,0,42349.3725,38341.4575,52676.544479166674
2023-09-23 03:00:00+02:00,37034.2925,36324.43,13.85,89.486496,12.181625,3,5,9,1,0,42238.4225,37812.4675,52489.754375
2023-09-23 04:00:00+02:00,36646.3975,36762.2475,13.45,89.750946,12.4811535,4,5,9,1,0,43125.625,37635.5125,52272.915624999994
2023-09-23 05:00:00+02:00,37555.4325,37816.53,13.4,87.98599,13.18308,5,5,9,1,0,45530.295,38335.494999999995,52002.947812499995
2023-09-23 06:00:00+02:00,40271.25,39322.8625,12.9,88.23418,14.565548,6,5,9,1,0,52764.2725,40447.305,51670.661875
2023-09-23 07:00:00+02:00,42554.6125,41145.895000000004,12.65,85.89317,16.595179,7,5,9,1,0,57727.417499999996,42701.68,51150.11927083333
2023-09-23 08:00:00+02:00,45955.0975,44789.0925,13.05,82.28934,17.208603,8,5,9,1,0,60425.7625,46287.2675,50517.919062500005
2023-09-23 09:00:00+02:00,48973.59,47803.83,14.3,73.3691,18.775303,9,5,9,1,0,61561.9375,48589.6825,49914.974687500006
2023-09-23 10:00:00+02:00,49955.065,49434.905,15.3,66.96583,23.263912,10,5,9,1,0,62060.479999999996,49980.1975,49390.46020833334
2023-09-23 11:00:00+02:00,50582.355,50169.85,16.25,60.517933,23.933907,11,5,9,1,0,62412.9275,50925.7125,48886.06791666666
2023-09-23 12:00:00+02:00,49904.0625,50316.7025,16.95,56.146507,24.144167,12,5,9,1,0,62262.445,50301.66,48393.127395833326
2023-09-23 13:00:00+02:00,48721.292499999996,48906.69,16.85,55.36307,23.051247,13,5,9,1,0,60618.7775,48333.525,47878.19479166667
2023-09-23 14:00:00+02:00,47532.1325,47089.8725,17.45,53.847183,21.542923,14,5,9,1,0,57688.17,47103.5875,47382.46625
2023-09-23 15:00:00+02:00,46616.51,46075.0475,17.9,50.589214,22.751316,15,5,9,1,0,56913.3975,47115.57,46959.29802083334
2023-09-23 16:00:00+02:00,46479.97,45568.89,18.1,49.448074,21.602999,16,5,9,1,0,55631.22,46655.9025,46530.26104166667
2023-09-23 17:00:00+02:00,47530.8275,46399.8175,18.25,48.154198,19.559633,17,5,9,1,0,56119.4475,47661.96,46148.958958333336
2023-09-23 18:00:00+02:00,48809.8275,47210.3925,17.5,52.413876,18.584509,18,5,9,1,0,56019.1775,48609.744999999995,45791.09979166667
2023-09-23 19:00:00+02:00,49445.735,47517.435,15.9,59.822353,10.829959,19,5,9,1,0,56031.52,48840.32,45490.71020833333
2023-09-23 20:00:00+02:00,47865.1125,46052.7775,14.4,67.22989,9.339208,20,5,9,1,0,53364.7,47895.255,45216.3025
2023-09-23 21:00:00+02:00,44746.84,43378.86,13.95,69.68788,11.269782,21,5,9,1,0,50659.43,44818.5875,44987.153020833335
2023-09-23 22:00:00+02:00,42490.165,41162.387500000004,13.75,70.35984,13.009903,22,5,9,1,0,46318.3975,42118.3775,44740.79510416667
2023-09-23 23:00:00+02:00,39794.9225,38641.479999999996,13.25,72.9338,11.384199,23,5,9,1,0,42904.7375,39110.16,44581.28541666667
2023-09-24 00:00:00+02:00,37468.625,36047.33,12.7,76.632904,10.829958,0,6,9,1,0,40630.595,36695.775,44451.70979166666
2023-09-24 01:00:00+02:00,35656.47,34935.5925,12.35,79.21093,10.829958,1,6,9,1,0,38878.54,35167.4925,44319.96104166666
2023-09-24 02:00:00+02:00,34245.285,33929.25,12.25,83.30051,10.587917,2,6,9,1,0,37866.41,34386.0625,44185.708125
2023-09-24 03:00:00+02:00,33637.235,33513.765,11.6,87.82572,9.178235,3,6,9,1,0,37034.2925,33944.385,44034.82791666667
2023-09-24 04:00:00+02:00,33538.215,33535.23,11.35,89.8905,9.3669195,4,6,9,1,0,36646.3975,33708.775,43893.283854166664
2023-09-24 05:00:00+02:00,33946.759999999995,34051.995,10.85,91.99118,9.007196,5,6,9,1,0,37555.4325,33975.275,43763.776249999995
2023-09-24 06:00:00+02:00,35173.119999999995,35003.5775,10.3,94.14989,7.5685663,6,6,9,1,0,40271.25,35008.4125,43613.41489583333
2023-09-24 07:00:00+02:00,37050.255,36248.3925,9.9,95.40899,6.5693827,7,6,9,1,0,42554.6125,36202.005,43400.9928125
2023-09-24 08:00:00+02:00,40078.2,39258.38,11.0,93.866875,9.826088,8,6,9,1,0,45955.0975,40026.465,43171.644583333335
2023-09-24 09:00:00+02:00,43322.19,42347.64,12.85,86.20023,8.707238,9,6,9,1,0,48973.59,43637.2425,42926.77385416667
2023-09-24 10:00:00+02:00,45019.4975,44271.235,14.65,79.27866,9.107359,10,6,9,1,0,49955.065,45706.5425,42691.298854166664
2023-09-24 11:00:00+02:00,46242.555,45616.645000000004,16.3,71.55911,8.699793,11,6,9,1,0,50582.355,47259.2125,42485.65020833333
2023-09-24 12:00:00+02:00,45418.957500000004,45957.3025,17.65,61.668327,7.10031,12,6,9,1,0,49904.0625,46636.104999999996,42304.825208333335
2023-09-24 13:00:00+02:00,43276.6625,44954.4525,18.65,55.448322,5.315336,13,6,9,1,0,48721.292499999996,44840.13,42117.94583333333
2023-09-24 14:00:00+02:00,41553.0875,43685.557499999995,18.75,51.16331,2.1897945,14,6,9,1,0,47532.1325,43509.0275,41891.08625
2023-09-24 15:00:00+02:00,41209.9325,42337.585,19.3,48.607094,1.1384199,15,6,9,1,0,46616.51,42978.1225,41641.959375
2023-09-24 16:00:00+02:00,41541.3175,41627.494999999995,19.3,47.788593,3.6,16,6,9,1,0,46479.97,43430.51,41416.6853125
2023-09-24 17:00:00+02:00,43198.7725,42369.3525,19.15,47.910084,5.0911684,17,6,9,1,0,47530.8275,45068.485,41210.908124999994
2023-09-24 18:00:00+02:00,45284.2725,43455.135,18.55,50.079002,5.6233797,18,6,9,1,0,48809.8275,46690.5225,41030.40583333333
2023-09-24 19:00:00+02:00,46896.525,44052.185,16.05,62.128906,6.6087217,19,6,9,1,0,49445.735,47879.99,40883.50770833333
2023-09-24 20:00:00+02:00,45890.2425,43951.24,14.6,67.72825,7.92,20,6,9,1,0,47865.1125,48632.86,40777.290625
2023-09-24 21:00:00+02:00,43486.75,41912.0625,13.75,74.01496,8.759178,21,6,9,1,0,44746.84,46907.450000000004,40695.004375
2023-09-24 22:00:00+02:00,41697.6375,40542.5375,12.7,78.729744,8.12197,22,6,9,1,0,42490.165,44551.975,40642.50062499999
2023-09-24 23:00:00+02:00,39632.2125,38436.4075,12.15,81.62381,6.4096174,23,6,9,1,0,39794.9225,42761.455,40609.47864583333
2023-09-25 00:00:00+02:00,38057.355,36795.185,11.95,82.14996,7.386582,0,0,9,0,0,37468.625,40752.06,40602.699062499996
2023-09-25 01:00:00+02:00,37252.380000000005,35782.83,11.75,84.086136,8.404285,1,0,9,0,0,35656.47,39105.2575,40627.22947916667
2023-09-25 02:00:00+02:00,37116.0375,35403.75,10.55,90.742836,9.1641035,2,0,9,0,0,34245.285,38406.9225,40693.72572916667
2023-09-25 03:00:00+02:00,37713.51,36380.7225,9.55,92.53687,7.8954163,3,0,9,0,0,33637.235,38767.005000000005,40813.340416666666
2023-09-25 04:00:00+02:00,39261.167499999996,38346.285,9.25,93.78405,8.587338,4,0,9,0,0,33538.215,40165.4225,40983.18520833333
2023-09-25 05:00:00+02:00,43420.0925,42335.555,9.25,93.78405,9.085988,5,0,9,0,0,33946.759999999995,43504.0675,41221.6415625
2023-09-25 06:00:00+02:00,52532.9025,49145.270000000004,9.25,93.78405,8.714677,6,0,9,0,0,35173.119999999995,52023.9425,41616.36375
2023-09-25 07:00:00+02:00,57760.1025,52747.2625,9.1,94.41542,7.928177,7,0,9,0,0,37050.255,57257.84,42339.68802083333
2023-09-25 08:00:00+02:00,60418.49,55167.965,10.35,91.65143,10.514218,8,0,9,0,0,40078.2,60374.795,43202.598333333335
2023-09-25 09:00:00+02:00,61145.1725,56643.6075,12.6,84.46546,9.693296,9,0,9,0,0,43322.19,61353.81,44050.11041666666
2023-09-25 10:00:00+02:00,61087.270000000004,58427.265,15.0,75.47872,10.685391,10,0,9,0,0,45019.4975,63078.3525,44792.73468749999
2023-09-25 11:00:00+02:00,60595.155,59555.555,17.2,67.362335,11.592894,11,0,9,0,0,46242.555,64394.695,45462.22520833334
2023-09-25 12:00:00+02:00,59026.6425,59778.4925,18.9,60.53728,12.229406,12,0,9,0,0,45418.957500000004,62954.765,46060.25020833333
2023-09-25 13:00:00+02:00,57590.8975,59314.635,20.1,55.445923,12.229406,13,0,9,0,0,43276.6625,61614.3875,46627.23708333333
2023-09-25 14:00:00+02:00,56463.475,58087.085,21.1,48.605717,14.021525,14,0,9,0,0,41553.0875,60340.6,47223.66354166667
2023-09-25 15:00:00+02:00,55789.1575,56995.455,21.2,49.950253,13.896187,15,0,9,0,0,41209.9325,59643.515,47844.9296875
2023-09-25 16:00:00+02:00,55472.61,55404.375,21.4,50.50566,14.113652,16,0,9,0,0,41541.3175,59485.667499999996,48452.39739583334
2023-09-25 17:00:00+02:00,56307.195,55304.975,21.45,50.855938,13.276144,17,0,9,0,0,43198.7725,59909.225,49032.86791666666
2023-09-25 18:00:00+02:00,57566.885,55189.91,20.55,56.113678,13.392774,18,0,9,0,0,45284.2725,59777.195,49579.0521875
2023-09-25 19:00:00+02:00,59036.295,55143.61,18.4,65.85309,10.1887,19,0,9,0,0,46896.525,59831.085,50090.82770833333
2023-09-25 20:00:00+02:00,57101.455,53456.045,16.95,74.07858,9.028754,20,0,9,0,0,45890.2425,58491.835,50596.651458333334
2023-09-25 21:00:00+02:00,53068.57,48770.274999999994,16.2,78.464165,10.163227,21,0,9,0,0,43486.75,54583.590000000004,51063.7853125
2023-09-25 22:00:00+02:00,49164.494999999995,45023.17,15.8,81.28931,10.163227,22,0,9,0,0,41697.6375,51383.74,51463.0278125
2023-09-25 23:00:00+02:00,45643.0625,42176.0325,15.25,85.036476,8.766573,23,0,9,0,0,39632.2125,47505.792499999996,51774.146875
2023-09-26 00:00:00+02:00,43050.16,40096.119999999995,14.65,89.25611,7.5942082,0,1,9,0,0,38057.355,44323.8275,52024.598958333336
2023-09-26 01:00:00+02:00,41520.07,38781.9825,14.15,91.58656,6.696387,1,1,9,0,0,37252.380000000005,41948.8925,52232.63250000001
2023-09-26 02:00:00+02:00,40573.24,38645.5175,13.85,93.99829,6.297428,2,1,9,0,0,37116.0375,41668.854999999996,52410.45291666666
2023-09-26 03:00:00+02:00,41118.2825,39544.6425,12.05,97.39716,7.9036193,3,1,9,0,0,37713.51,41736.912500000006,52554.50302083333
2023-09-26 04:00:00+02:00,41826.1475,41008.0275,11.7,98.36169,6.379216,4,1,9,0,0,39261.167499999996,42738.3025,52696.36854166668
2023-09-26 05:00:00+02:00,45452.0875,44073.8025,12.2,97.721886,7.69592,5,1,9,0,0,43420.0925,45924.19,52803.24270833333
2023-09-26 06:00:00+02:00,53727.0175,51046.66,12.15,98.367424,8.089993,6,1,9,0,0,52532.9025,52797.7275,52887.90916666667
2023-09-26 07:00:00+02:00,57985.875,54529.88,11.9,99.67095,7.9036193,7,1,9,0,0,57760.1025,57424.6125,52937.66395833334
2023-09-26 08:00:00+02:00,60075.3575,56671.1075,12.65,99.02143,8.225035,8,1,9,0,0,60418.49,59645.725,52947.07114583333
2023-09-26 09:00:00+02:00,60854.39,58124.8525,14.45,93.41519,6.6185193,9,1,9,0,0,61145.1725,60226.41,52932.77395833333
2023-09-26 10:00:00+02:00,60223.832500000004,59634.9,16.65,86.01657,7.491114,10,1,9,0,0,61087.270000000004,61376.285,52920.65802083333
2023-09-26 11:00:00+02:00,60319.65,60692.92,18.95,78.10878,7.145796,11,1,9,0,0,60595.155,61507.45,52884.68145833334
2023-09-26 12:00:00+02:00,58947.3,60893.72,20.9,69.44408,8.161764,12,1,9,0,0,59026.6425,60811.0025,52873.20208333334
2023-09-26 13:00:00+02:00,57564.634999999995,60374.5025,22.2,61.106922,9.1641035,13,1,9,0,0,57590.8975,58540.917499999996,52869.896145833336
2023-09-26 14:00:00+02:00,57031.67,58850.2575,23.0,55.808563,8.404285,14,1,9,0,0,56463.475,57145.5175,52868.801875000005
2023-09-26 15:00:00+02:00,56948.395000000004,57509.25,23.55,57.0407,8.404285,15,1,9,0,0,55789.1575,56739.0225,52892.47666666666
2023-09-26 16:00:00+02:00,56596.1675,56156.0025,23.95,56.407005,9.693296,16,1,9,0,0,55472.61,56879.2525,52940.778229166666
2023-09-26 17:00:00+02:00,57807.417499999996,56013.7225,24.0,55.51692,9.659814,17,1,9,0,0,56307.195,57883.8625,52987.59312500001
2023-09-26 18:00:00+02:00,58830.9775,56057.15,23.15,59.576145,7.9932966,18,1,9,0,0,57566.885,57323.274999999994,53050.10239583333
2023-09-26 19:00:00+02:00,60196.5125,55923.435,21.15,68.16624,9.504273,19,1,9,0,0,59036.295,58714.0425,53102.77291666667
2023-09-26 20:00:00+02:00,57974.7575,54143.6275,19.95,73.87397,8.473393,20,1,9,0,0,57101.455,56997.69,53151.115312500006
2023-09-26 21:00:00+02:00,54247.2775,49556.1675,19.15,78.138466,12.224107,21,1,9,0,0,53068.57,53288.115,53187.50291666667
2023-09-26 22:00:00+02:00,50408.9325,45697.39,19.25,81.733284,12.72283,22,1,9,0,0,49164.494999999995,49296.4625,53236.61572916666
2023-09-26 23:00:00+02:00,46494.0725,42909.2025,18.45,87.8587,10.883676,23,1,9,0,0,45643.0625,45842.22,53288.46729166667
2023-09-27 00:00:00+02:00,43580.235,42307.0225,17.7,91.80508,10.44,0,2,9,0,0,43050.16,43463.345,53323.92604166667
2023-09-27 01:00:00+02:00,42244.5325,41585.66,17.05,93.84112,8.373386,1,2,9,0,0,41520.07,41969.4575,53346.012500000004
2023-09-27 02:00:00+02:00,41257.9525,41499.4875,15.85,95.613205,5.937272,2,2,9,0,0,40573.24,40907.9925,53376.19843750001
2023-09-27 03:00:00+02:00,41285.2125,42214.145000000004,13.7,98.06706,9.3669195,3,2,9,0,0,41118.2825,41266.4225,53404.728125
2023-09-27 04:00:00+02:00,42659.925,43774.2525,13.2,99.02562,8.209263,4,2,9,0,0,41826.1475,42059.8525,53411.68354166666
2023-09-27 05:00:00+02:00,45910.53,46834.6,12.8,99.34744,6.130579,5,2,9,0,0,45452.0875,45329.395000000004,53446.424270833326
2023-09-27 06:00:00+02:00,53975.71,53556.105,12.3,98.69357,7.928178,6,2,9,0,0,53727.0175,52428.17,53465.526041666664
2023-09-27 07:00:00+02:00,58531.1525,55739.35,12.3,99.671974,7.2,7,2,9,0,0,57985.875,57132.7125,53475.88822916666
2023-09-27 08:00:00+02:00,60622.365,57477.8125,13.2,99.34948,6.12,8,2,9,0,0,60075.3575,60052.020000000004,53498.608125
2023-09-27 09:00:00+02:00,61321.325,58452.5225,15.1,95.897575,2.8799999,9,2,9,0,0,60854.39,60885.3,53521.40010416667
2023-09-27 10:00:00+02:00,61058.5625,59243.665,18.2,85.07539,3.319036,10,2,9,0,0,60223.832500000004,61003.84,53540.85572916666
2023-09-27 11:00:00+02:00,60678.11,59882.3425,20.9,74.0364,1.2979984,11,2,9,0,0,60319.65,61367.18,53575.63614583333
2023-09-27 12:00:00+02:00,60005.38,59775.6575,22.95,63.07459,2.6208394,12,2,9,0,0,58947.3,60399.087499999994,53590.57197916667
2023-09-27 13:00:00+02:00,58598.95,59166.1025,24.3,56.67493,8.39657,13,2,9,0,0,57564.634999999995,59626.265,53634.658645833326
2023-09-27 14:00:00+02:00,57495.7025,57932.37,25.4,49.43643,5.3517847,14,2,9,0,0,57031.67,58001.535,53677.75510416666
2023-09-27 15:00:00+02:00,57011.0525,57256.125,25.85,49.87656,4.072935,15,2,9,0,0,56948.395000000004,56706.305,53697.089791666665
2023-09-27 16:00:00+02:00,56442.1425,56075.35,25.9,51.853905,4.6800003,16,2,9,0,0,56596.1675,56186.0625,53699.700520833336
2023-09-27 17:00:00+02:00,58056.04,56579.18,25.6,54.503193,5.771239,17,2,9,0,0,57807.417499999996,56300.97,53693.2828125
2023-09-27 18:00:00+02:00,58981.4775,57079.5075,24.2,63.955753,5.0528407,18,2,9,0,0,58830.9775,57888.78,53703.64208333333
2023-09-27 19:00:00+02:00,60589.322499999995,57401.535,21.4,74.59361,6.849467,19,2,9,0,0,60196.5125,59190.07,53709.91291666666
2023-09-27 20:00:00+02:00,58409.1975,55513.38,20.65,75.66532,7.771331,20,2,9,0,0,57974.7575,57583.9825,53726.28
2023-09-27 21:00:00+02:00,54376.649999999994,51871.915,19.95,75.79437,9.793058,21,2,9,0,0,54247.2775,53964.06,53744.38166666666
2023-09-27 22:00:00+02:00,49894.99,47978.43,19.55,75.97347,12.57426,22,2,9,0,0,50408.9325,49349.06,53749.772187500006
2023-09-27 23:00:00+02:00,46130.3075,44615.785,18.6,77.55485,11.592894,23,2,9,0,0,46494.0725,45799.78,53728.35791666667
2023-09-28 00:00:00+02:00,44053.9075,43156.055,17.6,77.15092,11.720751,0,3,9,0,0,43580.235,43997.9475,53713.20104166667
2023-09-28 01:00:00+02:00,42857.3225,41560.9375,17.0,75.312454,11.212135,1,3,9,0,0,42244.5325,42624.7525,53732.93739583332
2023-09-28 02:00:00+02:00,41585.49,40801.03,16.8,76.52379,12.229406,2,3,9,0,0,41257.9525,41890.395000000004,53758.470312499994
2023-09-28 03:00:00+02:00,41622.625,41305.957500000004,15.75,80.48673,11.298495,3,3,9,0,0,41285.2125,42076.415,53772.11770833333
2023-09-28 04:00:00+02:00,42628.6525,42722.385,15.25,81.7533,10.24578,4,3,9,0,0,42659.925,42843.595,53786.17656249999
2023-09-28 05:00:00+02:00,46528.005000000005,46211.0175,15.0,81.99087,10.24578,5,3,9,0,0,45910.53,46106.707500000004,53784.87354166667
2023-09-28 06:00:00+02:00,54489.8725,53125.057499999995,14.8,83.327446,10.308831,6,3,9,0,0,53975.71,53554.7175,53810.60166666666
2023-09-28 07:00:00+02:00,59359.354999999996,57406.895,14.5,87.506485,9.0645685,7,3,9,0,0,58531.1525,58312.832500000004,53832.02510416667
2023-09-28 08:00:00+02:00,61498.104999999996,60013.0475,15.45,87.02362,10.239453,8,3,9,0,0,60622.365,60320.5225,53866.533541666664
2023-09-28 09:00:00+02:00,61873.6125,61212.994999999995,17.6,81.259796,9.346143,9,3,9,0,0,61321.325,61466.4825,53903.02270833333
2023-09-28 10:00:00+02:00,62392.5875,61869.985,19.75,75.27741,10.105681,10,3,9,0,0,61058.5625,62710.67,53926.0346875
2023-09-28 11:00:00+02:00,62225.935,62064.62,21.8,69.39613,10.829958,11,3,9,0,0,60678.11,63275.4075,53981.619062499994
2023-09-28 12:00:00+02:00,61114.9675,61499.335,23.25,64.56738,10.086427,12,3,9,0,0,60005.38,62769.6275,54046.111770833326
2023-09-28 13:00:00+02:00,59754.0475,60812.4475,24.45,58.744987,7.7879906,13,3,9,0,0,58598.95,62210.795,54092.34458333333
2023-09-28 14:00:00+02:00,58735.384999999995,59512.28,25.4,51.226482,9.360001,14,3,9,0,0,57495.7025,60592.979999999996,54140.47364583334
2023-09-28 15:00:00+02:00,57830.3975,59075.91,25.6,49.810585,8.217153,15,3,9,0,0,57011.0525,60381.572499999995,54192.12708333333
2023-09-28 16:00:00+02:00,57236.8925,58506.12,25.7,48.879215,7.289444,16,3,9,0,0,56442.1425,59702.807499999995,54226.26645833333
2023-09-28 17:00:00+02:00,59007.6325,58527.8925,25.35,49.583603,7.5942082,17,3,9,0,0,58056.04,59764.97,54259.38104166666
2023-09-28 18:00:00+02:00,59587.1325,58569.86,23.4,66.473816,5.1919937,18,3,9,0,0,58981.4775,59047.295,54299.03072916667
2023-09-28 19:00:00+02:00,60957.0225,58866.7575,22.55,60.794037,6.12,19,3,9,0,0,60589.322499999995,60868.8875,54324.26635416667
2023-09-28 20:00:00+02:00,58208.0725,56585.3575,22.35,60.551678,4.198285,20,3,9,0,0,58409.1975,59780.52,54339.5871875
2023-09-28 21:00:00+02:00,54335.565,52687.04,21.35,64.36346,2.0364676,21,3,9,0,0,54376.649999999994,55742.6,54331.206979166665
2023-09-28 22:00:00+02:00,49851.395,49042.375,18.75,76.090164,4.39436,22,3,9,0,0,49894.99,50974.7575,54329.49510416666
2023-09-28 23:00:00+02:00,46113.385,45028.545,16.75,85.47213,6.297428,23,3,9,0,0,46130.3075,46566.75,54327.67864583333
2023-09-29 00:00:00+02:00,43274.275,42634.707500000004,15.9,89.354195,6.4096174,0,4,9,0,0,44053.9075,44171.6725,54326.973541666666
2023-09-29 01:00:00+02:00,41626.625,41013.695,15.65,89.62492,5.692099,1,4,9,0,0,42857.3225,42976.332500000004,54294.488854166666
2023-09-29 02:00:00+02:00,40757.42,40539.22,15.2,91.35504,6.3690495,2,4,9,0,0,41585.49,42349.3725,54243.209791666675
2023-09-29 03:00:00+02:00,40979.5675,41128.729999999996,14.65,91.61786,7.4128532,3,4,9,0,0,41622.625,42238.4225,54208.706875
2023-09-29 04:00:00+02:00,42370.775,42705.7825,14.45,91.30674,7.072878,4,4,9,0,0,42628.6525,43125.625,54181.9128125
2023-09-29 05:00:00+02:00,45752.5275,45875.325,14.4,90.117165,7.5942073,5,4,9,0,0,46528.005000000005,45530.295,54171.167916666665
2023-09-29 06:00:00+02:00,53276.915,52508.3725,14.15,89.803894,7.928178,6,4,9,0,0,54489.8725,52764.2725,54138.856354166666
2023-09-29 07:00:00+02:00,58318.6075,56445.6475,13.9,89.78503,9.028754,7,4,9,0,0,59359.354999999996,57727.417499999996,54088.316458333335
2023-09-29 08:00:00+02:00,61082.9325,59057.035,14.8,86.67785,10.041354,8,4,9,0,0,61498.104999999996,60425.7625,54044.95197916666
2023-09-29 09:00:00+02:00,61158.99,60544.479999999996,16.85,81.691124,9.028754,9,4,9,0,0,61873.6125,61561.9375,54027.653125000004
2023-09-29 10:00:00+02:00,61696.505000000005,61288.695,19.35,74.72859,9.178235,10,4,9,0,0,62392.5875,62060.479999999996,53997.8771875
2023-09-29 11:00:00+02:00,61867.729999999996,61783.75,21.35,68.64539,9.449572,11,4,9,0,0,62225.935,62412.9275,53968.873750000006
2023-09-29 12:00:00+02:00,60951.58,61349.4275,22.0,65.759964,9.957108,12,4,9,0,0,61114.9675,62262.445,53953.94854166667
2023-09-29 13:00:00+02:00,58704.1975,60294.942500000005,22.05,65.770515,10.464797,13,4,9,0,0,59754.0475,60618.7775,53947.14072916666
2023-09-29 14:00:00+02:00,56906.81,58781.84,21.8,70.28747,7.2805495,14,4,9,0,0,58735.384999999995,57688.17,53903.39697916666
2023-09-29 15:00:00+02:00,56962.6575,58072.5325,23.35,63.77074,10.1376915,15,4,9,0,0,57830.3975,56913.3975,53827.206354166665
2023-09-29 16:00:00+02:00,57141.8925,57411.4325,22.3,69.714096,8.854829,16,4,9,0,0,57236.8925,55631.22,53791.05052083333
2023-09-29 17:00:00+02:00,57851.707500000004,57396.4975,21.05,80.42429,5.1165614,17,4,9,0,0,59007.6325,56119.4475,53787.092187500006
2023-09-29 18:00:00+02:00,58182.1975,57478.62,20.9,81.68251,8.161764,18,4,9,0,0,59587.1325,56019.1775,53738.92864583334
2023-09-29 19:00:00+02:00,59275.854999999996,57843.4775,19.85,82.330055,10.587918,19,4,9,0,0,60957.0225,56031.52,53680.3896875
2023-09-29 20:00:00+02:00,56235.1075,54944.185,19.85,78.492,11.252519,20,4,9,0,0,58208.0725,53364.7,53610.34104166667
2023-09-29 21:00:00+02:00,52675.665,51243.965,19.7,75.997505,14.565548,21,4,9,0,0,54335.565,50659.43,53528.13416666666
2023-09-29 22:00:00+02:00,49161.8375,47296.18,18.75,85.67757,12.57426,22,4,9,0,0,49851.395,46318.3975,53458.97166666667
2023-09-29 23:00:00+02:00,45883.68,43596.3825,18.1,90.3822,16.394829,23,4,9,0,0,46113.385,42904.7375,53430.24010416667
2023-09-30 00:00:00+02:00,43109.69,39747.2225,17.8,91.22868,17.283749,0,5,9,1,0,43274.275,40630.595,53420.669062500005
2023-09-30 01:00:00+02:00,40720.1025,38362.595,17.8,90.93867,23.110205,1,5,9,1,0,41626.625,38878.54,53413.811354166675
2023-09-30 02:00:00+02:00,39464.76,37211.630000000005,16.85,85.4825,23.199759,2,5,9,1,0,40757.42,37866.41,53376.03958333334
2023-09-30 03:00:00+02:00,38866.97,36847.055,15.3,84.76397,19.878391,3,5,9,1,0,40979.5675,37034.2925,53322.17875
2023-09-30 04:00:00+02:00,38786.762500000004,36993.795,13.65,88.2989,18.218275,4,5,9,1,0,42370.775,36646.3975,53234.153854166674
2023-09-30 05:00:00+02:00,39754.195,37916.955,12.85,91.80731,15.7908325,5,5,9,1,0,45752.5275,37555.4325,53084.82
2023-09-30 06:00:00+02:00,41753.8875,39255.287500000006,12.5,94.55919,13.358861,6,5,9,1,0,53276.915,40271.25,52834.889479166675
2023-09-30 07:00:00+02:00,44376.2125,40889.9625,12.2,95.80571,12.6462,7,5,9,1,0,58318.6075,42554.6125,52354.763333333336
2023-09-30 08:00:00+02:00,47647.325,43740.542499999996,12.4,94.86795,13.32,8,5,9,1,0,61082.9325,45955.0975,51773.83020833333
2023-09-30 09:00:00+02:00,49972.524999999994,46956.6275,13.6,88.87913,13.039754,9,5,9,1,0,61158.99,48973.59,51214.013229166674
2023-09-30 10:00:00+02:00,51020.340000000004,48769.1925,14.85,81.97181,15.158522,10,5,9,1,0,61696.505000000005,49955.065,50747.910520833335
2023-09-30 11:00:00+02:00,51291.36,48985.225,15.75,77.626396,15.517629,11,5,9,1,0,61867.729999999996,50582.355,50303.0703125
2023-09-30 12:00:00+02:00,49825.25,48344.375,17.5,68.77447,17.313717,12,5,9,1,0,60951.58,49904.0625,49862.38822916666
2023-09-30 13:00:00+02:00,47979.035,47002.93,18.7,59.69117,19.416653,13,5,9,1,0,58704.1975,48721.292499999996,49398.79114583333
2023-09-30 14:00:00+02:00,46568.35,45863.445,18.85,57.387012,18.64369,14,5,9,1,0,56906.81,47532.1325,48951.90937500001
2023-09-30 15:00:00+02:00,46278.8175,45462.9925,19.1,53.013702,18.0036,15,5,9,1,0,56962.6575,46616.51,48521.14020833333
2023-09-30 16:00:00+02:00,46343.555,44619.2375,19.25,51.296745,18.35647,16,5,9,1,0,57141.8925,46479.97,48075.98020833334
2023-09-30 17:00:00+02:00,47585.9375,45208.8475,18.8,51.35017,17.163355,17,5,9,1,0,57851.707500000004,47530.8275,47626.049479166664
2023-09-30 18:00:00+02:00,49326.27,46279.005000000005,17.9,55.257015,13.084402,18,5,9,1,0,58182.1975,48809.8275,47198.3090625
2023-09-30 19:00:00+02:00,50130.425,46918.11,16.15,61.94264,9.028754,19,5,9,1,0,59275.854999999996,49445.735,46829.31208333333
2023-09-30 20:00:00+02:00,47924.47,44941.7675,14.7,70.07121,7.968939,20,5,9,1,0,56235.1075,47865.1125,46448.2525
2023-09-30 21:00:00+02:00,45170.7325,42274.8675,14.2,72.37176,9.565437,21,5,9,1,0,52675.665,44746.84,46101.97593750001
2023-09-30 22:00:00+02:00,42358.6075,40082.542499999996,13.7,75.009056,10.041354,22,5,9,1,0,49161.8375,42490.165,45789.270416666666
2023-09-30 23:00:00+02:00,39330.29,37436.7175,13.25,77.49903,9.531505,23,5,9,1,0,45883.68,39794.9225,45505.8025
2023-10-01 00:00:00+02:00,37245.582500000004,35435.375,13.85,74.032455,9.3876505,0,6,10,1,0,43109.69,37468.625,45232.74458333334
2023-10-01 01:00:00+02:00,35558.270000000004,34167.0225,14.05,73.07832,9.178235,1,6,10,1,0,40720.1025,35656.47,44988.40677083333
2023-10-01 02:00:00+02:00,34182.97,33385.585,13.6,78.59919,7.754637,2,6,10,1,0,39464.76,34245.285,44773.33041666667
2023-10-01 03:00:00+02:00,33776.4525,33253.2725,13.0,82.008316,8.39657,3,6,10,1,0,38866.97,33637.235,44553.255833333336
2023-10-01 04:00:00+02:00,33864.365,33495.21,12.9,83.37817,9.220499,4,6,10,1,0,38786.762500000004,33538.215,44341.1509375
2023-10-01 05:00:00+02:00,34604.012500000004,34062.0525,13.35,81.77966,9.826088,5,6,10,1,0,39754.195,33946.759999999995,44136.05104166667
2023-10-01 06:00:00+02:00,35765.2,34919.62,13.65,79.66462,10.630672,6,6,10,1,0,41753.8875,35173.119999999995,43921.46010416667
2023-10-01 07:00:00+02:00,37514.6,36552.4525,13.8,78.10503,10.990322,7,6,10,1,0,44376.2125,37050.255,43671.93145833333
2023-10-01 08:00:00+02:00,40691.292499999996,39412.165,14.15,76.60796,10.495713,8,6,10,1,0,47647.325,40078.2,43386.0309375
2023-10-01 09:00:00+02:00,43428.582500000004,42719.259999999995,14.95,74.96959,9.793059,9,6,10,1,0,49972.524999999994,43322.19,43096.19625
2023-10-01 10:00:00+02:00,45342.015,44707.1025,16.1,70.10947,12.641076,10,6,10,1,0,51020.340000000004,45019.4975,42823.53197916666
2023-10-01 11:00:00+02:00,47025.2975,46379.67,17.2,66.47401,13.5515,11,6,10,1,0,51291.36,46242.555,42586.93510416667
2023-10-01 12:00:00+02:00,46320.345,46408.0525,18.6,60.265827,14.561099,12,6,10,1,0,49825.25,45418.957500000004,42409.1825
2023-10-01 13:00:00+02:00,44347.035,45663.619999999995,19.25,56.160397,15.745627,13,6,10,1,0,47979.035,43276.6625,42263.14479166667
2023-10-01 14:00:00+02:00,42672.9875,44322.682499999995,19.8,52.841602,14.689589,14,6,10,1,0,46568.35,41553.0875,42111.81145833333
2023-10-01 15:00:00+02:00,42394.1875,42813.3675,19.9,51.990025,15.596767,15,6,10,1,0,46278.8175,41209.9325,41949.504687500004
2023-10-01 16:00:00+02:00,41836.925,42523.565,19.15,54.106094,16.516901,16,6,10,1,0,46343.555,41541.3175,41787.645104166666
2023-10-01 17:00:00+02:00,43698.5725,43057.8375,18.75,56.22246,16.179985,17,6,10,1,0,47585.9375,43198.7725,41599.86885416667
2023-10-01 18:00:00+02:00,46322.0275,45069.535,17.95,61.943855,14.145756,18,6,10,1,0,49326.27,45284.2725,41437.8953125
2023-10-01 19:00:00+02:00,47947.0725,46325.787500000006,16.1,75.41118,9.107359,19,6,10,1,0,50130.425,46896.525,41312.71854166667
2023-10-01 20:00:00+02:00,46275.1725,45276.5725,15.9,78.93706,5.0142193,20,6,10,1,0,47924.47,45890.2425,41221.745520833334
2023-10-01 21:00:00+02:00,44042.6325,43276.18,16.1,78.449356,9.107359,21,6,10,1,0,45170.7325,43486.75,41153.02479166667
2023-10-01 22:00:00+02:00,41910.1075,41706.425,16.45,75.46906,11.4862,22,6,10,1,0,42358.6075,41697.6375,41106.020625
2023-10-01 23:00:00+02:00,39445.795,39336.345,16.3,76.44416,10.739832,23,6,10,1,0,39330.29,39632.2125,41087.333125
2023-10-02 00:00:00+02:00,37075.36,37656.2025,16.1,76.41218,10.948973,0,0,10,0,0,37245.582500000004,38057.355,41092.145833333336
2023-10-02 01:00:00+02:00,36095.6975,36321.2375,15.85,76.877754,9.931042,1,0,10,0,0,35558.270000000004,37252.380000000005,41085.05322916667
2023-10-02 02:00:00+02:00,35651.119999999995,36101.4875,16.2,77.44027,8.942214,2,0,10,0,0,34182.97,37116.0375,41107.44604166667
2023-10-02 03:00:00+02:00,35832.945,37099.88,14.7,85.81909,7.289445,3,0,10,0,0,33776.4525,37713.51,41168.61895833333
2023-10-02 04:00:00+02:00,36247.744999999995,38952.69,14.1,89.50589,6.9153743,4,0,10,0,0,33864.365,39261.167499999996,41254.30614583333
2023-10-02 05:00:00+02:00,39548.04,42199.89,13.35,91.83797,6.3690495,5,0,10,0,0,34604.012500000004,43420.0925,41353.613645833335
2023-10-02 06:00:00+02:00,45232.0175,48932.4425,13.3,92.13775,7.289445,6,0,10,0,0,35765.2,52532.9025,41559.61479166667
2023-10-02 07:00:00+02:00,49058.905,52819.6575,13.1,92.12593,7.729527,7,0,10,0,0,37514.6,57760.1025,41954.065520833334
2023-10-02 08:00:00+02:00,51923.895000000004,55375.02250000001,13.85,88.60739,9.227524,8,0,10,0,0,40691.292499999996,60418.49,42435.07822916667
2023-10-02 09:00:00+02:00,53706.7825,56631.1325,15.45,83.404236,9.605998,9,0,10,0,0,43428.582500000004,61145.1725,42903.10333333334
2023-10-02 10:00:00+02:00,54703.7125,57402.555,17.55,76.39327,8.891344,10,0,10,0,0,45342.015,61087.270000000004,43331.36166666667
2023-10-02 11:00:00+02:00,54948.582500000004,58242.825,19.75,70.350235,8.699793,11,0,10,0,0,47025.2975,60595.155,43721.43239583333
2023-10-02 12:00:00+02:00,55194.7425,57888.895000000004,21.05,66.41166,9.085988,12,0,10,0,0,46320.345,59026.6425,44051.56927083334
2023-10-02 13:00:00+02:00,54185.5925,57042.16,22.15,62.896683,9.178235,13,0,10,0,0,44347.035,57590.8975,44421.33583333334
2023-10-02 14:00:00+02:00,53294.415,55930.4925,24.35,55.0693,11.246759,14,0,10,0,0,42672.9875,56463.475,44831.275729166664
2023-10-02 15:00:00+02:00,51969.785,55388.55,24.6,53.72907,11.988594,15,0,10,0,0,42394.1875,55789.1575,45273.83520833333
2023-10-02 16:00:00+02:00,51362.979999999996,54526.0875,24.55,53.71637,11.885453,16,0,10,0,0,41836.925,55472.61,45672.818437500006
2023-10-02 17:00:00+02:00,52420.8375,54954.94,24.25,55.579155,10.144082,17,0,10,0,0,43698.5725,56307.195,46069.737395833334
2023-10-02 18:00:00+02:00,53817.9925,55543.135,22.2,66.86375,5.95906,18,0,10,0,0,46322.0275,57566.885,46433.16510416666
2023-10-02 19:00:00+02:00,54835.9925,55766.475000000006,19.25,77.40429,8.942214,19,0,10,0,0,47947.0725,59036.295,46745.496979166666
2023-10-02 20:00:00+02:00,51775.677500000005,53789.7,19.5,76.45498,6.0347,20,0,10,0,0,46275.1725,57101.455,47032.535312500004
2023-10-02 21:00:00+02:00,48349.34,50360.65,18.85,78.59796,7.2359104,21,0,10,0,0,44042.6325,53068.57,47261.723020833335
2023-10-02 22:00:00+02:00,45341.415,45602.2925,18.4,76.528015,9.531505,22,0,10,0,0,41910.1075,49164.494999999995,47441.16916666666
2023-10-02 23:00:00+02:00,42073.04,42536.494999999995,18.3,73.588524,10.24578,23,0,10,0,0,39445.795,45643.0625,47584.1403125
2023-10-03 00:00:00+02:00,38211.0875,40076.035,17.4,76.86903,8.225035,0,1,10,0,1,37075.36,43050.16,47693.60885416667
2023-10-03 01:00:00+02:00,35997.365,38384.962499999994,16.55,80.85832,7.289444,1,1,10,0,1,36095.6975,41520.07,47740.930833333325
2023-10-03 02:00:00+02:00,35052.1175,37617.0275,15.7,85.36259,7.5685663,2,1,10,0,1,35651.119999999995,40573.24,47736.83364583333
2023-10-03 03:00:00+02:00,35262.9925,37407.74,14.8,88.1085,9.114471,3,1,10,0,1,35832.945,41118.2825,47711.87520833334
2023-10-03 04:00:00+02:00,36397.5825,37132.432499999995,14.45,88.65748,10.739833,4,1,10,0,1,36247.744999999995,41826.1475,47688.1271875
2023-10-03 05:00:00+02:00,37519.520000000004,37792.354999999996,14.4,86.92441,13.084402,5,1,10,0,1,39548.04,45452.0875,47694.37041666667
2023-10-03 06:00:00+02:00,39205.962499999994,38801.1475,14.5,84.95572,15.137133,6,1,10,0,1,45232.0175,53727.0175,47609.848750000005
2023-10-03 07:00:00+02:00,41426.3825,39731.06,15.3,82.02891,17.518356,7,1,10,0,1,49058.905,57985.875,47358.763125
2023-10-03 08:00:00+02:00,45419.71,42399.3575,16.05,78.44197,18.751125,8,1,10,0,1,51923.895000000004,60075.3575,47040.74135416667
2023-10-03 09:00:00+02:00,48476.965,46122.667499999996,17.7,72.05442,19.48661,9,1,10,0,1,53706.7825,60854.39,46769.73364583333
2023-10-03 10:00:00+02:00,51113.845,48296.495,19.6,68.07515,17.414476,10,1,10,0,1,54703.7125,60223.832500000004,46551.824583333335
2023-10-03 11:00:00+02:00,52952.235,49943.2175,21.05,62.24406,18.0,11,1,10,0,1,54948.582500000004,60319.65,46402.246770833335
2023-10-03 12:00:00+02:00,52284.325,49813.145000000004,23.5,53.797234,23.277834,12,1,10,0,1,55194.7425,58947.3,46319.065624999996
2023-10-03 13:00:00+02:00,50570.9025,48217.770000000004,24.35,49.317898,27.459293,13,1,10,0,1,54185.5925,57564.634999999995,46197.79822916666
2023-10-03 14:00:00+02:00,48811.795,47030.4675,24.05,52.726875,26.867676,14,1,10,0,1,53294.415,57031.67,46047.18614583334
2023-10-03 15:00:00+02:00,47555.6125,45969.075,23.35,56.077038,25.944988,15,1,10,0,1,51969.785,56948.395000000004,45860.410312500004
2023-10-03 16:00:00+02:00,47521.78,45382.8,23.0,58.022327,25.12016,16,1,10,0,1,51362.979999999996,56596.1675,45676.486458333326
2023-10-03 17:00:00+02:00,49218.4825,46065.96,22.3,59.761326,25.849905,17,1,10,0,1,52420.8375,57807.417499999996,45516.43645833334
2023-10-03 18:00:00+02:00,50159.65,47776.345,18.05,87.54381,21.602999,18,1,10,0,1,53817.9925,58830.9775,45383.005000000005
2023-10-03 19:00:00+02:00,49760.57,48654.8425,17.05,91.47253,22.608458,19,1,10,0,1,54835.9925,60196.5125,45230.574062499996
2023-10-03 20:00:00+02:00,47669.0725,46731.3725,16.0,90.23305,21.862406,20,1,10,0,1,51775.677500000005,57974.7575,45019.098125
2023-10-03 21:00:00+02:00,45529.635,44677.4525,15.1,86.99067,25.338476,21,1,10,0,1,48349.34,54247.2775,44847.989583333336
2023-10-03 22:00:00+02:00,44405.5,44540.5125,14.35,85.50115,26.999998,22,1,10,0,1,45341.415,50408.9325,44730.501874999994
2023-10-03 23:00:00+02:00,41916.8825,42322.71,13.6,85.705894,25.86494,23,1,10,0,1,42073.04,46494.0725,44691.505416666674
2023-10-04 00:00:00+02:00,40075.4725,41177.985,12.8,88.51897,23.759998,0,2,10,0,0,38211.0875,43580.235,44684.99885416666
2023-10-04 01:00:00+02:00,38944.7975,40415.765,12.2,88.467995,23.576563,1,2,10,0,0,35997.365,42244.5325,44762.681562499994
2023-10-04 02:00:00+02:00,37675.3625,40088.34,12.3,85.85719,24.36591,2,2,10,0,0,35052.1175,41257.9525,44885.49125
2023-10-04 03:00:00+02:00,38076.7625,40628.57,12.3,86.7226,22.702845,3,2,10,0,0,35262.9925,41285.2125,44994.793125
2023-10-04 04:00:00+02:00,39771.5125,42530.37,12.1,86.41342,21.862406,4,2,10,0,0,36397.5825,42659.925,45112.033541666664
2023-10-04 05:00:00+02:00,43855.9725,45869.832500000004,12.15,84.41489,22.35481,5,2,10,0,0,37519.520000000004,45910.53,45252.61395833333
2023-10-04 06:00:00+02:00,53157.45,52046.0725,12.15,82.73031,22.55106,6,2,10,0,0,39205.962499999994,53975.71,45516.6328125
2023-10-04 07:00:00+02:00,58396.85,55768.917499999996,12.15,81.349236,22.768398,7,2,10,0,0,41426.3825,58531.1525,46097.94479166667
2023-10-04 08:00:00+02:00,60951.695,58407.759999999995,12.5,79.23275,23.452555,8,2,10,0,0,45419.71,60622.365,46805.04760416667
2023-10-04 09:00:00+02:00,62444.7875,60066.6125,13.7,73.75737,24.993439,9,2,10,0,0,48476.965,61321.325,47452.21364583333
2023-10-04 10:00:00+02:00,61564.055,60597.1725,14.6,70.76225,24.72495,10,2,10,0,0,51113.845,61058.5625,48034.206249999996
2023-10-04 11:00:00+02:00,61662.1525,61038.455,15.65,65.480255,30.960001,11,2,10,0,0,52952.235,60678.11,48469.63166666666
2023-10-04 12:00:00+02:00,60770.3,60175.3725,16.75,59.22152,28.460497,12,2,10,0,0,52284.325,60005.38,48832.544895833336
2023-10-04 13:00:00+02:00,59747.7425,59352.97,17.3,56.045116,27.722336,13,2,10,0,0,50570.9025,58598.95,49186.1271875
2023-10-04 14:00:00+02:00,59132.5575,58081.1175,15.85,67.08126,20.898611,14,2,10,0,0,48811.795,57495.7025,49568.495520833334
2023-10-04 15:00:00+02:00,58359.9475,57141.23,16.5,60.373203,23.266697,15,2,10,0,0,47555.6125,57011.0525,49998.52729166666
2023-10-04 16:00:00+02:00,58330.415,56776.2725,16.75,60.43273,20.991426,16,2,10,0,0,47521.78,56442.1425,50448.707916666666
2023-10-04 17:00:00+02:00,58992.14,57160.795,16.65,60.002644,22.253124,17,2,10,0,0,49218.4825,58056.04,50899.067708333336
2023-10-04 18:00:00+02:00,60932.9275,57644.3775,15.8,65.29285,18.671474,18,2,10,0,0,50159.65,58981.4775,51306.3034375
2023-10-04 19:00:00+02:00,62398.5175,58059.54,15.15,68.07061,17.076298,19,2,10,0,0,49760.57,60589.322499999995,51755.19
2023-10-04 20:00:00+02:00,59534.99,55766.479999999996,14.75,69.14403,14.84318,20,2,10,0,0,47669.0725,58409.1975,52281.77114583333
2023-10-04 21:00:00+02:00,55558.7775,52230.7875,14.55,69.103966,14.81259,21,2,10,0,0,45529.635,54376.649999999994,52776.18437499999
2023-10-04 22:00:00+02:00,51045.57,48853.045,14.4,69.07389,15.459054,22,2,10,0,0,44405.5,49894.99,53194.065312499995
2023-10-04 23:00:00+02:00,46745.045,45132.0375,14.3,68.588425,16.923828,23,2,10,0,0,41916.8825,46130.3075,53470.73489583333
2023-10-05 00:00:00+02:00,44578.835,42342.56,14.3,67.4371,17.727943,0,3,10,0,0,40075.4725,44053.9075,53671.90833333333
2023-10-05 01:00:00+02:00,43378.8825,40929.045,13.4,71.010925,17.595861,1,3,10,0,0,38944.7975,42857.3225,53859.548437499994
2023-10-05 02:00:00+02:00,42701.5975,40558.3625,12.35,76.576546,17.414474,2,3,10,0,0,37675.3625,41585.49,54044.30197916667
2023-10-05 03:00:00+02:00,42558.8225,41299.8225,12.05,78.63303,18.278645,3,3,10,0,0,38076.7625,41622.625,54253.728437499994
2023-10-05 04:00:00+02:00,43871.6425,42956.4725,12.15,79.181786,19.770523,4,3,10,0,0,39771.5125,42628.6525,54440.4809375
2023-10-05 05:00:00+02:00,47687.9225,46281.7525,12.3,78.93658,20.767975,5,3,10,0,0,43855.9725,46528.005000000005,54611.31968749999
2023-10-05 06:00:00+02:00,55231.4625,52754.115,12.15,79.98853,20.674156,6,3,10,0,0,53157.45,54489.8725,54770.98427083334
2023-10-05 07:00:00+02:00,60601.99,57711.695,12.3,79.20365,21.767351,7,3,10,0,0,58396.85,59359.354999999996,54857.401458333334
2023-10-05 08:00:00+02:00,63100.505000000005,60462.5975,12.95,77.713684,22.782625,8,3,10,0,0,60951.695,61498.104999999996,54949.28229166666
2023-10-05 09:00:00+02:00,62889.06,62098.7,14.05,73.81904,26.099379,9,3,10,0,0,62444.7875,61873.6125,55038.81604166667
2023-10-05 10:00:00+02:00,63295.785,62812.005000000005,15.25,70.41382,25.0064,10,3,10,0,0,61564.055,62392.5875,55057.32739583333
2023-10-05 11:00:00+02:00,63920.3425,62968.9025,16.2,66.2619,32.169178,11,3,10,0,0,61662.1525,62225.935,55129.482812500006
2023-10-05 12:00:00+02:00,62818.9025,62079.52,15.8,69.8178,24.57511,12,3,10,0,0,60770.3,61114.9675,55223.5740625
2023-10-05 13:00:00+02:00,61606.86,61221.3375,15.85,73.88781,22.68,13,3,10,0,0,59747.7425,59754.0475,55308.932499999995
2023-10-05 14:00:00+02:00,60970.005,59837.1375,16.25,70.606224,26.368616,14,3,10,0,0,59132.5575,58735.384999999995,55386.39572916667
2023-10-05 15:00:00+02:00,60635.62,59104.619999999995,15.3,76.03125,20.721119,15,3,10,0,0,58359.9475,57830.3975,55462.95604166666
2023-10-05 16:00:00+02:00,59941.9,58601.18,15.55,77.59574,22.461807,16,3,10,0,0,58330.415,57236.8925,55557.77572916667
2023-10-05 17:00:00+02:00,60018.195,58948.4975,15.55,79.40756,20.211363,17,3,10,0,0,58992.14,59007.6325,55624.9209375
2023-10-05 18:00:00+02:00,59953.705,59553.5175,14.95,83.89503,14.764389,18,3,10,0,0,60932.9275,59587.1325,55667.67322916666
2023-10-05 19:00:00+02:00,61514.255000000005,59884.125,13.7,90.0658,11.901798,19,3,10,0,0,62398.5175,60957.0225,55626.87229166667
2023-10-05 20:00:00+02:00,58640.9875,57204.115,13.45,87.99039,12.682018,20,3,10,0,0,59534.99,58208.0725,55590.028020833335
2023-10-05 21:00:00+02:00,54626.985,53560.18,12.9,93.03051,11.609651,21,3,10,0,0,55558.7775,54335.565,55552.77791666667
2023-10-05 22:00:00+02:00,50795.770000000004,50156.0175,12.3,94.86402,11.013882,22,3,10,0,0,51045.57,49851.395,55513.95322916666
2023-10-05 23:00:00+02:00,47198.037500000006,46204.375,12.05,95.80087,11.367109,23,3,10,0,0,46745.045,46113.385,55503.54489583333
2023-10-06 00:00:00+02:00,44269.045,43389.1275,11.85,96.43109,11.570515,0,4,10,0,0,44578.835,43274.275,55522.419583333336
2023-10-06 01:00:00+02:00,42442.7775,41831.0925,11.8,96.429726,10.805999,1,4,10,0,0,43378.8825,41626.625,55509.511666666665
2023-10-06 02:00:00+02:00,41501.0725,41290.159999999996,11.1,98.354004,8.12197,2,4,10,0,0,42701.5975,40757.42,55470.50729166667
2023-10-06 03:00:00+02:00,41902.3875,41820.875,10.85,98.35078,7.8954163,3,4,10,0,0,42558.8225,40979.5675,55420.48541666667
2023-10-06 04:00:00+02:00,43409.5875,43588.2,11.15,98.02846,8.714677,4,4,10,0,0,43871.6425,42370.775,55393.13395833334
2023-10-06 05:00:00+02:00,47487.695,46874.0875,11.2,97.70411,8.669949,5,4,10,0,0,47687.9225,45752.5275,55373.881666666675
2023-10-06 06:00:00+02:00,55662.3275,53248.384999999995,11.25,97.05787,9.793059,6,4,10,0,0,55231.4625,53276.915,55365.53885416666
2023-10-06 07:00:00+02:00,60897.979999999996,56831.18,11.15,96.41175,11.966954,7,4,10,0,0,60601.99,58318.6075,55383.49156250001
2023-10-06 08:00:00+02:00,63395.9775,59261.3125,11.6,95.78631,14.565548,8,4,10,0,0,63100.505000000005,61082.9325,55395.82447916667
2023-10-06 09:00:00+02:00,63833.284999999996,60792.432499999995,12.9,91.50756,14.658676,9,4,10,0,0,62889.06,61158.99,55408.135833333334
2023-10-06 10:00:00+02:00,64047.725,61761.7275,13.7,86.85763,16.79314,10,4,10,0,0,63295.785,61696.505000000005,55447.47854166667
2023-10-06 11:00:00+02:00,63322.854999999996,62140.17,13.8,86.5808,17.551615,11,4,10,0,0,63920.3425,61867.729999999996,55478.80937499999
2023-10-06 12:00:00+02:00,62206.445,61813.3925,15.1,80.13324,18.472595,12,4,10,0,0,62818.9025,60951.58,55453.9140625
2023-10-06 13:00:00+02:00,60037.1475,60370.0975,16.5,71.123856,21.129883,13,4,10,0,0,61606.86,58704.1975,55428.395
2023-10-06 14:00:00+02:00,58779.265,58738.91,16.2,82.41071,17.917007,14,4,10,0,0,60970.005,56906.81,55362.99031249999
2023-10-06 15:00:00+02:00,57846.18,57603.835,17.8,65.290924,23.000591,15,4,10,0,0,60635.62,56962.6575,55271.70947916667
2023-10-06 16:00:00+02:00,56946.015,56601.6575,16.9,73.10192,16.79314,16,4,10,0,0,59941.9,57141.8925,55155.4828125
2023-10-06 17:00:00+02:00,57582.09,56502.7875,16.2,77.18614,20.929594,17,4,10,0,0,60018.195,57851.707500000004,55030.654270833336
2023-10-06 18:00:00+02:00,58860.055,56914.7525,16.6,72.807816,18.668005,18,4,10,0,0,59953.705,58182.1975,54929.14989583333
2023-10-06 19:00:00+02:00,59981.1325,57368.412500000006,16.95,67.75914,21.638964,19,4,10,0,0,61514.255000000005,59275.854999999996,54883.58114583333
2023-10-06 20:00:00+02:00,56613.7,54321.927500000005,16.75,64.19851,23.565569,20,4,10,0,0,58640.9875,56235.1075,54819.70104166667
2023-10-06 21:00:00+02:00,52111.77250000001,50915.1725,16.8,63.143593,24.795612,21,4,10,0,0,54626.985,52675.665,54735.23072916666
2023-10-06 22:00:00+02:00,48238.59,47849.8125,16.9,65.09563,25.161398,22,4,10,0,0,50795.770000000004,49161.8375,54630.43020833334
2023-10-06 23:00:00+02:00,45225.835,44775.065,17.25,65.60679,26.183659,23,4,10,0,0,47198.037500000006,45883.68,54523.88104166667
2023-10-07 00:00:00+02:00,43062.2025,41989.08,17.4,67.6272,27.103,0,5,10,1,0,44269.045,43109.69,54441.705937499995
2023-10-07 01:00:00+02:00,41520.74,40128.03,17.0,70.51615,27.595825,1,5,10,1,0,42442.7775,40720.1025,54391.42083333334
2023-10-07 02:00:00+02:00,40184.3225,38875.56,16.65,72.09923,28.019936,2,5,10,1,0,41501.0725,39464.76,54353.002604166664
2023-10-07 03:00:00+02:00,39488.83,38476.71,16.85,72.135864,28.691795,3,5,10,1,0,41902.3875,38866.97,54298.138020833336
2023-10-07 04:00:00+02:00,40226.885,38818.17,16.8,74.052704,29.96662,4,5,10,1,0,43409.5875,38786.762500000004,54197.573124999995
2023-10-07 05:00:00+02:00,40705.682499999995,39727.225,16.6,77.24819,30.911821,5,5,10,1,0,47487.695,39754.195,54064.96052083333
2023-10-07 06:00:00+02:00,42702.1325,40845.67,16.4,79.52827,28.901073,6,5,10,1,0,55662.3275,41753.8875,53782.37666666667
2023-10-07 07:00:00+02:00,45321.0275,42756.2625,16.3,80.0362,28.551426,7,5,10,1,0,60897.979999999996,44376.2125,53242.36854166666
2023-10-07 08:00:00+02:00,48889.6275,46018.509999999995,16.55,78.51584,28.664682,8,5,10,1,0,63395.9775,47647.325,52593.32885416666
2023-10-07 09:00:00+02:00,50330.675,49288.71,16.35,79.26134,27.466372,9,5,10,1,0,63833.284999999996,49972.524999999994,51988.89760416667
2023-10-07 10:00:00+02:00,52758.3025,50445.71,16.6,78.01099,26.6327,10,5,10,1,0,64047.725,51020.340000000004,51426.28885416666
2023-10-07 11:00:00+02:00,53023.417499999996,51228.2475,16.8,78.55265,23.400002,11,5,10,1,0,63322.854999999996,51291.36,50955.89625
2023-10-07 12:00:00+02:00,52359.5225,50395.15,17.45,78.13826,23.263912,12,5,10,1,0,62206.445,49825.25,50526.75302083333
2023-10-07 13:00:00+02:00,50899.03,49054.7775,17.05,83.59111,26.208395,13,5,10,1,0,60037.1475,47979.035,50116.46458333334
2023-10-07 14:00:00+02:00,49006.2725,47399.415,16.35,90.54945,22.805367,14,5,10,1,0,58779.265,46568.35,49735.709687500006
2023-10-07 15:00:00+02:00,48861.587499999994,46525.534999999996,16.5,90.851715,28.410364,15,5,10,1,0,57846.18,46278.8175,49328.50166666667
2023-10-07 16:00:00+02:00,48777.1725,46116.51,16.95,87.16348,28.521906,16,5,10,1,0,56946.015,46343.555,48954.143645833334
2023-10-07 17:00:00+02:00,49998.6025,46909.25,16.2,92.30615,21.485697,17,5,10,1,0,57582.09,47585.9375,48613.77520833333
2023-10-07 18:00:00+02:00,52003.8725,48307.7575,14.4,92.503586,11.27553,18,5,10,1,0,58860.055,49326.27,48297.7965625
2023-10-07 19:00:00+02:00,51872.33,49216.115,14.0,94.005104,7.928177,19,5,10,1,0,59981.1325,50130.425,48012.12229166667
2023-10-07 20:00:00+02:00,48898.104999999996,46338.082500000004,14.0,94.005104,4.802999,20,5,10,1,0,56613.7,47924.47,47674.255520833336
2023-10-07 21:00:00+02:00,45763.7,43497.915,13.9,93.38788,7.8954163,21,5,10,1,0,52111.77250000001,45170.7325,47352.77239583334
2023-10-07 22:00:00+02:00,43938.415,41644.625,13.5,92.75695,10.685391,22,5,10,1,0,48238.59,42358.6075,47088.269374999996
2023-10-07 23:00:00+02:00,40926.74,39513.9825,13.2,92.74058,13.849477,23,5,10,1,0,45225.835,39330.29,46909.09541666667
2023-10-08 00:00:00+02:00,38178.4775,37144.5025,12.7,91.49483,12.096214,0,6,10,1,0,43062.2025,37245.582500000004,46729.966458333336
2023-10-08 01:00:00+02:00,36723.5325,35841.0175,12.35,91.77648,11.525623,1,6,10,1,0,41520.74,35558.270000000004,46526.47791666666
2023-10-08 02:00:00+02:00,35552.145000000004,34854.7425,12.2,93.92274,12.768586,2,6,10,1,0,40184.3225,34182.97,46326.59427083333
2023-10-08 03:00:00+02:00,34854.645000000004,34367.75,12.0,93.60237,13.830749,3,6,10,1,0,39488.83,33776.4525,46133.586875
2023-10-08 04:00:00+02:00,34215.68,34578.5175,11.8,92.972244,14.48972,4,6,10,1,0,40226.885,33864.365,45940.49583333333
2023-10-08 05:00:00+02:00,34639.1375,35218.2475,11.5,91.112816,12.43434,5,6,10,1,0,40705.682499999995,34604.012500000004,45690.028958333336
2023-10-08 06:00:00+02:00,36056.082500000004,36180.0925,11.15,92.31782,10.30883,6,6,10,1,0,42702.1325,35765.2,45437.25625
2023-10-08 07:00:00+02:00,38438.3525,37804.6175,10.55,92.90519,8.427383,7,6,10,1,0,45321.0275,37514.6,45160.3375
2023-10-08 08:00:00+02:00,41426.8775,40816.39,9.95,93.81738,7.24486,8,6,10,1,0,48889.6275,40691.292499999996,44873.559375000004
2023-10-08 09:00:00+02:00,44333.104999999996,44407.3,10.85,88.94961,8.699793,9,6,10,1,0,50330.675,43428.582500000004,44562.61145833333
2023-10-08 10:00:00+02:00,46413.4475,46669.515,11.7,78.5807,8.427383,10,6,10,1,0,52758.3025,45342.015,44312.71270833333
2023-10-08 11:00:00+02:00,48311.8675,48781.375,12.7,69.43901,7.69592,11,6,10,1,0,53023.417499999996,47025.2975,44048.34375
2023-10-08 12:00:00+02:00,47765.095,48950.585,13.5,53.54871,8.28,12,6,10,1,0,52359.5225,46320.345,43852.02916666667
2023-10-08 13:00:00+02:00,46322.7275,47541.270000000004,14.05,46.651363,7.928178,13,6,10,1,0,50899.03,44347.035,43660.5946875
2023-10-08 14:00:00+02:00,44797.692500000005,45981.134999999995,14.25,49.76775,7.145796,14,6,10,1,0,49006.2725,42672.9875,43469.91541666666
2023-10-08 15:00:00+02:00,44168.365000000005,45083.3925,14.15,48.700844,6.489992,15,6,10,1,0,48861.587499999994,42394.1875,43294.557916666665
2023-10-08 16:00:00+02:00,44735.115,44346.415,13.9,49.846405,9.0,16,6,10,1,0,48777.1725,41836.925,43099.00697916667
2023-10-08 17:00:00+02:00,46759.445,45257.8,13.75,49.280758,7.5942082,17,6,10,1,0,49998.6025,43698.5725,42930.587916666664
2023-10-08 18:00:00+02:00,48688.6975,47589.08,12.5,71.32329,5.7599998,18,6,10,1,0,52003.8725,46322.0275,42795.623020833336
2023-10-08 19:00:00+02:00,49768.3875,48676.7475,12.45,60.85846,3.6,19,6,10,1,0,51872.33,47947.0725,42657.49072916667
2023-10-08 20:00:00+02:00,47572.567500000005,46965.825,12.45,60.85846,1.08,20,6,10,1,0,48898.104999999996,46275.1725,42569.82645833333
2023-10-08 21:00:00+02:00,45394.817500000005,45240.9875,11.4,71.35788,4.1046314,21,6,10,1,0,45763.7,44042.6325,42514.595729166664
2023-10-08 22:00:00+02:00,43613.7025,43744.9975,9.95,73.3378,4.73506,22,6,10,1,0,43938.415,41910.1075,42499.225625
2023-10-08 23:00:00+02:00,40855.0525,41141.455,10.05,69.87059,11.27553,23,6,10,1,0,40926.74,39445.795,42485.6959375
2023-10-09 00:00:00+02:00,38581.5625,39733.17,9.8,69.09208,12.72283,0,0,10,0,0,38178.4775,37075.36,42482.708958333336
2023-10-09 01:00:00+02:00,37308.9225,38432.89,9.65,70.03494,10.195057,1,0,10,0,0,36723.5325,36095.6975,42499.504166666666
2023-10-09 02:00:00+02:00,37035.182499999995,37948.5025,9.95,70.83165,7.145796,2,0,10,0,0,35552.145000000004,35651.119999999995,42523.895416666666
2023-10-09 03:00:00+02:00,37761.7625,38517.49,9.8,74.33563,8.4963045,3,0,10,0,0,34854.645000000004,35832.945,42585.68864583333
2023-10-09 04:00:00+02:00,39058.332500000004,40437.472499999996,9.75,80.47248,9.1641035,4,0,10,0,0,34215.68,36247.744999999995,42706.81854166667
2023-10-09 05:00:00+02:00,43531.802500000005,44139.3925,9.4,88.82928,9.585739,5,0,10,0,0,34639.1375,39548.04,42908.59572916667
2023-10-09 06:00:00+02:00,52807.73,50633.665,9.3,90.964005,10.041354,6,0,10,0,0,36056.082500000004,45232.0175,43279.1234375
2023-10-09 07:00:00+02:00,58720.932499999995,54877.07,9.2,92.20309,10.390226,7,0,10,0,0,38438.3525,49058.905,43977.10875000001
2023-10-09 08:00:00+02:00,61247.185,57921.832500000004,9.3,90.65507,10.365251,8,0,10,0,0,41426.8775,51923.895000000004,44822.21625
2023-10-09 09:00:00+02:00,62252.6475,59712.59,9.55,90.981094,9.605998,9,0,10,0,0,44333.104999999996,53706.7825,45648.06239583334
2023-10-09 10:00:00+02:00,63761.8675,60612.479999999996,10.0,88.278175,10.365251,10,0,10,0,0,46413.4475,54703.7125,46394.71
2023-10-09 11:00:00+02:00,64429.6025,61145.0925,11.0,83.43211,11.874544,11,0,10,0,0,48311.8675,54948.582500000004,47117.56083333333
2023-10-09 12:00:00+02:00,64006.195,61062.2775,11.85,81.30943,11.753877,12,0,10,0,0,47765.095,55194.7425,47789.133125
2023-10-09 13:00:00+02:00,62402.5075,60142.0275,12.1,81.068756,10.182337,13,0,10,0,0,46322.7275,54185.5925,48465.84562500001
2023-10-09 14:00:00+02:00,61395.0325,58660.0625,11.1,82.5998,10.799999,14,0,10,0,0,44797.692500000005,53294.415,49135.83645833333
2023-10-09 15:00:00+02:00,60487.145000000004,57690.99,11.4,80.70024,10.739832,15,0,10,0,0,44168.365000000005,51969.785,49827.39229166667
2023-10-09 16:00:00+02:00,59806.130000000005,57037.195,11.5,80.44068,8.891343,16,0,10,0,0,44735.115,51362.979999999996,50507.34145833333
2023-10-09 17:00:00+02:00,60052.705,57420.494999999995,11.55,80.720764,8.14587,17,0,10,0,0,46759.445,52420.8375,51135.300416666665
2023-10-09 18:00:00+02:00,60581.5975,58282.104999999996,11.25,82.33906,7.8954163,18,0,10,0,0,48688.6975,53817.9925,51689.186250000006
2023-10-09 19:00:00+02:00,61159.52,59099.365,11.1,84.01113,7.7043357,19,0,10,0,0,49768.3875,54835.9925,52184.723750000005
2023-10-09 20:00:00+02:00,57782.175,56138.465,11.05,85.15006,8.942214,20,0,10,0,0,47572.567500000005,51775.677500000005,52659.35427083333
2023-10-09 21:00:00+02:00,53960.335,52634.5525,10.95,86.590454,9.220499,21,0,10,0,0,45394.817500000005,48349.34,53084.754583333335
2023-10-09 22:00:00+02:00,49796.645,49318.1025,10.95,87.17702,8.942214,22,0,10,0,0,43613.7025,45341.415,53441.65114583333
2023-10-09 23:00:00+02:00,46402.255,45937.215,10.9,88.059044,8.287822,23,0,10,0,0,40855.0525,42073.04,53699.27375
2023-10-10 00:00:00+02:00,44463.39,42724.215,10.95,88.65882,7.7043357,0,1,10,0,0,38581.5625,38211.0875,53930.4071875
2023-10-10 01:00:00+02:00,43031.4225,41188.765,10.95,90.162796,7.127636,1,1,10,0,0,37308.9225,35997.365,54175.48333333334
2023-10-10 02:00:00+02:00,42052.417499999996,40659.14,10.4,94.78866,9.686609,2,1,10,0,0,37035.182499999995,35052.1175,54413.92083333333
2023-10-10 03:00:00+02:00,42368.725,41227.8875,10.5,96.39365,7.653705,3,1,10,0,0,37761.7625,35262.9925,54622.972291666665
2023-10-10 04:00:00+02:00,43502.042499999996,43027.31,10.75,96.40062,5.692099,4,1,10,0,0,39058.332500000004,36397.5825,54814.92906250001
2023-10-10 05:00:00+02:00,46781.635,46466.36,10.85,97.69784,5.991594,5,1,10,0,0,43531.802500000005,37519.520000000004,55000.083645833336
2023-10-10 06:00:00+02:00,54446.4625,53503.4675,11.05,98.02692,5.2416787,6,1,10,0,0,52807.73,39205.962499999994,55135.49333333334
2023-10-10 07:00:00+02:00,59650.3025,56119.54,11.9,98.03993,7.754637,7,1,10,0,0,58720.932499999995,41426.3825,55203.77385416667
2023-10-10 08:00:00+02:00,61763.17,58285.94,12.9,98.05507,11.901798,8,1,10,0,0,61247.185,45419.71,55242.49760416666
2023-10-10 09:00:00+02:00,62260.582500000004,59975.1925,13.45,96.790634,13.722565,9,1,10,0,0,62252.6475,48476.965,55263.996979166666
2023-10-10 10:00:00+02:00,63726.015,60883.365000000005,13.95,92.47825,13.493999,10,1,10,0,0,63761.8675,51113.845,55264.32760416667
2023-10-10 11:00:00+02:00,64218.39,61395.605,14.45,85.51161,15.546833,11,1,10,0,0,64429.6025,52952.235,55262.83375
2023-10-10 12:00:00+02:00,62991.292499999996,61046.5575,15.15,81.20393,17.106628,12,1,10,0,0,64006.195,52284.325,55254.033229166664
2023-10-10 13:00:00+02:00,61182.0475,60233.285,15.7,75.34481,15.188415,13,1,10,0,0,62402.5075,50570.9025,55211.745625
2023-10-10 14:00:00+02:00,59776.31,58702.835,16.55,72.558815,13.084402,14,1,10,0,0,61395.0325,48811.795,55160.893125
2023-10-10 15:00:00+02:00,59385.005000000005,57665.792499999996,16.8,73.56701,12.015589,15,1,10,0,0,60487.145000000004,47555.6125,55093.44635416666
2023-10-10 16:00:00+02:00,59314.5475,56930.475,16.6,76.74332,12.594856,16,1,10,0,0,59806.130000000005,47521.78,55047.52385416667
2023-10-10 17:00:00+02:00,60478.0075,56959.975,16.4,79.78877,11.720751,17,1,10,0,0,60052.705,49218.4825,55027.04125
2023-10-10 18:00:00+02:00,61713.9875,57692.165,15.65,83.97511,10.195057,18,1,10,0,0,60581.5975,50159.65,55044.7621875
2023-10-10 19:00:00+02:00,63213.4875,58653.1175,15.15,88.42677,8.089993,19,1,10,0,0,61159.52,49760.57,55091.94510416666
2023-10-10 20:00:00+02:00,60284.77,55843.0025,15.05,90.753265,11.570515,20,1,10,0,0,57782.175,47669.0725,55177.52708333333
2023-10-10 21:00:00+02:00,55808.895000000004,52327.9775,15.2,91.058876,13.039754,21,1,10,0,0,53960.335,45529.635,55281.801875
2023-10-10 22:00:00+02:00,52158.2425,48915.119999999995,14.8,92.82728,11.090103,22,1,10,0,0,49796.645,44405.5,55358.82520833333
2023-10-10 23:00:00+02:00,48008.815,45483.47,15.25,91.655174,11.91812,23,1,10,0,0,46402.255,41916.8825,55457.22510416666
2023-10-11 00:00:00+02:00,44303.225000000006,44275.1275,15.9,89.0653,12.88981,0,2,10,0,0,44463.39,40075.4725,55524.16510416667
2023-10-11 01:00:00+02:00,42835.09,42702.7975,15.6,88.75258,12.7279215,1,2,10,0,0,43031.4225,38944.7975,55517.49156249999
2023-10-11 02:00:00+02:00,42374.9275,42111.705,15.45,86.45795,11.988594,2,2,10,0,0,42052.417499999996,37675.3625,55509.31104166667
2023-10-11 03:00:00+02:00,42398.825,42767.7325,14.75,85.8242,12.979984,3,2,10,0,0,42368.725,38076.7625,55522.74895833334
2023-10-11 04:00:00+02:00,43751.6225,44259.12,14.45,82.46448,13.849477,4,2,10,0,0,43502.042499999996,39771.5125,55524.003124999996
2023-10-11 05:00:00+02:00,47630.705,47781.075,14.0,81.591896,14.81259,5,2,10,0,0,46781.635,43855.9725,55534.402291666665
2023-10-11 06:00:00+02:00,55082.2625,54837.707500000004,14.3,78.44131,17.477621,6,2,10,0,0,54446.4625,53157.45,55569.78020833334
2023-10-11 07:00:00+02:00,60121.225,58831.9275,14.75,74.18917,19.134262,7,2,10,0,0,59650.3025,58396.85,55596.271875000006
2023-10-11 08:00:00+02:00,62715.8725,61448.425,15.3,69.48639,18.668005,8,2,10,0,0,61763.17,60951.695,55615.893645833334
2023-10-11 09:00:00+02:00,63280.575,63253.01,16.45,65.873276,19.134262,9,2,10,0,0,62260.582500000004,62444.7875,55655.58958333333
2023-10-11 10:00:00+02:00,63784.69,64481.667499999996,18.15,61.784122,20.972897,10,2,10,0,0,63726.015,61564.055,55698.08927083333
2023-10-11 11:00:00+02:00,63517.905,65715.3425,19.0,63.637608,18.391737,11,2,10,0,0,64218.39,61662.1525,55700.5340625
2023-10-11 12:00:00+02:00,63190.9775,66153.64,20.6,57.817394,21.166653,12,2,10,0,0,62991.292499999996,60770.3,55671.3471875
2023-10-11 13:00:00+02:00,61796.9075,65293.04,21.4,56.69685,21.638964,13,2,10,0,0,61182.0475,59747.7425,55679.66739583333
2023-10-11 14:00:00+02:00,60688.07,63538.9975,22.45,55.12861,23.933908,14,2,10,0,0,59776.31,59132.5575,55705.2865625
2023-10-11 15:00:00+02:00,60004.61,62173.9775,22.4,56.573837,22.657131,15,2,10,0,0,59385.005000000005,58359.9475,55743.276562499996
2023-10-11 16:00:00+02:00,59894.8925,60932.775,22.55,56.06056,23.686249,16,2,10,0,0,59314.5475,58330.415,55769.09343750001
2023-10-11 17:00:00+02:00,60396.4375,61059.2825,22.1,58.181923,21.67786,17,2,10,0,0,60478.0075,58992.14,55793.27447916666
2023-10-11 18:00:00+02:00,62059.0025,61840.995,21.15,60.46839,20.608229,18,2,10,0,0,61713.9875,60932.9275,55789.87572916666
2023-10-11 19:00:00+02:00,64054.5125,62348.005000000005,20.45,62.310963,19.486609,19,2,10,0,0,63213.4875,62398.5175,55804.25135416668
2023-10-11 20:00:00+02:00,60000.07,58876.84,19.6,66.32366,17.447933,20,2,10,0,0,60284.77,59534.99,55839.294062500005
2023-10-11 21:00:00+02:00,55740.9875,55009.7875,19.0,69.29797,16.92383,21,2,10,0,0,55808.895000000004,55558.7775,55827.431562499994
2023-10-11 22:00:00+02:00,51688.067500000005,51258.7625,18.6,71.283676,16.58346,22,2,10,0,0,52158.2425,51045.57,55824.60208333333
2023-10-11 23:00:00+02:00,48202.0225,47433.567500000005,18.25,72.39059,16.704155,23,2,10,0,0,48008.815,46745.045,55805.01145833334
2023-10-12 00:00:00+02:00,46454.822499999995,43887.16,18.35,71.004715,20.316889,0,3,10,0,0,44303.225000000006,44578.835,55813.06177083333
2023-10-12 01:00:00+02:00,45120.685,42326.605,19.15,66.01243,23.042812,1,3,10,0,0,42835.09,43378.8825,55902.71166666667
2023-10-12 02:00:00+02:00,43613.815,41516.1925,17.45,81.50357,21.897945,2,3,10,0,0,42374.9275,42701.5975,55997.94479166667
2023-10-12 03:00:00+02:00,43054.84,42105.15,17.7,75.67424,22.61419,3,3,10,0,0,42398.825,42558.8225,56049.565104166664
2023-10-12 04:00:00+02:00,43736.845,43772.5175,16.75,80.88492,18.014393,4,3,10,0,0,43751.6225,43871.6425,56076.89906250001
2023-10-12 05:00:00+02:00,48197.1425,47054.0975,16.55,80.85832,15.137133,5,3,10,0,0,47630.705,47687.9225,56076.28333333333
2023-10-12 06:00:00+02:00,56950.55,54250.2775,16.05,85.67734,14.973576,6,3,10,0,0,55082.2625,55231.4625,56099.884895833326
2023-10-12 07:00:00+02:00,62274.2575,59931.455,15.5,89.32295,16.171976,7,3,10,0,0,60121.225,60601.99,56177.73020833333
2023-10-12 08:00:00+02:00,64173.17,62555.100000000006,15.15,92.245804,16.516901,8,3,10,0,0,62715.8725,63100.505000000005,56267.43989583334
2023-10-12 09:00:00+02:00,64986.8575,64238.81,15.15,93.75286,15.188415,9,3,10,0,0,63280.575,62889.06,56328.160625
2023-10-12 10:00:00+02:00,65966.61249999999,65292.4875,14.9,91.93197,15.683774,10,3,10,0,0,63784.69,63295.785,56399.255729166674
2023-10-12 11:00:00+02:00,66728.8875,65341.515,14.85,86.96705,14.081477,11,3,10,0,0,63517.905,63920.3425,56490.16916666666
2023-10-12 12:00:00+02:00,65964.6925,64676.354999999996,14.9,82.79249,13.18308,12,3,10,0,0,63190.9775,62818.9025,56623.96010416667
2023-10-12 13:00:00+02:00,64973.649999999994,63268.8375,15.6,74.33595,11.770403,13,3,10,0,0,61796.9075,61606.86,56739.5315625
2023-10-12 14:00:00+02:00,63528.9125,61412.8825,14.7,74.92732,11.720751,14,3,10,0,0,60688.07,60970.005,56871.895833333336
2023-10-12 15:00:00+02:00,62749.3675,60255.565,15.3,72.331184,12.324414,15,3,10,0,0,60004.61,60635.62,56990.26427083334
2023-10-12 16:00:00+02:00,61448.1325,59007.155,15.7,70.73615,13.339445,16,3,10,0,0,59894.8925,59941.9,57104.62916666666
2023-10-12 17:00:00+02:00,61193.2225,59040.869999999995,15.3,73.05822,11.252519,17,3,10,0,0,60396.4375,60018.195,57169.3475
2023-10-12 18:00:00+02:00,62045.8975,60168.9425,14.7,77.46482,7.072878,18,3,10,0,0,62059.0025,59953.705,57202.546875
2023-10-12 19:00:00+02:00,62312.2625,60844.225000000006,14.3,80.28823,5.154415,19,3,10,0,0,64054.5125,61514.255000000005,57202.000833333324
2023-10-12 20:00:00+02:00,58576.455,57571.765,14.0,82.956825,5.6002855,20,3,10,0,0,60000.07,58640.9875,57129.40708333333
2023-10-12 21:00:00+02:00,54954.292499999996,53833.5075,12.45,91.78265,5.6002855,21,3,10,0,0,55740.9875,54626.985,57070.089791666665
2023-10-12 22:00:00+02:00,50681.692500000005,49848.94,12.05,93.91579,6.439876,22,3,10,0,0,51688.067500000005,50795.770000000004,57037.31083333333
2023-10-12 23:00:00+02:00,46755.332500000004,45956.8975,12.25,93.92503,5.0911684,23,3,10,0,0,48202.0225,47198.037500000006,56995.378541666665
2023-10-13 00:00:00+02:00,44350.585,43628.3475,12.1,95.48612,2.2768397,0,4,10,0,0,46454.822499999995,44269.045,56935.09979166667
2023-10-13 01:00:00+02:00,42482.3175,42069.6025,12.15,96.121254,5.1919937,1,4,10,0,0,45120.685,42442.7775,56847.42322916666
2023-10-13 02:00:00+02:00,41094.3375,41605.13,11.8,97.71478,9.360001,2,4,10,0,0,43613.815,41501.0725,56737.49124999999
2023-10-13 03:00:00+02:00,42037.7675,42107.0175,11.55,97.71034,9.220499,3,4,10,0,0,43054.84,41902.3875,56632.513020833336
2023-10-13 04:00:00+02:00,42803.7625,43604.585,11.9,98.03993,10.44,4,4,10,0,0,43736.845,43409.5875,56590.135
2023-10-13 05:00:00+02:00,46740.895000000004,46916.72,12.55,97.4072,11.119281,5,4,10,0,0,48197.1425,47487.695,56551.2565625
2023-10-13 06:00:00+02:00,54857.995,53670.1475,13.1,97.41819,10.739833,6,4,10,0,0,56950.55,55662.3275,56490.57958333334
2023-10-13 07:00:00+02:00,60840.4075,58537.6,13.05,97.7368,11.901798,7,4,10,0,0,62274.2575,60897.979999999996,56403.38979166667
2023-10-13 08:00:00+02:00,63509.0625,60970.1125,13.3,97.42217,13.75558,8,4,10,0,0,64173.17,63395.9775,56343.64604166666
2023-10-13 09:00:00+02:00,64473.4425,62248.815,14.75,93.734055,16.418526,9,4,10,0,0,64986.8575,63833.284999999996,56315.97489583333
2023-10-13 10:00:00+02:00,64703.445,63199.835,16.05,91.40932,15.111424,10,4,10,0,0,65966.61249999999,64047.725,56294.58260416667
2023-10-13 11:00:00+02:00,64691.552500000005,64252.229999999996,17.1,88.87487,16.343367,11,4,10,0,0,66728.8875,63322.854999999996,56241.950625
2023-10-13 12:00:00+02:00,63932.865,63952.244999999995,17.3,89.46252,18.430452,12,4,10,0,0,65964.6925,62206.445,56157.061666666676
2023-10-13 13:00:00+02:00,61736.225000000006,63145.240000000005,17.9,86.97229,24.40046,13,4,10,0,0,64973.649999999994,60037.1475,56072.4021875
2023-10-13 14:00:00+02:00,59342.7,61506.9225,18.05,89.80537,24.675106,14,4,10,0,0,63528.9125,58779.265,55937.50947916667
2023-10-13 15:00:00+02:00,59109.2275,60298.105,19.85,83.117134,25.600533,15,4,10,0,0,62749.3675,57846.18,55763.08395833333
2023-10-13 16:00:00+02:00,59403.6875,58012.56,20.35,79.56947,25.603062,16,4,10,0,0,61448.1325,56946.015,55611.411458333336
2023-10-13 17:00:00+02:00,59838.065,57336.5325,20.6,74.459595,25.49908,17,4,10,0,0,61193.2225,57582.09,55526.22625
2023-10-13 18:00:00+02:00,60950.32,58358.06,20.65,68.94982,26.89419,18,4,10,0,0,62045.8975,58860.055,55469.761354166665
2023-10-13 19:00:00+02:00,60938.645000000004,58860.53,20.95,63.447292,26.758923,19,4,10,0,0,62312.2625,59981.1325,55424.11229166667
2023-10-13 20:00:00+02:00,56700.442500000005,55767.5375,20.9,62.210026,30.190672,20,4,10,0,0,58576.455,56613.7,55366.878229166665
2023-10-13 21:00:00+02:00,52498.565,52033.22,20.7,62.57131,26.486313,21,4,10,0,0,54954.292499999996,52111.77250000001,55288.71104166668
2023-10-13 22:00:00+02:00,49493.585,48686.215000000004,20.55,59.54146,25.683926,22,4,10,0,0,50681.692500000005,48238.59,55186.389062500006
2023-10-13 23:00:00+02:00,46201.6225,45361.5,20.4,55.706013,26.161375,23,4,10,0,0,46755.332500000004,45225.835,55136.88458333333
2023-10-14 00:00:00+02:00,43965.3475,42496.155,20.2,55.104107,22.768396,0,5,10,1,0,44350.585,43062.2025,55113.81333333333
2023-10-14 01:00:00+02:00,41509.645,40545.1175,19.9,54.29931,23.113008,1,5,10,1,0,42482.3175,41520.74,55097.761770833335
2023-10-14 02:00:00+02:00,41487.3975,39305.69,18.65,59.28318,14.336861,2,5,10,1,0,41094.3375,40184.3225,55057.23375000001
2023-10-14 03:00:00+02:00,41184.7325,39117.854999999996,18.9,62.781345,27.162708,3,5,10,1,0,42037.7675,39488.83,55073.611249999994
2023-10-14 04:00:00+02:00,39984.8375,39075.04,17.85,75.9454,31.75355,4,5,10,1,0,42803.7625,40226.885,55038.068125
2023-10-14 05:00:00+02:00,40652.5925,39813.695,17.95,74.00866,31.682043,5,5,10,1,0,46740.895000000004,40705.682499999995,54920.612916666665
2023-10-14 06:00:00+02:00,42618.985,41280.5875,17.75,69.50749,29.882166,6,5,10,1,0,54857.995,42702.1325,54666.933645833335
2023-10-14 07:00:00+02:00,44830.2825,43785.5125,18.7,66.3516,35.785156,7,5,10,1,0,60840.4075,45321.0275,54156.97489583333
2023-10-14 08:00:00+02:00,48637.1975,47213.75,16.2,87.94413,24.162945,8,5,10,1,0,63509.0625,48889.6275,53489.88635416667
2023-10-14 09:00:00+02:00,51274.025,50616.2575,14.75,85.2624,24.821732,9,5,10,1,0,64473.4425,50330.675,52870.225312500006
2023-10-14 10:00:00+02:00,52612.8125,52398.8275,14.15,81.88252,25.323128,10,5,10,1,0,64703.445,52758.3025,52320.24958333333
2023-10-14 11:00:00+02:00,53778.51,53511.28,14.7,72.706535,26.282465,11,5,10,1,0,64691.552500000005,53023.417499999996,51816.473229166666
2023-10-14 12:00:00+02:00,53530.885,53992.1975,15.05,67.139206,26.576681,12,5,10,1,0,63932.865,52359.5225,51361.763125
2023-10-14 13:00:00+02:00,51549.87,53069.582500000004,15.35,62.813126,26.168804,13,5,10,1,0,61736.225000000006,50899.03,50928.347291666665
2023-10-14 14:00:00+02:00,50287.38,51382.415,15.45,55.76394,24.522316,14,5,10,1,0,59342.7,49006.2725,50503.91583333333
2023-10-14 15:00:00+02:00,49210.6075,49842.565,15.05,53.21622,25.922499,15,5,10,1,0,59109.2275,48861.587499999994,50126.61083333334
2023-10-14 16:00:00+02:00,48632.1625,49438.955,14.7,53.493587,24.48,16,5,10,1,0,59403.6875,48777.1725,49714.168333333335
2023-10-14 17:00:00+02:00,50423.705,50160.945,13.55,59.661907,22.007162,17,5,10,1,0,59838.065,49998.6025,49265.35479166667
2023-10-14 18:00:00+02:00,52023.61,51418.869999999995,12.55,61.7341,16.700275,18,5,10,1,0,60950.32,52003.8725,48873.089791666665
2023-10-14 19:00:00+02:00,51990.8475,51800.36,11.3,65.4234,23.4,19,5,10,1,0,60938.645000000004,51872.33,48501.14354166667
2023-10-14 20:00:00+02:00,49302.145000000004,48684.8325,10.65,70.233536,19.296133,20,5,10,1,0,56700.442500000005,48898.104999999996,48128.31864583333
2023-10-14 21:00:00+02:00,46831.7075,45462.85,10.4,67.78187,20.674158,21,5,10,1,0,52498.565,45763.7,47820.056249999994
2023-10-14 22:00:00+02:00,44780.07,43190.152500000004,9.9,69.35443,20.774214,22,5,10,1,0,49493.585,43938.415,47583.9371875
2023-10-14 23:00:00+02:00,42413.565,40600.305,9.7,68.34954,22.668568,23,5,10,1,0,46201.6225,40926.74,47387.54072916667
2023-10-15 00:00:00+02:00,40111.5725,38535.485,9.35,67.798065,24.29133,0,6,10,1,0,43965.3475,38178.4775,47229.704999999994
2023-10-15 01:00:00+02:00,38386.695,36891.615,8.9,69.394615,23.97989,1,6,10,1,0,41509.645,36723.5325,47069.13104166667
2023-10-15 02:00:00+02:00,38498.3675,35651.0175,8.4,71.528625,24.149532,2,6,10,1,0,41487.3975,35552.145000000004,46939.008125
2023-10-15 03:00:00+02:00,38284.5925,35171.18,8.05,71.46113,24.993439,3,6,10,1,0,41184.7325,34854.645000000004,46814.465208333335
2023-10-15 04:00:00+02:00,38090.6325,35283.8075,7.8,71.41279,25.630886,4,6,10,1,0,39984.8375,34215.68,46693.62604166666
2023-10-15 05:00:00+02:00,37866.515,35641.1375,7.55,71.11162,25.153671,5,6,10,1,0,40652.5925,34639.1375,46614.700833333336
2023-10-15 06:00:00+02:00,39279.744999999995,36248.675,7.4,69.58139,25.006397,6,6,10,1,0,42618.985,36056.082500000004,46498.61427083333
2023-10-15 07:00:00+02:00,41043.4,37713.94,7.2,69.54062,23.469128,7,6,10,1,0,44830.2825,38438.3525,46359.47927083334
2023-10-15 08:00:00+02:00,44329.447499999995,40582.125,7.15,70.2783,22.505037,8,6,10,1,0,48637.1975,41426.8775,46201.6925
2023-10-15 09:00:00+02:00,46825.07,44401.865,7.9,69.436226,22.963936,9,6,10,1,0,51274.025,44333.104999999996,46022.20291666666
2023-10-15 10:00:00+02:00,49290.8275,46684.3025,8.75,66.72007,28.08923,10,6,10,1,0,52612.8125,46413.4475,45836.82979166667
2023-10-15 11:00:00+02:00,51476.6425,48409.885,9.65,63.692375,28.66694,11,6,10,1,0,53778.51,48311.8675,45698.41375
2023-10-15 12:00:00+02:00,52134.165,48241.265,10.2,62.263607,25.364037,12,6,10,1,0,53530.885,47765.095,45602.502604166664
2023-10-15 13:00:00+02:00,49887.729999999996,46903.1125,10.65,62.150738,24.490587,13,6,10,1,0,51549.87,46322.7275,45544.3059375
2023-10-15 14:00:00+02:00,48147.075,45927.067500000005,10.1,61.14927,21.9718,14,6,10,1,0,50287.38,44797.692500000005,45475.050104166665
2023-10-15 15:00:00+02:00,47508.635,45126.8775,10.2,64.4958,24.863468,15,6,10,1,0,49210.6075,44168.365000000005,45385.870729166665
2023-10-15 16:00:00+02:00,46895.76,45148.7525,9.9,62.41303,25.922499,16,6,10,1,0,48632.1625,44735.115,45314.95520833333
2023-10-15 17:00:00+02:00,49136.775,46602.207500000004,9.75,61.281864,23.042812,17,6,10,1,0,50423.705,46759.445,45242.605104166665
2023-10-15 18:00:00+02:00,52320.854999999996,48910.0825,8.9,64.65757,20.532627,18,6,10,1,0,52023.61,48688.6975,45188.98302083334
2023-10-15 19:00:00+02:00,53604.965,50070.5925,8.2,68.51956,20.892412,19,6,10,1,0,51990.8475,49768.3875,45201.36822916666
2023-10-15 20:00:00+02:00,50970.1975,47811.4925,8.05,68.48826,22.346113,20,6,10,1,0,49302.145000000004,47572.567500000005,45268.623125000006
2023-10-15 21:00:00+02:00,48634.46,45664.76,7.85,70.41799,22.392462,21,6,10,1,0,46831.7075,45394.817500000005,45338.12531249999
2023-10-15 22:00:00+02:00,47358.7575,44384.1325,7.4,73.38738,20.957443,22,6,10,1,0,44780.07,43613.7025,45413.24
2023-10-15 23:00:00+02:00,44365.9275,41903.69,7.05,75.96717,20.211363,23,6,10,1,0,42413.565,40855.0525,45520.6853125
2023-10-16 00:00:00+02:00,43313.72,39900.045,6.7,78.0883,19.45333,0,0,10,0,0,40111.5725,38581.5625,45602.03375
2023-10-16 01:00:00+02:00,41620.165,38417.1,6.35,79.7086,19.110542,1,0,10,0,0,38386.695,37308.9225,45735.4565625
2023-10-16 02:00:00+02:00,41278.8875,37910.9225,5.65,81.60926,18.391735,2,0,10,0,0,38498.3675,37035.182499999995,45870.184479166666
2023-10-16 03:00:00+02:00,41574.5875,38705.0925,5.3,83.614624,18.089775,3,0,10,0,0,38284.5925,37761.7625,45986.03947916667
2023-10-16 04:00:00+02:00,43242.9275,41217.685,5.1,85.08625,18.03237,4,0,10,0,0,38090.6325,39058.332500000004,46123.12260416666
2023-10-16 05:00:00+02:00,47246.31,45359.192500000005,4.85,87.19614,17.294992,5,0,10,0,0,37866.515,43531.802500000005,46337.80156249999
2023-10-16 06:00:00+02:00,56589.4125,53094.215,4.65,88.734886,17.057314,6,0,10,0,0,39279.744999999995,52807.73,46728.62635416666
2023-10-16 07:00:00+02:00,62533.9525,58226.667499999996,4.55,89.673645,17.015474,7,0,10,0,0,41043.4,58720.932499999995,47449.862499999996
2023-10-16 08:00:00+02:00,64995.020000000004,61457.1525,4.6,89.677605,16.700275,8,0,10,0,0,44329.447499999995,61247.185,48345.3021875
2023-10-16 09:00:00+02:00,64820.025,63226.3775,6.3,81.40851,19.443333,9,0,10,0,0,46825.07,62252.6475,49206.36770833333
2023-10-16 10:00:00+02:00,65068.455,64567.83,7.5,77.93826,17.654688,10,0,10,0,0,49290.8275,63761.8675,49956.1575
2023-10-16 11:00:00+02:00,64509.7475,65847.83,8.6,73.86411,20.598795,11,0,10,0,0,51476.6425,64429.6025,50613.558645833335
2023-10-16 12:00:00+02:00,63634.275,66318.505,9.6,68.80961,18.532133,12,0,10,0,0,52134.165,64006.195,51156.604687499996
2023-10-16 13:00:00+02:00,62318.3125,65229.4775,10.2,69.657524,16.93531,13,0,10,0,0,49887.729999999996,62402.5075,51635.775937499995
2023-10-16 14:00:00+02:00,61020.3575,63512.94,10.35,65.67134,17.377226,14,0,10,0,0,48147.075,61395.0325,52153.71687499999
2023-10-16 15:00:00+02:00,59898.275,61892.317500000005,10.4,65.682365,16.394829,15,0,10,0,0,47508.635,60487.145000000004,52690.10364583333
2023-10-16 16:00:00+02:00,59474.2825,60726.475,10.05,67.000565,16.071491,16,0,10,0,0,46895.76,59806.130000000005,53206.33864583333
2023-10-16 17:00:00+02:00,60067.7425,61402.5625,9.7,71.030304,12.181625,17,0,10,0,0,49136.775,60052.705,53730.44375
2023-10-16 18:00:00+02:00,62016.097499999996,62271.9375,8.85,75.474014,8.78872,18,0,10,0,0,52320.854999999996,60581.5975,54185.90072916667
2023-10-16 19:00:00+02:00,62655.5725,62436.542499999996,7.3,85.03156,6.193674,19,0,10,0,0,53604.965,61159.52,54589.86916666667
2023-10-16 20:00:00+02:00,59110.63,59061.1075,6.55,89.51803,6.5693827,20,0,10,0,0,50970.1975,57782.175,54966.9778125
2023-10-16 21:00:00+02:00,55390.7525,55347.575,6.0,91.6889,6.130579,21,0,10,0,0,48634.46,53960.335,55306.1625
2023-10-16 22:00:00+02:00,51808.36,51769.1875,4.65,94.218575,9.36,22,0,10,0,0,47358.7575,49796.645,55587.6746875
2023-10-16 23:00:00+02:00,48427.21,47738.7375,4.0,95.192184,8.707238,23,0,10,0,0,44365.9275,46402.255,55773.074791666666
2023-10-17 00:00:00+02:00,46519.715,43015.115,3.6,96.533485,8.64,0,1,10,0,0,43313.72,44463.39,55942.29489583333
2023-10-17 01:00:00+02:00,44355.3425,41702.6275,3.5,97.21592,7.92,1,1,10,0,0,41620.165,43031.4225,56075.878020833334
2023-10-17 02:00:00+02:00,43623.29,41242.7275,4.4,98.2644,4.829907,2,1,10,0,0,41278.8875,42052.417499999996,56189.84375
2023-10-17 03:00:00+02:00,44220.192500000005,41938.45,4.3,99.30198,5.692099,3,1,10,0,0,41574.5875,42368.725,56287.5271875
2023-10-17 04:00:00+02:00,45416.7825,43734.3275,3.75,99.99999,6.28713,4,1,10,0,0,43242.9275,43502.042499999996,56397.76072916667
2023-10-17 05:00:00+02:00,49221.065,47539.5375,3.35,100.0,6.28713,5,1,10,0,0,47246.31,46781.635,56488.33802083333
2023-10-17 06:00:00+02:00,56918.595,54520.5625,2.85,100.0,6.4096174,6,1,10,0,0,56589.4125,54446.4625,56570.61947916667
2023-10-17 07:00:00+02:00,62701.6425,59590.3675,3.65,99.2983,4.072935,7,1,10,0,0,62533.9525,59650.3025,56584.33541666667
2023-10-17 08:00:00+02:00,64743.0225,62422.9675,4.15,99.301125,2.8116899,8,1,10,0,0,64995.020000000004,61763.17,56591.3225
2023-10-17 09:00:00+02:00,64681.009999999995,63903.21,4.8,98.61382,1.835647,9,1,10,0,0,64820.025,62260.582500000004,56580.82260416667
2023-10-17 10:00:00+02:00,65170.58,64808.2375,5.35,98.96335,3.6,10,1,10,0,0,65068.455,63726.015,56575.03031249999
2023-10-17 11:00:00+02:00,65348.3925,65802.3,7.3,90.19962,3.9763298,11,1,10,0,0,64509.7475,64218.39,56579.285520833335
2023-10-17 12:00:00+02:00,63880.4525,66176.7625,8.75,86.074585,4.0249224,12,1,10,0,0,63634.275,62991.292499999996,56614.2290625
2023-10-17 13:00:00+02:00,62263.175,65104.7575,9.95,77.5109,3.6,13,1,10,0,0,62318.3125,61182.0475,56624.48645833333
2023-10-17 14:00:00+02:00,60489.3725,63140.475,10.4,61.005676,1.9386592,14,1,10,0,0,61020.3575,59776.31,56622.1890625
2023-10-17 15:00:00+02:00,59710.55,61545.4575,10.35,60.136833,2.9024127,15,1,10,0,0,59898.275,59385.005000000005,56600.0646875
2023-10-17 16:00:00+02:00,59636.634999999995,60582.315,10.4,60.14908,3.4152596,16,1,10,0,0,59474.2825,59314.5475,56592.24281250001
2023-10-17 17:00:00+02:00,61027.3025,61226.765,10.2,62.704494,2.5455842,17,1,10,0,0,60067.7425,60478.0075,56599.00750000001
2023-10-17 18:00:00+02:00,63649.9525,62222.83,9.9,61.53561,2.16,18,1,10,0,0,62016.097499999996,61713.9875,56638.989166666666
2023-10-17 19:00:00+02:00,64574.0725,62606.7275,8.95,66.05868,4.0249224,19,1,10,0,0,62655.5725,63213.4875,56707.066458333335
2023-10-17 20:00:00+02:00,61496.975,59383.255,8.5,66.902664,3.563818,20,1,10,0,0,59110.63,60284.77,56787.003958333335
2023-10-17 21:00:00+02:00,57533.5525,55567.817500000005,5.7,78.48876,2.9024127,21,1,10,0,0,55390.7525,55808.895000000004,56886.435000000005
2023-10-17 22:00:00+02:00,53945.94,51776.3425,3.5,87.3767,6.5693827,22,1,10,0,0,51808.36,52158.2425,56975.71833333333
2023-10-17 23:00:00+02:00,49808.4775,47809.725,3.0,88.59179,7.5170207,23,1,10,0,0,48427.21,48008.815,57064.78416666667
2023-10-18 00:00:00+02:00,47030.345,45286.97,2.6,89.51749,7.8625183,0,2,10,0,0,46519.715,44303.225000000006,57122.33697916667
2023-10-18 01:00:00+02:00,45435.1775,43768.845,2.5,89.83194,7.0911775,1,2,10,0,0,44355.3425,42835.09,57143.613229166665
2023-10-18 02:00:00+02:00,44572.0375,43267.1275,2.25,94.108116,7.653705,2,2,10,0,0,43623.29,42374.9275,57188.606354166666
2023-10-18 03:00:00+02:00,44915.295,43769.83,0.5,96.796455,9.957108,3,2,10,0,0,44220.192500000005,42398.825,57228.13749999999
2023-10-18 04:00:00+02:00,46056.604999999996,45540.64,0.4,98.20738,8.942214,4,2,10,0,0,45416.7825,43751.6225,57257.10010416667
2023-10-18 05:00:00+02:00,49553.51,48885.8225,0.3,99.63887,6.6185193,5,2,10,0,0,49221.065,47630.705,57283.759375
2023-10-18 06:00:00+02:00,57264.6075,55328.7475,0.15,99.27803,4.2136917,6,2,10,0,0,56918.595,55082.2625,57297.611249999994
2023-10-18 07:00:00+02:00,62871.4725,59505.1775,0.2,99.27832,5.00128,7,2,10,0,0,62701.6425,60121.225,57312.0284375
2023-10-18 08:00:00+02:00,65537.515,61996.302500000005,1.15,99.64138,5.692099,8,2,10,0,0,64743.0225,62715.8725,57319.10468750001
2023-10-18 09:00:00+02:00,65879.395,63017.025,2.7,97.891914,5.771239,9,2,10,0,0,64681.009999999995,63280.575,57352.208541666674
2023-10-18 10:00:00+02:00,65585.3075,63598.7975,5.5,94.91713,5.506941,10,2,10,0,0,65170.58,63784.69,57402.14125000001
2023-10-18 11:00:00+02:00,65950.7225,64621.755,8.1,86.00741,6.489992,11,2,10,0,0,65348.3925,63517.905,57419.4215625
2023-10-18 12:00:00+02:00,64973.5675,64430.6825,10.35,71.90062,9.9571085,12,2,10,0,0,63880.4525,63190.9775,57444.518645833334
2023-10-18 13:00:00+02:00,63609.6375,63053.072499999995,11.4,62.109825,11.966953,13,2,10,0,0,62263.175,61796.9075,57490.065104166664
2023-10-18 14:00:00+02:00,61769.3725,61220.4675,11.55,62.145176,11.770403,14,2,10,0,0,60489.3725,60688.07,57546.16770833333
2023-10-18 15:00:00+02:00,60827.119999999995,59751.042499999996,11.7,61.532516,13.1041975,15,2,10,0,0,59710.55,60004.61,57599.50104166666
2023-10-18 16:00:00+02:00,61298.5075,58949.5075,11.35,63.414093,15.629972,16,2,10,0,0,59636.634999999995,59894.8925,57646.02479166666
2023-10-18 17:00:00+02:00,62306.7275,60135.1,10.45,68.98394,14.799459,17,2,10,0,0,61027.3025,60396.4375,57715.26947916666
2023-10-18 18:00:00+02:00,65188.54000000001,61897.92,8.8,74.94042,14.04,18,2,10,0,0,63649.9525,62059.0025,57768.57885416666
2023-10-18 19:00:00+02:00,65420.0075,62176.2625,7.6,79.33242,14.759999,19,2,10,0,0,64574.0725,64054.5125,57832.68666666667
2023-10-18 20:00:00+02:00,62177.95,58603.259999999995,6.9,80.63502,14.689589,20,2,10,0,0,61496.975,60000.07,57867.933958333335
2023-10-18 21:00:00+02:00,58584.615,55301.479999999996,6.75,78.09609,17.651016,21,2,10,0,0,57533.5525,55740.9875,57896.307916666665
2023-10-18 22:00:00+02:00,55155.2175,51611.2725,6.65,77.53017,18.844202,22,2,10,0,0,53945.94,51688.067500000005,57940.10218749999
2023-10-18 23:00:00+02:00,52026.9275,47923.305,6.6,77.24825,18.532133,23,2,10,0,0,49808.4775,48202.0225,57990.48875
2023-10-19 00:00:00+02:00,48734.155,44620.35,6.55,78.06491,20.008356,0,3,10,0,0,47030.345,46454.822499999995,58082.924166666664
2023-10-19 01:00:00+02:00,47094.57,42892.11,6.65,78.35697,21.03152,1,3,10,0,0,45435.1775,45120.685,58153.91625
2023-10-19 02:00:00+02:00,45718.322499999995,42188.7175,6.65,77.53017,21.897945,2,3,10,0,0,44572.0375,43613.815,58223.05760416667
2023-10-19 03:00:00+02:00,45920.5675,42620.8225,6.55,77.2402,21.129885,3,3,10,0,0,44915.295,43054.84,58270.81947916667
2023-10-19 04:00:00+02:00,46958.4425,44298.0325,6.3,78.02586,21.791153,4,3,10,0,0,46056.604999999996,43736.845,58312.70583333333
2023-10-19 05:00:00+02:00,50337.075,47942.94,6.35,78.03368,21.03152,5,3,10,0,0,49553.51,48197.1425,58350.282395833325
2023-10-19 06:00:00+02:00,56756.96,54916.945,6.4,78.31838,19.70815,6,3,10,0,0,57264.6075,56950.55,58382.9309375
2023-10-19 07:00:00+02:00,62642.2125,59586.5025,6.35,78.5885,20.892412,7,3,10,0,0,62871.4725,62274.2575,58361.778958333336
2023-10-19 08:00:00+02:00,65875.1325,61842.8775,6.4,78.59614,20.240196,8,3,10,0,0,65537.515,64173.17,58352.22645833334
2023-10-19 09:00:00+02:00,67075.54000000001,63332.0375,6.5,79.449394,20.674158,9,3,10,0,0,65879.395,64986.8575,58366.293854166666
2023-10-19 10:00:00+02:00,67501.5225,64435.2125,6.5,83.75905,21.647945,10,3,10,0,0,65585.3075,65966.61249999999,58416.13322916667
2023-10-19 11:00:00+02:00,67976.345,64806.270000000004,6.8,85.27368,19.06301,11,3,10,0,0,65950.7225,66728.8875,58495.97552083334
2023-10-19 12:00:00+02:00,67179.4725,64087.915,7.05,86.19776,16.954432,12,3,10,0,0,64973.5675,65964.6925,58580.37645833333
2023-10-19 13:00:00+02:00,66552.41500000001,63109.307499999995,7.45,86.23881,16.575644,13,3,10,0,0,63609.6375,64973.649999999994,58672.28916666666
2023-10-19 14:00:00+02:00,65427.1525,61011.6625,8.25,83.67618,18.94024,14,3,10,0,0,61769.3725,63528.9125,58794.90489583334
2023-10-19 15:00:00+02:00,64406.12,59864.4375,8.3,85.141655,17.643673,15,3,10,0,0,60827.119999999995,62749.3675,58947.31239583334
2023-10-19 16:00:00+02:00,63976.6875,59144.825,7.85,90.55174,15.119999,16,3,10,0,0,61298.5075,61448.1325,59096.43739583332
2023-10-19 17:00:00+02:00,64430.5525,59448.7,7.9,89.00916,17.518356,17,3,10,0,0,62306.7275,61193.2225,59208.028229166666
2023-10-19 18:00:00+02:00,66308.295,61476.89,7.65,91.793594,16.93531,18,3,10,0,0,65188.54000000001,62045.8975,59296.5209375
2023-10-19 19:00:00+02:00,65621.4425,61689.325,7.6,92.424576,17.643673,19,3,10,0,0,65420.0075,62312.2625,59343.177395833336
2023-10-19 20:00:00+02:00,61561.7775,57928.635,7.55,93.05988,17.313717,20,3,10,0,0,62177.95,58576.455,59351.57052083333
2023-10-19 21:00:00+02:00,57151.9025,54248.16,7.6,92.10704,17.81909,21,3,10,0,0,58584.615,54954.292499999996,59325.89666666667
2023-10-19 22:00:00+02:00,53240.795,50723.6175,7.45,92.41583,19.562946,22,3,10,0,0,55155.2175,50681.692500000005,59266.200312500005
2023-10-19 23:00:00+02:00,48827.2475,47119.415,7.4,92.0949,20.275385,23,3,10,0,0,52026.9275,46755.332500000004,59186.432708333334
2023-10-20 00:00:00+02:00,46465.695,44846.995,7.2,92.72067,21.218632,0,4,10,0,0,48734.155,44350.585,59053.112708333334
2023-10-20 01:00:00+02:00,45407.695,43252.19,7.1,93.03573,21.313093,1,4,10,0,0,47094.57,42482.3175,58958.59354166666
2023-10-20 02:00:00+02:00,44174.215,42465.917499999996,6.8,93.98961,21.398056,2,4,10,0,0,45718.322499999995,41094.3375,58888.307083333326
2023-10-20 03:00:00+02:00,44215.3625,42891.015,6.75,94.6392,21.566975,3,4,10,0,0,45920.5675,42037.7675,58823.96927083334
2023-10-20 04:00:00+02:00,46166.85,44416.7475,6.65,93.9826,23.143827,4,4,10,0,0,46958.4425,42803.7625,58752.919062500005
2023-10-20 05:00:00+02:00,49837.525,47542.215,6.55,93.65297,24.288662,5,4,10,0,0,50337.075,46740.895000000004,58719.93604166667
2023-10-20 06:00:00+02:00,56972.8225,53950.8425,6.4,93.64556,24.717085,6,4,10,0,0,56756.96,54857.995,58699.121458333335
2023-10-20 07:00:00+02:00,62895.7025,58997.707500000004,6.25,93.31345,26.476522,7,4,10,0,0,62642.2125,60840.4075,58708.11572916666
2023-10-20 08:00:00+02:00,65798.8575,61775.0775,6.1,92.981606,27.757376,8,4,10,0,0,65875.1325,63509.0625,58718.677812500006
2023-10-20 09:00:00+02:00,67310.5275,63601.0875,6.05,92.33351,25.582806,9,4,10,0,0,67075.54000000001,64473.4425,58715.4996875
2023-10-20 10:00:00+02:00,68257.905,64390.9225,5.95,92.973434,22.26477,10,4,10,0,0,67501.5225,64703.445,58725.29083333333
2023-10-20 11:00:00+02:00,68982.07,64446.3275,6.2,91.064926,27.086262,11,4,10,0,0,67976.345,64691.552500000005,58756.80677083333
2023-10-20 12:00:00+02:00,67380.51999999999,63678.2425,5.9,94.60346,30.625402,12,4,10,0,0,67179.4725,63932.865,58798.71197916666
2023-10-20 13:00:00+02:00,65718.40000000001,62150.0925,5.9,94.60346,27.553526,13,4,10,0,0,66552.41500000001,61736.225000000006,58807.088958333334
2023-10-20 14:00:00+02:00,63237.965,60198.2175,5.3,93.91893,26.183659,14,4,10,0,0,65427.1525,59342.7,58772.33833333334
2023-10-20 15:00:00+02:00,61590.74,59107.9975,5.3,94.24796,26.980793,15,4,10,0,0,64406.12,59109.2275,58681.1221875
2023-10-20 16:00:00+02:00,60841.1075,58808.7925,5.25,94.57591,28.006058,16,4,10,0,0,63976.6875,59403.6875,58563.8146875
2023-10-20 17:00:00+02:00,62712.385,59104.0275,5.1,93.90941,29.869154,17,4,10,0,0,64430.5525,59838.065,58433.16552083334
2023-10-20 18:00:00+02:00,64252.92,60559.0475,5.15,93.91177,30.190672,18,4,10,0,0,66308.295,60950.32,58361.57520833333
2023-10-20 19:00:00+02:00,63198.3875,60245.5975,5.55,93.930786,28.162956,19,4,10,0,0,65621.4425,60938.645000000004,58275.93458333333
2023-10-20 20:00:00+02:00,58442.9325,56422.917499999996,5.9,92.9707,25.922499,20,4,10,0,0,61561.7775,56700.442500000005,58174.973958333336
2023-10-20 21:00:00+02:00,54130.8275,52607.9725,6.2,92.98705,23.084955,21,4,10,0,0,57151.9025,52498.565,58045.02208333334
2023-10-20 22:00:00+02:00,50535.7775,49655.7375,6.45,93.97323,18.888851,22,4,10,0,0,53240.795,49493.585,57919.14395833333
2023-10-20 23:00:00+02:00,46982.845,45945.192500000005,6.7,95.29325,18.057508,23,4,10,0,0,48827.2475,46201.6225,57806.434895833336
2023-10-21 00:00:00+02:00,44779.7325,43528.4525,7.05,94.65171,16.520823,0,5,10,1,0,46465.695,43965.3475,57729.58479166666
2023-10-21 01:00:00+02:00,43254.8975,41915.7875,7.2,95.639946,14.332341,1,5,10,1,0,45407.695,41509.645,57659.33635416667
2023-10-21 02:00:00+02:00,42425.22,40730.665,6.05,96.60024,16.595179,2,5,10,1,0,44174.215,41487.3975,57569.63645833333
2023-10-21 03:00:00+02:00,42054.35,40741.4325,6.5,96.61229,14.973577,3,5,10,1,0,44215.3625,41184.7325,57496.761666666665
2023-10-21 04:00:00+02:00,42231.44,40641.7125,6.35,97.61496,12.55879,4,5,10,1,0,46166.85,39984.8375,57406.71947916666
2023-10-21 05:00:00+02:00,43312.42,41229.9325,6.1,97.61023,12.287555,5,5,10,1,0,49837.525,40652.5925,57242.744062499994
2023-10-21 06:00:00+02:00,44636.495,42585.005,6.6,97.28376,12.7279215,6,5,10,1,0,56972.8225,42618.985,56970.864687500005
2023-10-21 07:00:00+02:00,46488.095,45453.7575,6.4,97.615906,13.849477,7,5,10,1,0,62895.7025,44830.2825,56456.85104166667
2023-10-21 08:00:00+02:00,48944.1225,48002.9125,6.6,97.61968,14.986553,8,5,10,1,0,65798.8575,48637.1975,55773.20072916666
2023-10-21 09:00:00+02:00,51538.7175,50997.185,7.95,96.3213,15.815435,9,5,10,1,0,67310.5275,51274.025,55070.92010416667
2023-10-21 10:00:00+02:00,53483.8325,52740.245,10.0,93.50402,16.199999,10,5,10,1,0,68257.905,52612.8125,54413.761354166665
2023-10-21 11:00:00+02:00,54676.692500000005,54333.6625,12.45,91.78265,14.689588,11,5,10,1,0,68982.07,53778.51,53798.174999999996
2023-10-21 12:00:00+02:00,54039.682499999995,53987.3175,15.25,83.65464,15.509274,12,5,10,1,0,67380.51999999999,53530.885,53202.117604166655
2023-10-21 13:00:00+02:00,52473.6875,52276.515,16.5,77.48639,21.479664,13,5,10,1,0,65718.40000000001,51549.87,52646.24937500001
2023-10-21 14:00:00+02:00,50641.6725,50311.465,16.3,81.62058,20.390114,14,5,10,1,0,63237.965,50287.38,52094.386354166665
2023-10-21 15:00:00+02:00,48892.7275,49130.16,17.1,75.32902,22.90743,15,5,10,1,0,61590.74,49210.6075,51569.54083333333
2023-10-21 16:00:00+02:00,48408.89,48814.4125,17.2,75.84007,14.20062,16,5,10,1,0,60841.1075,48632.1625,51040.456979166665
2023-10-21 17:00:00+02:00,49606.19,49373.4775,16.4,77.7256,8.913181,17,5,10,1,0,62712.385,50423.705,50522.447916666664
2023-10-21 18:00:00+02:00,52618.815,50501.740000000005,13.65,84.86344,7.729527,18,5,10,1,0,64252.92,52023.61,49976.35645833333
2023-10-21 19:00:00+02:00,52611.2125,50620.695,12.85,85.91368,9.178235,19,5,10,1,0,63198.3875,51990.8475,49491.60208333333
2023-10-21 20:00:00+02:00,49208.6275,47664.4,11.95,86.688515,9.085988,20,5,10,1,0,58442.9325,49302.145000000004,49050.46979166667
2023-10-21 21:00:00+02:00,46769.23,44832.065,10.6,88.62926,7.5685663,21,5,10,1,0,54130.8275,46831.7075,48665.707083333335
2023-10-21 22:00:00+02:00,44702.4525,42937.235,8.55,92.47961,10.495713,22,5,10,1,0,50535.7775,44780.07,48358.97385416667
2023-10-21 23:00:00+02:00,41770.817500000005,40563.53,8.15,94.697266,8.654986,23,5,10,1,0,46982.845,42413.565,48115.91864583333
2023-10-22 00:00:00+02:00,39513.3,38187.255,8.3,95.67724,6.792466,0,6,10,1,0,44779.7325,40111.5725,47898.75083333333
2023-10-22 01:00:00+02:00,37507.115,36805.33,7.15,96.96205,9.793058,1,6,10,1,0,43254.8975,38386.695,47679.31614583334
2023-10-22 02:00:00+02:00,37382.495,35541.75,9.2,96.03173,6.638072,2,6,10,1,0,42425.22,38498.3675,47439.82520833334
2023-10-22 03:00:00+02:00,37312.4675,35184.535,8.65,97.32726,10.703569,3,6,10,1,0,42054.35,38284.5925,47229.71166666666
2023-10-22 04:00:00+02:00,37575.9125,35341.1425,9.9,94.13191,10.661107,4,6,10,1,0,42231.44,38090.6325,47032.13322916667
2023-10-22 05:00:00+02:00,37834.17,35858.775,10.45,92.276924,8.759178,5,6,10,1,0,43312.42,37866.515,46838.15291666667
2023-10-22 06:00:00+02:00,38616.43,36292.285,11.1,90.477005,12.287555,6,6,10,1,0,44636.495,39279.744999999995,46609.892499999994
2023-10-22 07:00:00+02:00,40619.2625,37922.62,11.65,89.61294,12.605142,7,6,10,1,0,46488.095,41043.4,46359.05645833333
2023-10-22 08:00:00+02:00,43747.625,40872.9225,11.75,90.221535,13.397612,8,6,10,1,0,48944.1225,44329.447499999995,46114.521770833344
2023-10-22 09:00:00+02:00,46708.4325,44718.475,11.9,90.533936,13.896187,9,6,10,1,0,51538.7175,46825.07,45898.00104166667
2023-10-22 10:00:00+02:00,49084.119999999995,46882.505000000005,13.0,89.4202,12.371645,10,6,10,1,0,53483.8325,49290.8275,45696.739166666666
2023-10-22 11:00:00+02:00,51177.675,49182.6175,14.15,85.762665,12.979984,11,6,10,1,0,54676.692500000005,51476.6425,45513.4178125
2023-10-22 12:00:00+02:00,51497.5575,48992.535,15.35,77.05351,14.982228,12,6,10,1,0,54039.682499999995,52134.165,45367.62541666667
2023-10-22 13:00:00+02:00,49319.185000000005,47570.305,15.85,70.76481,16.418526,13,6,10,1,0,52473.6875,49887.729999999996,45261.70354166667
2023-10-22 14:00:00+02:00,47634.24,46303.7175,15.75,71.456245,15.459054,14,6,10,1,0,50641.6725,48147.075,45130.2659375
2023-10-22 15:00:00+02:00,46540.455,45304.9275,15.85,67.08126,16.516901,15,6,10,1,0,48892.7275,47508.635,45004.956249999996
2023-10-22 16:00:00+02:00,46844.535,45231.3575,15.55,68.38137,15.542662,16,6,10,1,0,48408.89,46895.76,44906.94489583333
2023-10-22 17:00:00+02:00,48901.665,46405.9125,14.75,72.47254,11.620809,17,6,10,1,0,49606.19,49136.775,44841.7634375
2023-10-22 18:00:00+02:00,52812.369999999995,48727.635,13.05,79.046616,8.311245,18,6,10,1,0,52618.815,52320.854999999996,44812.40822916667
2023-10-22 19:00:00+02:00,52817.7575,49273.31,12.45,81.66294,9.885262,19,6,10,1,0,52611.2125,53604.965,44820.473020833335
2023-10-22 20:00:00+02:00,49956.72749999999,47371.47,12.95,79.56481,13.276144,20,6,10,1,0,49208.6275,50970.1975,44829.0790625
2023-10-22 21:00:00+02:00,48194.13,45524.3975,12.75,82.527466,13.324863,21,6,10,1,0,46769.23,48634.46,44860.24989583334
2023-10-22 22:00:00+02:00,47328.7975,44379.205,12.5,84.172035,11.090103,22,6,10,1,0,44702.4525,47358.7575,44919.620729166665
2023-10-22 23:00:00+02:00,45049.445,41526.5975,12.05,86.98893,9.957108,23,6,10,1,0,41770.817500000005,44365.9275,45029.05177083333
2023-10-23 00:00:00+02:00,43455.47,39591.7025,11.05,91.6955,10.464797,0,0,10,0,0,39513.3,43313.72,45165.66125
2023-10-23 01:00:00+02:00,42087.105,38327.4,10.55,91.97296,7.5685663,1,0,10,0,0,37507.115,41620.165,45329.918333333335
2023-10-23 02:00:00+02:00,41114.0625,37872.8125,10.6,90.441185,10.514218,2,0,10,0,0,37382.495,41278.8875,45520.75125
2023-10-23 03:00:00+02:00,41671.375,38887.9125,10.3,91.64826,10.163227,3,0,10,0,0,37312.4675,41574.5875,45676.233229166675
2023-10-23 04:00:00+02:00,43188.479999999996,41264.005,9.75,92.861755,9.255571,4,0,10,0,0,37575.9125,43242.9275,45857.854375
2023-10-23 05:00:00+02:00,46989.365,45252.3525,9.15,94.09794,8.049845,5,0,10,0,0,37834.17,47246.31,46091.71135416667
2023-10-23 06:00:00+02:00,55413.244999999995,52700.9275,8.65,95.68901,7.8954163,6,0,10,0,0,38616.43,56589.4125,46473.177812500006
2023-10-23 07:00:00+02:00,61016.86,57730.4825,8.65,96.34137,7.729527,7,0,10,0,0,40619.2625,62533.9525,47173.04510416667
2023-10-23 08:00:00+02:00,63124.655,60568.425,8.15,96.98586,6.6087217,8,0,10,0,0,43747.625,64995.020000000004,48022.945
2023-10-23 09:00:00+02:00,63557.785,61586.3125,9.15,95.382256,8.766573,9,0,10,0,0,46708.4325,64820.025,48830.32125
2023-10-23 10:00:00+02:00,64159.1325,62121.5175,10.75,91.98511,6.439876,10,0,10,0,0,49084.119999999995,65068.455,49532.377604166664
2023-10-23 11:00:00+02:00,65227.755000000005,63133.9075,12.25,87.59112,6.151683,11,0,10,0,0,51177.675,64509.7475,50160.503124999996
2023-10-23 12:00:00+02:00,64082.875,62811.0075,13.75,77.31719,8.209263,12,0,10,0,0,51497.5575,63634.275,50745.923125
2023-10-23 13:00:00+02:00,62712.042499999996,61299.25,14.45,72.41763,6.9527545,13,0,10,0,0,49319.185000000005,62318.3125,51270.31135416666
2023-10-23 14:00:00+02:00,61968.415,59809.399999999994,14.85,74.45449,7.10031,14,0,10,0,0,47634.24,61020.3575,51828.34708333333
2023-10-23 15:00:00+02:00,60907.305,58913.955,14.85,72.24857,6.763786,15,0,10,0,0,46540.455,59898.275,52425.604374999995
2023-10-23 16:00:00+02:00,60262.5925,58421.1025,14.8,71.516815,5.4833565,16,0,10,0,0,46844.535,59474.2825,53024.223125
2023-10-23 17:00:00+02:00,62203.645000000004,59789.7675,14.45,72.905266,2.5455842,17,0,10,0,0,48901.665,60067.7425,53583.30885416666
2023-10-23 18:00:00+02:00,64308.285,61285.965,12.9,79.29077,2.968636,18,0,10,0,0,52812.369999999995,62016.097499999996,54137.55802083333
2023-10-23 19:00:00+02:00,63039.58,61216.385,10.75,90.148026,5.1544156,19,0,10,0,0,52817.7575,62655.5725,54616.55447916667
2023-10-23 20:00:00+02:00,59773.765,57880.6075,10.5,91.04562,8.049845,20,0,10,0,0,49956.72749999999,59110.63,55042.463749999995
2023-10-23 21:00:00+02:00,56501.6375,54576.185,10.05,91.632416,8.350138,21,0,10,0,0,48194.13,55390.7525,55451.50697916667
2023-10-23 22:00:00+02:00,52867.0525,51050.7375,9.6,92.85357,10.538843,22,0,10,0,0,47328.7975,51808.36,55797.653125000004
2023-10-23 23:00:00+02:00,49202.97,47260.7625,9.8,92.5511,11.966954,23,0,10,0,0,45049.445,48427.21,56028.41375
2023-10-24 00:00:00+02:00,46484.8025,42797.8,10.1,91.94551,12.864649,0,1,10,0,0,43455.47,46519.715,56201.47729166667
2023-10-24 01:00:00+02:00,45258.9725,41430.9875,10.1,92.56811,12.522619,1,1,10,0,0,42087.105,44355.3425,56327.69947916666
2023-10-24 02:00:00+02:00,44400.6225,40680.175,10.15,93.51147,13.1041975,2,1,10,0,0,41114.0625,43623.29,56459.860625
2023-10-24 03:00:00+02:00,45132.22,41428.15,10.05,94.13866,15.629972,3,1,10,0,0,41671.375,44220.192500000005,56596.800624999996
2023-10-24 04:00:00+02:00,46756.465,43271.1225,10.0,94.45402,16.946787,4,1,10,0,0,43188.479999999996,45416.7825,56741.002499999995
2023-10-24 05:00:00+02:00,50147.15,46922.92,10.3,93.20481,17.651016,5,1,10,0,0,46989.365,49221.065,56889.668541666666
2023-10-24 06:00:00+02:00,57881.5925,53925.595,10.2,94.14542,17.782688,6,1,10,0,0,55413.244999999995,56918.595,57021.24291666666
2023-10-24 07:00:00+02:00,63525.6975,58730.3425,10.3,93.83393,17.208603,7,1,10,0,0,61016.86,62701.6425,57124.090729166666
2023-10-24 08:00:00+02:00,65573.38,61133.115,9.9,95.08829,16.055353,8,1,10,0,0,63124.655,64743.0225,57228.62562499999
2023-10-24 09:00:00+02:00,66749.61,62300.270000000004,10.45,92.89978,17.76081,9,1,10,0,0,63557.785,64681.009999999995,57330.65583333333
2023-10-24 10:00:00+02:00,67466.94,63121.985,11.1,91.08602,14.512064,10,1,10,0,0,64159.1325,65170.58,57463.64854166666
2023-10-24 11:00:00+02:00,67794.3775,63857.2625,12.0,87.56827,16.09969,11,1,10,0,0,65227.755000000005,65348.3925,57601.47385416667
2023-10-24 12:00:00+02:00,66071.7125,63481.244999999995,12.45,86.15995,14.182355,12,1,10,0,0,64082.875,63880.4525,57708.41645833334
2023-10-24 13:00:00+02:00,66068.555,62284.9425,12.9,85.9188,13.1041975,13,1,10,0,0,62712.042499999996,62263.175,57791.2846875
2023-10-24 14:00:00+02:00,65234.595,60851.875,14.15,81.88252,13.551501,14,1,10,0,0,61968.415,60489.3725,57931.139375
2023-10-24 15:00:00+02:00,63405.869999999995,59593.0125,13.3,88.8545,7.6367526,15,1,10,0,0,60907.305,59710.55,58067.23020833334
2023-10-24 16:00:00+02:00,62441.985,58818.495,13.45,89.750946,7.9932966,16,1,10,0,0,60262.5925,59636.634999999995,58171.33708333334
2023-10-24 17:00:00+02:00,62785.3075,59915.98,12.65,94.87774,4.5820518,17,1,10,0,0,62203.645000000004,61027.3025,58262.14510416667
2023-10-24 18:00:00+02:00,64402.435,61473.9225,12.3,96.12573,3.7064266,18,1,10,0,0,64308.285,63649.9525,58286.38104166667
2023-10-24 19:00:00+02:00,63527.619999999995,61524.0025,12.25,95.80732,3.6179552,19,1,10,0,0,63039.58,64574.0725,58290.30395833333
2023-10-24 20:00:00+02:00,60206.7525,57866.285,12.1,96.75711,8.311245,20,1,10,0,0,59773.765,61496.975,58310.63895833333
2023-10-24 21:00:00+02:00,57535.2975,54469.8675,11.7,97.39009,4.896529,21,1,10,0,0,56501.6375,57533.5525,58328.68010416667
2023-10-24 22:00:00+02:00,53677.6875,50890.8925,12.2,94.86011,3.2599385,22,1,10,0,0,52867.0525,53945.94,58371.74927083333
2023-10-24 23:00:00+02:00,49981.6075,47285.5675,12.0,96.116776,1.2979984,23,1,10,0,0,49202.97,49808.4775,58405.525729166664
2023-10-25 00:00:00+02:00,47581.7,42125.33,11.45,98.03305,4.829907,0,2,10,0,0,46484.8025,47030.345,58437.96895833334
2023-10-25 01:00:00+02:00,46098.5925,40706.095,11.15,98.02846,7.10031,1,2,10,0,0,45258.9725,45435.1775,58483.67302083334
2023-10-25 02:00:00+02:00,45607.885,40270.1775,10.65,98.67662,8.311245,2,2,10,0,0,44400.6225,44572.0375,58518.6571875
2023-10-25 03:00:00+02:00,46165.042499999996,41037.46,10.25,98.67248,6.638072,3,2,10,0,0,45132.22,44915.295,58568.959791666675
2023-10-25 04:00:00+02:00,46779.9975,42854.4725,9.75,98.99896,7.2359104,4,2,10,0,0,46756.465,46056.604999999996,58611.99406250001
2023-10-25 05:00:00+02:00,49832.0,46233.7175,9.5,98.333244,9.779817,5,2,10,0,0,50147.15,49553.51,58612.97458333333
2023-10-25 06:00:00+02:00,56658.167499999996,52981.02,9.75,97.67798,11.525623,6,2,10,0,0,57881.5925,57264.6075,58599.84333333333
2023-10-25 07:00:00+02:00,62520.01,58304.5925,9.45,97.67252,11.013882,7,2,10,0,0,63525.6975,62871.4725,58548.86729166666
2023-10-25 08:00:00+02:00,64145.57,61122.16,9.0,97.66429,9.826088,8,2,10,0,0,65573.38,65537.515,58506.96364583333
2023-10-25 09:00:00+02:00,64233.545,62272.825,9.25,96.684586,9.0645685,9,2,10,0,0,66749.61,65879.395,58447.471562499995
2023-10-25 10:00:00+02:00,64723.41,62893.384999999995,9.85,94.12965,6.849467,10,2,10,0,0,67466.94,65585.3075,58342.63552083333
2023-10-25 11:00:00+02:00,64588.8675,63795.005000000005,10.95,89.25774,6.519877,11,2,10,0,0,67794.3775,65950.7225,58228.32177083333
2023-10-25 12:00:00+02:00,64374.98,63647.567500000005,11.75,86.08906,5.3999996,12,2,10,0,0,66071.7125,64973.5675,58094.75885416666
2023-10-25 13:00:00+02:00,62860.325,62409.39,12.7,80.87702,7.42159,13,2,10,0,0,66068.555,63609.6375,58024.06166666667
2023-10-25 14:00:00+02:00,61442.33,60888.042499999996,13.4,74.705894,4.1046314,14,2,10,0,0,65234.595,61769.3725,57890.385416666664
2023-10-25 15:00:00+02:00,62447.4525,59442.8575,13.25,76.46331,4.1046314,15,2,10,0,0,63405.869999999995,60827.119999999995,57732.37437499999
2023-10-25 16:00:00+02:00,62143.8775,58656.295,13.35,73.69548,3.2599385,16,2,10,0,0,62441.985,61298.5075,57692.440312499995
2023-10-25 17:00:00+02:00,63549.67,59839.369999999995,12.3,81.09557,5.4477882,17,2,10,0,0,62785.3075,62306.7275,57680.019166666665
2023-10-25 18:00:00+02:00,65631.2425,61439.115000000005,10.0,89.181206,7.2359104,18,2,10,0,0,64402.435,65188.54000000001,57711.86760416667
2023-10-25 19:00:00+02:00,64705.755,61460.395000000004,9.65,90.37255,9.007196,19,2,10,0,0,63527.619999999995,65420.0075,57763.06791666666
2023-10-25 20:00:00+02:00,61384.675,57873.479999999996,9.45,90.974266,9.885262,20,2,10,0,0,60206.7525,62177.95,57812.15687500001
2023-10-25 21:00:00+02:00,57574.2425,54569.880000000005,9.4,90.66215,11.659777,21,2,10,0,0,57535.2975,58584.615,57861.236979166664
2023-10-25 22:00:00+02:00,54505.165,51044.875,9.85,87.36919,14.471821,22,2,10,0,0,53677.6875,55155.2175,57862.8596875
2023-10-25 23:00:00+02:00,50823.43,47430.6825,9.9,86.48634,14.561099,23,2,10,0,0,49981.6075,52026.9275,57897.33791666667
2023-10-26 00:00:00+02:00,48002.58,44260.942500000005,9.9,85.89909,16.203999,0,3,10,0,0,47581.7,48734.155,57932.41385416666
2023-10-26 01:00:00+02:00,45932.1075,42789.055,9.95,85.32074,16.808569,1,3,10,0,0,46098.5925,47094.57,57949.950520833336
2023-10-26 02:00:00+02:00,44837.6625,41776.792499999996,9.85,87.072365,16.919998,2,3,10,0,0,45607.885,45718.322499999995,57943.01364583333
2023-10-26 03:00:00+02:00,45063.1675,42045.16,9.65,91.297005,14.345898,3,3,10,0,0,46165.042499999996,45920.5675,57910.92104166667
2023-10-26 04:00:00+02:00,46358.075,43723.9675,9.5,94.11382,16.311613,4,3,10,0,0,46779.9975,46958.4425,57865.00958333333
2023-10-26 05:00:00+02:00,49915.39,47070.957500000004,9.6,93.80074,16.78156,5,3,10,0,0,49832.0,50337.075,57847.42947916667
2023-10-26 06:00:00+02:00,57362.884999999995,53432.2625,9.65,94.12061,15.844089,6,3,10,0,0,56658.167499999996,56756.96,57850.9040625
2023-10-26 07:00:00+02:00,63602.979999999996,57784.815,9.6,95.39831,15.137133,7,3,10,0,0,62520.01,62642.2125,57880.26729166667
2023-10-26 08:00:00+02:00,65826.5,60360.285,9.35,96.03635,12.074766,8,3,10,0,0,64145.57,65875.1325,57925.39104166667
2023-10-26 09:00:00+02:00,66296.8925,62232.055,9.75,95.40366,11.592894,9,3,10,0,0,64233.545,67075.54000000001,57995.42979166666
2023-10-26 10:00:00+02:00,67044.33499999999,63453.1725,10.35,93.207405,13.551501,10,3,10,0,0,64723.41,67501.5225,58081.40260416667
2023-10-26 11:00:00+02:00,67960.7475,64038.29,10.65,91.3626,13.896187,11,3,10,0,0,64588.8675,67976.345,58178.1078125
2023-10-26 12:00:00+02:00,67316.3425,63913.3225,10.7,90.753296,14.277983,12,3,10,0,0,64374.98,67179.4725,58318.6028125
2023-10-26 13:00:00+02:00,66406.75749999999,62793.065,11.25,87.499344,13.70839,13,3,10,0,0,62860.325,66552.41500000001,58441.159583333334
2023-10-26 14:00:00+02:00,64723.5825,61332.255,11.35,85.47024,10.587917,14,3,10,0,0,61442.33,65427.1525,58588.92760416667
2023-10-26 15:00:00+02:00,62958.369999999995,59705.7975,10.5,92.590706,8.209263,15,3,10,0,0,62447.4525,64406.12,58725.64645833333
2023-10-26 16:00:00+02:00,62577.9225,59049.3875,10.45,93.21259,6.489992,16,3,10,0,0,62143.8775,63976.6875,58746.934687500005
2023-10-26 17:00:00+02:00,62999.2,60012.4475,10.3,94.4668,5.5887027,17,3,10,0,0,63549.67,64430.5525,58765.01989583333
2023-10-26 18:00:00+02:00,65034.3525,61727.8625,10.1,94.14091,6.162207,18,3,10,0,0,65631.2425,66308.295,58742.083645833336
2023-10-26 19:00:00+02:00,64583.2875,61118.7375,9.7,95.40189,4.6800003,19,3,10,0,0,64705.755,65621.4425,58717.213229166664
2023-10-26 20:00:00+02:00,61501.055,57532.03,9.7,95.40189,2.5959969,20,3,10,0,0,61384.675,61561.7775,58712.11041666666
2023-10-26 21:00:00+02:00,58179.085,54182.682499999995,9.5,95.717384,3.0547013,21,3,10,0,0,57574.2425,57151.9025,58716.95958333332
2023-10-26 22:00:00+02:00,54144.9525,50726.1525,8.55,97.325165,4.39436,22,3,10,0,0,54505.165,53240.795,58742.16135416666
2023-10-26 23:00:00+02:00,50566.45,46731.43,8.35,97.98471,4.6938257,23,3,10,0,0,50823.43,48827.2475,58727.1525
2023-10-27 00:00:00+02:00,47637.6875,44527.305,8.45,97.65419,4.6800003,0,4,10,0,0,48002.58,46465.695,58716.445
2023-10-27 01:00:00+02:00,46058.0125,43007.41,8.3,98.31742,3.7585104,1,4,10,0,0,45932.1075,45407.695,58701.24114583333
2023-10-27 02:00:00+02:00,44940.557499999995,42375.185,8.5,97.98709,4.896529,2,4,10,0,0,44837.6625,44174.215,58706.487187499995
2023-10-27 03:00:00+02:00,45162.2575,43064.1575,9.25,97.66887,7.42159,3,4,10,0,0,45063.1675,44215.3625,58710.77447916666
2023-10-27 04:00:00+02:00,46677.552500000005,44696.965,9.3,97.340836,7.2805495,4,4,10,0,0,46358.075,46166.85,58714.90322916666
2023-10-27 05:00:00+02:00,49971.375,47687.630000000005,9.35,97.6707,6.5693827,5,4,10,0,0,49915.39,49837.525,58728.214791666665
2023-10-27 06:00:00+02:00,57155.317500000005,53727.4375,9.45,97.67252,5.8603754,6,4,10,0,0,57362.884999999995,56972.8225,58730.54750000001
2023-10-27 07:00:00+02:00,62606.4825,57975.5025,9.5,98.002846,4.6938252,7,4,10,0,0,63602.979999999996,62895.7025,58721.89885416667
2023-10-27 08:00:00+02:00,65103.39,60188.08,9.5,97.67343,7.10031,8,4,10,0,0,65826.5,65798.8575,58680.378124999996
2023-10-27 09:00:00+02:00,66038.9,61438.6025,9.65,95.40011,10.495713,9,4,10,0,0,66296.8925,67310.5275,58650.24854166667
2023-10-27 10:00:00+02:00,66872.7225,62201.3425,10.0,92.87536,11.27553,10,4,10,0,0,67044.33499999999,68257.905,58639.49885416666
2023-10-27 11:00:00+02:00,66803.91500000001,62569.8525,10.35,90.42319,11.525623,11,4,10,0,0,67960.7475,68982.07,58632.348333333335
2023-10-27 12:00:00+02:00,65701.83499999999,62548.925,10.55,89.22562,11.367109,12,4,10,0,0,67316.3425,67380.51999999999,58584.14697916666
2023-10-27 13:00:00+02:00,63876.8,61460.9425,10.65,88.03687,12.10157,13,4,10,0,0,66406.75749999999,65718.40000000001,58516.87583333333
2023-10-27 14:00:00+02:00,61507.9875,59977.9775,10.9,86.002235,12.7279215,14,4,10,0,0,64723.5825,63237.965,58411.4609375
2023-10-27 15:00:00+02:00,60273.0075,58683.8375,9.8,92.5511,10.495713,15,4,10,0,0,62958.369999999995,61590.74,58277.4778125
2023-10-27 16:00:00+02:00,59983.8725,57974.1325,9.7,91.921,9.826088,16,4,10,0,0,62577.9225,60841.1075,58165.58770833333
2023-10-27 17:00:00+02:00,61384.3525,58765.1075,9.45,93.793594,8.225035,17,4,10,0,0,62999.2,62712.385,58057.50229166667
2023-10-27 18:00:00+02:00,63237.192500000005,59843.6225,9.2,94.41974,9.178235,18,4,10,0,0,65034.3525,64252.92,57990.21697916667
2023-10-27 19:00:00+02:00,62170.425,58719.9625,8.95,94.73003,9.793058,19,4,10,0,0,64583.2875,63198.3875,57915.33531250001
2023-10-27 20:00:00+02:00,58693.932499999995,55348.707500000004,8.8,95.04632,6.162207,20,4,10,0,0,61501.055,58442.9325,57814.799375
2023-10-27 21:00:00+02:00,54477.3075,52271.1275,8.75,95.044395,5.937272,21,4,10,0,0,58179.085,54130.8275,57697.8359375
2023-10-27 22:00:00+02:00,51392.8175,49118.229999999996,8.7,95.69069,8.669949,22,4,10,0,0,54144.9525,50535.7775,57543.59520833334
2023-10-27 23:00:00+02:00,47467.2775,45517.1575,8.65,96.0147,8.557102,23,4,10,0,0,50566.45,46982.845,57428.92291666666
2023-10-28 00:00:00+02:00,43860.1925,42811.955,8.6,96.66772,9.178235,0,5,10,1,0,47637.6875,44779.7325,57299.79072916667
2023-10-28 01:00:00+02:00,41896.604999999996,40998.14,8.65,96.669014,8.654986,1,5,10,1,0,46058.0125,43254.8975,57142.395104166666
2023-10-28 02:00:00+02:00,40212.7475,39964.905,8.65,96.99764,9.178235,2,5,10,1,0,44940.557499999995,42425.22,56969.003124999996
2023-10-28 03:00:00+02:00,40561.5675,39921.807499999995,8.5,97.98709,9.3669195,3,5,10,1,0,45162.2575,42054.35,56772.011041666665
2023-10-28 04:00:00+02:00,41121.4225,40432.1725,8.55,97.65603,8.669949,4,5,10,1,0,46677.552500000005,42231.44,56580.315624999996
2023-10-28 05:00:00+02:00,41836.195,41319.33,8.6,97.656944,8.647496,5,5,10,1,0,49971.375,43312.42,56348.81020833333
2023-10-28 06:00:00+02:00,43853.770000000004,43008.604999999996,8.6,97.98868,8.311245,6,5,10,1,0,57155.317500000005,44636.495,56009.84437499999
2023-10-28 07:00:00+02:00,46293.4625,45426.1,8.55,97.325165,9.339208,7,5,10,1,0,62606.4825,46488.095,55455.613229166665
2023-10-28 08:00:00+02:00,49216.09,48526.2175,8.55,96.66641,7.42159,8,5,10,1,0,65103.39,48944.1225,54775.9040625
2023-10-28 09:00:00+02:00,51853.177500000005,51906.3475,8.7,96.01626,6.87779,9,5,10,1,0,66038.9,51538.7175,54113.933229166665
2023-10-28 10:00:00+02:00,53194.6325,53881.9275,9.25,94.74224,4.3349743,10,5,10,1,0,66872.7225,53483.8325,53522.86145833333
2023-10-28 11:00:00+02:00,54410.63,54757.755,9.9,93.18402,5.1919937,11,5,10,1,0,66803.91500000001,54676.692500000005,52952.941041666665
2023-10-28 12:00:00+02:00,54643.465,54770.485,11.05,85.43838,10.144082,12,5,10,1,0,65701.83499999999,54039.682499999995,52436.55416666667
2023-10-28 13:00:00+02:00,53130.332500000004,53060.9975,11.3,82.90499,11.113451,13,5,10,1,0,63876.8,52473.6875,51975.78875
2023-10-28 14:00:00+02:00,51668.3525,51378.945,11.9,79.68312,8.209263,14,5,10,1,0,61507.9875,50641.6725,51528.01927083334
2023-10-28 15:00:00+02:00,50693.945,49990.405,11.8,86.67387,6.151683,15,5,10,1,0,60273.0075,48892.7275,51118.03447916667
2023-10-28 16:00:00+02:00,50422.8225,49825.0925,11.6,88.416664,7.42159,16,5,10,1,0,59983.8725,48408.89,50718.90687499999
2023-10-28 17:00:00+02:00,52084.43,50837.3425,11.25,92.01538,5.5887027,17,5,10,1,0,61384.3525,49606.19,50320.52979166666
2023-10-28 18:00:00+02:00,54163.795,52681.3025,9.9,95.730644,4.8965297,18,5,10,1,0,63237.192500000005,52618.815,49933.03302083333
2023-10-28 19:00:00+02:00,53330.6475,52420.735,9.3,96.359856,7.628263,19,5,10,1,0,62170.425,52611.2125,49554.97479166667
2023-10-28 20:00:00+02:00,50437.3775,49407.442500000005,9.7,95.40189,7.5599995,20,5,10,1,0,58693.932499999995,49208.6275,49186.650729166664
2023-10-28 21:00:00+02:00,48301.332500000004,46919.615000000005,9.9,94.768555,9.114471,21,5,10,1,0,54477.3075,46769.23,48842.627604166664
2023-10-28 22:00:00+02:00,46261.14,44929.205,9.55,95.396545,8.557102,22,5,10,1,0,51392.8175,44702.4525,48585.2953125
2023-10-28 23:00:00+02:00,43160.3775,42175.6725,9.25,94.74224,11.367109,23,5,10,1,0,47467.2775,41770.817500000005,48371.475416666675
2023-10-29 00:00:00+02:00,40876.465,,9.1,94.41542,9.531505,0,6,10,1,0,43860.1925,39513.3,48192.02125
2023-10-29 01:00:00+02:00,38787.1475,38055.745,8.55,95.03671,10.182337,1,6,10,1,0,41896.604999999996,37507.115,48067.69927083334
2023-10-29 02:00:00+02:00,37776.0475,37052.2825,8.35,94.38295,11.159999,2,6,10,1,0,40212.7475,37382.495,47938.138541666674
2023-10-29 02:00:00+01:00,37829.68,37014.7825,8.4,94.06369,11.27553,2,6,10,1,0,40561.5675,37312.4675,47836.609375
2023-10-29 03:00:00+01:00,37788.96,36744.4125,8.55,93.4313,12.43434,3,6,10,1,0,41121.4225,37575.9125,47722.78072916667
2023-10-29 04:00:00+01:00,38527.545,37138.2125,8.8,92.80968,14.707222,4,6,10,1,0,41836.195,37834.17,47583.928125000006
2023-10-29 05:00:00+01:00,39519.7375,37538.365000000005,9.75,90.3798,17.902534,5,6,10,1,0,43853.770000000004,38616.43,47446.067708333336
2023-10-29 06:00:00+01:00,41590.8125,38026.65,10.15,91.02193,18.861387,6,6,10,1,0,46293.4625,40619.2625,47265.48302083334
2023-10-29 07:00:00+01:00,44653.8975,39698.8625,10.65,90.44476,18.806337,7,6,10,1,0,49216.09,43747.625,47069.53927083334
2023-10-29 08:00:00+01:00,48432.48,42562.765,11.1,88.97016,20.275383,8,6,10,1,0,51853.177500000005,46708.4325,46879.447916666664
2023-10-29 09:00:00+01:00,50843.6875,46359.735,11.75,86.08906,24.442911,9,6,10,1,0,53194.6325,49084.119999999995,46736.918854166666
2023-10-29 10:00:00+01:00,52457.7925,48433.21,11.95,84.39232,21.26744,10,6,10,1,0,54410.63,51177.675,46638.962812499994
2023-10-29 11:00:00+01:00,54065.475000000006,50067.259999999995,13.45,77.2703,23.051247,11,6,10,1,0,54643.465,51497.5575,46557.59458333333
2023-10-29 12:00:00+01:00,53977.61,49833.375,14.65,68.891396,27.238941,12,6,10,1,0,53130.332500000004,49319.185000000005,46533.511666666665
2023-10-29 13:00:00+01:00,52041.58,48022.935,16.15,62.995934,25.63847,13,6,10,1,0,51668.3525,47634.24,46568.814895833326
2023-10-29 14:00:00+01:00,50182.0125,46079.225,14.85,78.263176,19.33639,14,6,10,1,0,50693.945,46540.455,46584.36604166666
2023-10-29 15:00:00+01:00,49649.317500000005,44997.0775,15.1,77.52656,19.242327,15,6,10,1,0,50422.8225,46844.535,46563.035520833335
2023-10-29 16:00:00+01:00,50109.0625,45137.04,14.65,74.17183,22.226902,16,6,10,1,0,52084.43,48901.665,46530.80614583334
2023-10-29 17:00:00+01:00,53454.81,46960.3075,13.8,78.891975,23.188583,17,6,10,1,0,54163.795,52812.369999999995,46448.49916666667
2023-10-29 18:00:00+01:00,54663.565,49923.8125,13.05,85.64879,20.211363,18,6,10,1,0,53330.6475,52817.7575,46418.958125
2023-10-29 19:00:00+01:00,53305.667499999996,49856.5075,12.8,87.060234,21.26744,19,6,10,1,0,50437.3775,49956.72749999999,46474.49635416667
2023-10-29 20:00:00+01:00,51103.165,47723.415,12.8,88.22551,22.553934,20,6,10,1,0,48301.332500000004,48194.13,46594.00843750001
2023-10-29 21:00:00+01:00,49190.435,45439.895,13.2,87.098045,24.315327,21,6,10,1,0,46261.14,47328.7975,46710.75145833334
2023-10-29 22:00:00+01:00,47801.2175,44755.4875,13.2,85.09681,23.710857,22,6,10,1,0,43160.3775,45049.445,46832.80541666666
2023-10-29 23:00:00+01:00,45388.7975,42474.58,12.7,85.04281,23.688984,23,6,10,1,0,40876.465,43455.47,47026.173749999994
2023-10-30 00:00:00+01:00,43590.32,39092.155,12.65,85.89317,23.199759,0,0,10,0,0,38787.1475,42087.105,47214.18760416666
2023-10-30 01:00:00+01:00,42485.5925,37641.8475,12.5,84.73727,22.218153,1,0,10,0,0,37776.0475,41114.0625,47414.31979166667
2023-10-30 02:00:00+01:00,41105.8575,37196.54,12.15,80.259056,22.66857,2,0,10,0,0,37829.68,41671.375,47610.550833333335
2023-10-30 03:00:00+01:00,41749.63,38138.08,12.05,78.36714,23.277834,3,0,10,0,0,37788.96,43188.479999999996,47747.058229166665
2023-10-30 04:00:00+01:00,42909.9675,40654.555,11.9,78.3445,21.203358,4,0,10,0,0,38527.545,46989.365,47912.08614583333
2023-10-30 05:00:00+01:00,46392.365,44523.292499999996,11.65,79.9179,20.111729,5,0,10,0,0,39519.7375,55413.244999999995,48094.68708333333
2023-10-30 06:00:00+01:00,53747.32,51618.479999999996,11.5,81.815125,19.914215,6,0,10,0,0,41590.8125,61016.86,48381.0465625
2023-10-30 07:00:00+01:00,58730.645,56120.1725,11.15,84.5872,18.335276,7,0,10,0,0,44653.8975,63124.655,48887.567708333336
2023-10-30 08:00:00+01:00,61824.3825,59334.1625,11.5,84.62632,16.831684,8,0,10,0,0,48432.48,63557.785,49474.09885416667
2023-10-30 09:00:00+01:00,61974.575,60881.74,12.35,82.47751,16.039202,9,0,10,0,0,50843.6875,64159.1325,50032.09479166666
2023-10-30 10:00:00+01:00,62562.6425,61971.29,13.2,78.27639,16.641972,10,0,10,0,0,52457.7925,65227.755000000005,50495.88177083334
2023-10-30 11:00:00+01:00,63686.0775,62663.4025,13.9,75.29521,15.1884165,11,0,10,0,0,54065.475000000006,64082.875,50916.917187499996
2023-10-30 12:00:00+01:00,62524.0175,62584.385,14.45,72.41763,15.1884165,12,0,10,0,0,53977.61,62712.042499999996,51317.775625
2023-10-30 13:00:00+01:00,61906.2125,61668.125,15.15,69.45667,14.48972,13,0,10,0,0,52041.58,61968.415,51673.8759375
2023-10-30 14:00:00+01:00,60432.08,60638.292499999996,15.3,74.284294,14.84318,14,0,10,0,0,50182.0125,60907.305,52084.902291666665
2023-10-30 15:00:00+01:00,59818.55,59849.805,14.95,76.22724,9.6932955,15,0,10,0,0,49649.317500000005,60262.5925,52511.988437500004
2023-10-30 16:00:00+01:00,59943.270000000004,59299.2125,13.55,84.85253,6.9247384,16,0,10,0,0,50109.0625,62203.645000000004,52935.70645833333
2023-10-30 17:00:00+01:00,62579.8825,60931.707500000004,12.75,87.05551,7.2,17,0,10,0,0,53454.81,64308.285,53345.46510416666
2023-10-30 18:00:00+01:00,62992.66,61883.667499999996,13.05,85.08063,10.00256,18,0,10,0,0,54663.565,63039.58,53725.676458333335
2023-10-30 19:00:00+01:00,61383.61,60648.9675,12.8,85.908554,10.739833,19,0,10,0,0,53305.667499999996,59773.765,54072.72208333333
2023-10-30 20:00:00+01:00,57791.3525,57230.415,12.25,87.29913,11.212135,20,0,10,0,0,51103.165,56501.6375,54409.30302083333
2023-10-30 21:00:00+01:00,54087.8425,53781.175,12.55,83.33641,15.034041,21,0,10,0,0,49190.435,52867.0525,54687.9775
2023-10-30 22:00:00+01:00,50444.5225,49400.99,12.4,82.48376,13.5515,22,0,10,0,0,47801.2175,49202.97,54892.03614583334
2023-10-30 23:00:00+01:00,46012.17,45500.8225,12.05,81.88631,13.138765,23,0,10,0,0,45388.7975,46484.8025,55002.17385416667
2023-10-31 00:00:00+01:00,44044.045,42116.4225,12.0,82.15633,9.793058,0,1,10,0,0,43590.32,45258.9725,55028.14770833333
2023-10-31 01:00:00+01:00,42199.455,40540.725,11.7,86.08397,7.2359104,1,1,10,0,0,42485.5925,44400.6225,55047.05291666666
2023-10-31 02:00:00+01:00,41303.53,39749.8575,11.1,88.97016,7.653705,2,1,10,0,0,41105.8575,45132.22,55035.130520833336
2023-10-31 03:00:00+01:00,41536.695,39811.3775,11.0,92.00027,6.87779,3,1,10,0,0,41749.63,46756.465,55043.366875
2023-10-31 04:00:00+01:00,42883.325,40597.5225,10.85,94.17451,5.1919937,4,1,10,0,0,42909.9675,50147.15,55034.49458333334
2023-10-31 05:00:00+01:00,45792.255,43838.405,10.75,95.43902,10.144082,5,1,10,0,0,46392.365,57881.5925,55033.38447916667
2023-10-31 06:00:00+01:00,52824.7425,49891.31,10.85,95.76188,11.27553,6,1,10,0,0,53747.32,63525.6975,55008.37989583333
2023-10-31 07:00:00+01:00,57389.979999999996,53549.2775,10.8,95.76025,13.202726,7,1,10,0,0,58730.645,65573.38,54969.93916666667
2023-10-31 08:00:00+01:00,60632.9875,56166.57,11.15,94.187874,16.485485,8,1,10,0,0,61824.3825,66749.61,54914.078125
2023-10-31 09:00:00+01:00,61657.225,58523.795,12.25,89.36119,26.00486,9,1,10,0,0,61974.575,67466.94,54864.436666666676
2023-10-31 10:00:00+01:00,62867.5075,60073.945,11.7,84.08038,28.802248,10,1,10,0,0,62562.6425,67794.3775,54851.213749999995
2023-10-31 11:00:00+01:00,63453.8675,60688.2975,12.15,75.25481,34.387066,11,1,10,0,0,63686.0775,66071.7125,54863.91645833334
2023-10-31 12:00:00+01:00,62940.5175,60495.7975,12.55,72.55899,31.956968,12,1,10,0,0,62524.0175,66068.555,54854.24104166666
2023-10-31 13:00:00+01:00,61469.945,59847.275,12.8,71.86797,31.877792,13,1,10,0,0,61906.2125,65234.595,54871.59520833334
2023-10-31 14:00:00+01:00,61018.515,58574.43,12.75,69.212036,27.532352,14,1,10,0,0,60432.08,63405.869999999995,54853.417395833334
2023-10-31 15:00:00+01:00,60061.68,56573.5125,11.7,77.78375,27.852928,15,1,10,0,0,59818.55,62441.985,54877.85218749999
2023-10-31 16:00:00+01:00,60276.7225,55832.705,11.4,80.97447,25.006397,16,1,10,0,0,59943.270000000004,62785.3075,54887.98260416667
2023-10-31 17:00:00+01:00,61889.104999999996,57361.4,11.45,80.433754,22.104116,17,1,10,0,0,62579.8825,64402.435,54901.87645833334
2023-10-31 18:00:00+01:00,62336.15,58992.1425,10.95,84.85158,20.12461,18,1,10,0,0,62992.66,63527.619999999995,54873.0940625
2023-10-31 19:00:00+01:00,60680.12,58574.244999999995,10.95,83.426125,21.605999,19,1,10,0,0,61383.61,60206.7525,54845.73947916667
2023-10-31 20:00:00+01:00,57502.5725,55107.2125,10.3,86.52614,22.862125,20,1,10,0,0,57791.3525,57535.2975,54816.427395833336
2023-10-31 21:00:00+01:00,53693.9675,51649.325,10.2,86.51622,23.042812,21,1,10,0,0,54087.8425,53677.6875,54804.394895833335
2023-10-31 22:00:00+01:00,50375.3775,49414.3225,9.15,84.36091,22.61419,22,1,10,0,0,50444.5225,49981.6075,54787.98343749999
2023-10-31 23:00:00+01:00,46569.68,45825.585,,,,23,1,10,0,0,46012.17,47581.7,54785.10239583333
